analysis_date,gene,num_seqs,num_uniq_haps,VPH,VPH_Q_1,VPH_Q_3,tree_len_internal,tree_len_terminal,mean_dnds_leaf,mean_dnds_internal,num_sites,codon_num_var_sites,codon_num_var_sites_minor,prot_num_var_sites,prot_num_var_sites_minor,num_sites_pos_fel,num_sites_neg_fel,num_sites_meme,median_branches_meme
20200413,M,7346,124,1.0,1.0,2.0,0.02381641403874469,0.11120405953858238,0.423601441748139,0.1853061742671877,222,97,18,65,7,2,1,1,2.0
20200413,N,7331,414,1.0,1.0,2.0,0.04167335257707761,0.22693066010365412,1.115974546197896,0.6251328353825534,419,242,71,199,51,8,2,7,1.0
20200413,ORF1a,5849,1679,1.0,1.0,1.0,,,,,4406,1934,565,1590,436,,,,
20200413,ORF1b,5184,928,1.0,1.0,1.0,0.015214771610914236,0.09666513477468361,0.6463542890935634,0.4797669899777158,2694,883,199,664,128,14,2,9,1.0
20200413,ORF3a,7376,290,1.0,1.0,2.0,0.04850023630487589,0.23684830606210053,0.7751347957679149,1.797833928248085,275,183,54,154,44,12,1,12,1.0
20200413,ORF6,,,,,,,,,,,,,,,,,,
20200413,ORF7a,6973,99,1.0,1.0,2.0,0.013890240055118568,0.1750026484151294,0.8139190121956914,0.5690497303338768,121,69,6,65,4,2,0,1,1.0
20200413,ORF8,7479,115,1.0,1.0,2.0,0.06121445334307618,0.21246903545769116,0.9930934331712433,1.685959231044966,121,66,16,59,15,4,0,4,2.0
20200413,S,6106,634,1.0,1.0,1.0,0.015171456775618352,0.12781364570122491,0.6683010039239706,0.3682965445911207,1274,610,129,499,101,5,0,2,1.5
20200414,M,7792,129,1.0,1.0,2.0,0.019759845738206508,0.1197929643339971,0.4230484373435077,0.2535200356824013,222,98,17,66,7,2,0,2,1.5
20200414,N,7756,430,1.0,1.0,2.0,0.046503835879319486,0.23410573656456843,0.9280934437881369,1.553629697393314,419,246,78,200,58,19,1,19,1.0
20200414,ORF1a,6270,1753,1.0,1.0,1.0,0.02273030858184475,0.11923444821145299,0.696445418570065,0.5184232198714505,4406,1958,588,1615,453,21,7,18,1.0
20200414,ORF1b,5608,988,1.0,1.0,1.0,0.01634836044700094,0.10221589715499105,0.6532784641804281,0.4621623921035803,2696,913,215,689,140,15,2,11,1.0
20200414,ORF3a,7835,302,1.0,1.0,2.0,0.05336877226273689,0.2463610035287207,0.8140192559748269,1.70709691954997,275,185,59,154,49,14,1,13,1.0
20200414,ORF6,7931,52,1.0,1.0,2.0,0.012427105367833882,0.23878369161866536,0.9208364016529647,0,63,35,3,33,4,0,1,0,nan
20200414,ORF7a,7427,103,1.0,1.0,2.0,0.022476059159704815,0.1783488433534245,0.9550309908112119,0.2242291002579035,121,72,7,82,5,0,0,0,nan
20200414,ORF8,7936,120,1.0,1.0,2.0,0.049306751963357424,2.1147922665999452,0.7956346370796433,6.022667927612861,121,72,16,119,18,10,0,9,1.0
20200414,S,6529,665,1.0,1.0,1.0,0.015394902270161893,0.13501268727819785,0.6472302810070234,0.4725392193783269,1274,622,130,508,102,18,0,6,1.0
20200415,M,8824,140,1.0,1.0,2.0,0.019765459651453616,0.1365795282599066,0.3755109208887762,0.2421396011063799,222,102,19,68,9,2,0,2,1.5
20200415,N,8782,467,1.0,1.0,2.0,0.040888914048966475,0.27187413420500617,0.9918216158650853,1.438746485280765,419,263,74,212,56,20,1,20,1.0
20200415,ORF1a,7114,1995,1.0,1.0,1.0,0.025920767621971263,0.13608523443685408,0.672707136181255,0.572900747629386,4406,2066,649,1701,496,26,7,20,1.0
20200415,ORF1b,6425,1107,1.0,1.0,1.0,0.01983286193750215,0.11366493973232467,0.6539517283644225,0.4642113857109305,2696,968,248,720,158,14,5,13,1.0
20200415,ORF3a,8851,330,1.0,1.0,2.0,0.05090371953495047,0.2857645816942584,0.7861738824769167,1.921041026696502,275,181,65,157,53,14,0,12,1.0
20200415,ORF6,8980,55,1.0,1.0,2.0,0.03693426979827209,0.232303840495981,0.9028385239990719,0.1681565201628168,63,36,5,33,9,0,1,0,nan
20200415,ORF7a,8376,106,1.0,1.0,2.0,0.013891683542167622,0.19515712857326517,0.8607625814311837,0.5544329518510874,121,74,7,82,5,2,0,1,1.0
20200415,ORF8,8986,130,1.0,1.0,2.0,0.035284628375099034,1.9973946216257554,0.9309504667868597,1.926518146617406,121,77,18,119,19,4,0,4,1.0
20200415,S,7356,716,1.0,1.0,1.0,0.017523350034972993,0.14738715519552217,0.6587389844848834,0.4575354156873818,1274,638,148,521,109,7,0,4,1.5
20200412,M,6054,99,1.0,1.0,2.0,0.018198990055254657,0.10463933691436636,0.3839849675645869,0.2945673006815026,222,79,13,52,5,2,0,2,1.5
20200412,N,6066,334,1.0,1.0,2.0,0.035293723834925225,0.19814153948258004,1.007630584005969,1.21083334887888,419,212,61,170,45,16,1,16,1.0
20200412,ORF1a,5015,1405,1.0,1.0,1.0,0.01845071222487006,0.10348101334533061,0.6751225106586226,0.5576833365866026,4406,1750,484,1443,378,20,1,16,1.0
20200412,ORF1b,4681,804,1.0,1.0,1.0,0.012713791039805682,0.08812600891867747,0.6860815348492759,0.5004997319562591,2694,791,171,567,103,17,1,11,1.0
20200412,ORF3a,6082,224,1.0,1.0,2.0,0.02917122422296616,0.2195949332414298,0.8305575328896903,1.462363963094601,275,165,34,137,27,8,0,7,1.0
20200412,ORF6,6180,36,1.0,1.0,2.0,0.012482696177743308,0.20542591312399824,1.021536100890612,0,63,28,3,28,4,0,1,0,nan
20200412,ORF7a,5734,74,1.0,1.0,2.0,0.011321706380440033,0.15537720357503104,0.9280079941546825,0.1238056601190336,121,58,4,56,1,0,0,0,nan
20200412,ORF8,6167,93,1.0,1.0,2.0,0.03346448000980592,0.21546454642090995,0.8918452039270199,1.865190045058322,121,62,12,51,13,4,0,4,1.0
20200412,S,5388,545,1.0,1.0,2.0,0.014070342208512002,0.11971423800176641,0.6262939516156586,0.4687259316091186,1274,563,104,461,81,14,0,5,1.0
20200423,M,,,,,,,,,,,,,,,,,,
20200423,N,,,,,,,,,,,,,,,,,,
20200423,ORF1a,,,,,,,,,,,,,,,,,,
20200423,ORF1b,,,,,,,,,,,,,,,,,,
20200423,ORF3a,,,,,,,,,,,,,,,,,,
20200423,ORF6,,,,,,,,,,,,,,,,,,
20200423,ORF7a,,,,,,,,,,,,,,,,,,
20200423,ORF8,,,,,,,,,,,,,,,,,,
20200423,S,,,,,,,,,,,,,,,,,,
20200502,M,8913,236,1.0,1.0,2.0,0.03495030814379861,0.22561013488115939,0.5156253834697733,0.1512297238183203,234,142,35,110,28,1,0,1,2.0
20200502,N,7966,726,1.0,1.0,2.0,0.07772592057214255,0.41137231973659577,1.090156668562507,0.7878984951110802,419,314,137,264,101,20,2,16,1.0
20200502,ORF1a,85,50,1.0,1.0,1.0,0.0007610481504836679,0.004405045853238981,1.097170869597074,0.6844302109195742,4405,71,10,59,11,3,0,2,1.0
20200502,ORF1b,4890,1828,1.0,1.0,1.0,,,,,2696,1301,425,938,271,,,,
20200502,ORF3a,2807,534,1.0,1.0,1.0,0.06296948781508784,0.4826874877742122,0.9964779874234498,2.242724513938597,276,236,100,210,82,22,2,17,1.0
20200502,ORF6,8505,82,1.0,1.0,2.0,0.029164817503323965,0.35006683111753173,0.7398367883616496,0.2210123415972746,63,45,6,41,4,0,1,0,nan
20200502,ORF7a,7498,170,1.0,1.0,2.0,0.030758332031417628,0.3350261210098338,1.041765452881996,0.2891667782666155,121,97,15,95,10,0,0,0,nan
20200502,ORF8,8511,194,1.0,1.0,2.0,0.05321822295657626,1.7221571724705518,1.167924817341915,0.7645090556646695,121,86,21,118,20,2,0,2,0.5
20200502,S,4552,1103,1.0,1.0,1.0,0.03156513150966898,0.22162352527554322,0.6209801429504043,0.4980330388017142,1274,769,239,609,163,10,2,7,2.0
20200331,M,2553,35,1.0,1.0,3.0,0.007559532430891336,0.05301784439596413,0.3460915062432411,0.3055593426831544,222,37,5,20,2,2,0,2,1.0
20200331,N,2593,154,1.0,1.0,3.0,0.02103970225120385,0.14963232668638832,1.080202970929271,0.4933826884353086,419,140,32,122,33,2,0,1,1.0
20200331,ORF1a,2037,585,1.0,1.0,2.0,0.009557948658990251,0.056069330732248575,0.7680971685984024,0.4057615274380393,4406,664,136,1070,258,9,4,8,1.5
20200331,ORF1b,1788,289,1.0,1.0,2.0,0.006148791202792996,0.03892473432452477,0.7271811092251579,0.2740288131940707,2694,307,60,323,33,4,0,2,1.0
20200331,ORF3a,1951,98,1.0,1.0,2.5,0.01286747050898058,0.14567807651488732,0.6045307412826413,3.188459006821368,275,91,11,143,26,9,0,8,1.0
20200331,ORF6,2662,18,1.0,1.0,1.5,0.017436048837958667,0.10769831859468244,0.9484955109732823,0.5158630796587409,61,18,3,16,4,0,0,0,nan
20200331,ORF7a,2536,35,1.0,1.0,2.0,0.008711438604432619,0.10890999392437468,1.290923477962858,0,121,32,3,35,1,0,0,0,nan
20200331,ORF8,2653,38,1.0,1.0,2.0,0.023557358392277128,0.0970370351900006,0.954874389216395,15.9643874048334,121,31,8,33,10,7,0,7,1.0
20200331,S,1882,254,1.0,1.0,2.0,0.015301715470456534,0.07447366616813965,0.7652320213031941,0.326509154942705,1275,240,51,306,88,3,1,7,1.0
20200504,M,15421,237,1.0,1.0,2.0,0.027401362236149817,0.23357161403240026,0.4099280784023932,0.1526187918315566,234,142,36,110,27,1,0,1,1.0
20200504,N,15125,733,1.0,1.0,2.0,0.07532751989620352,0.41446826458796987,0.9781400365515772,1.342898919550349,419,315,137,265,100,27,2,17,1.0
20200504,ORF1a,12302,3355,1.0,1.0,1.0,0.0467750132601435,0.223896258850863,0.6724985661817209,0.6119898644551797,4406,2577,991,2063,708,51,17,48,2.0
20200504,ORF1b,11548,1859,1.0,1.0,1.0,0.03405309448232206,0.18700647747074278,0.6234005169102772,0.4860968036529733,2696,1342,438,977,281,22,6,22,1.0
20200504,ORF3a,15330,542,1.0,1.0,2.0,0.05933209171259943,0.49036098327175665,0.9322040426868463,2.401038177977114,276,239,103,215,84,22,2,17,1.0
20200504,ORF6,15709,82,1.0,1.0,2.0,0.029166245080068175,0.3501271585491246,0.7384313301865532,0.2209692202923595,63,45,6,41,4,0,1,0,nan
20200504,ORF7a,14474,174,1.0,1.0,2.0,0.046903092204481654,0.32698837937370745,1.235431682774071,0.2709872118759682,121,98,19,97,23,0,0,1,1.0
20200504,ORF8,15710,196,1.0,1.0,2.0,0.061756652678362105,1.7697345007243774,1.259849894990515,0.6366561592322995,121,86,23,118,20,1,0,1,0.0
20200504,S,12710,1137,1.0,1.0,2.0,0.033747447034241804,0.22173410050516837,0.6715952931195858,0.430323202952928,1274,783,248,624,173,11,1,8,2.0
20200503,M,15421,237,1.0,1.0,2.0,0.027401362236149817,0.23357161403240026,0.4099280784023932,0.1526187918315566,234,142,36,110,27,1,0,1,1.0
20200503,N,15125,733,1.0,1.0,2.0,0.07532751989620352,0.41446826458796987,0.9781400365515772,1.342898919550349,419,315,137,265,100,27,2,17,1.0
20200503,ORF1a,12302,3355,1.0,1.0,1.0,0.0467750132601435,0.223896258850863,0.6724985661817209,0.6119898644551797,4406,2577,991,2063,708,51,17,48,2.0
20200503,ORF1b,11548,1859,1.0,1.0,1.0,0.03405309448232206,0.18700647747074278,0.6234005169102772,0.4860968036529733,2696,1342,438,977,281,22,6,22,1.0
20200503,ORF3a,15330,542,1.0,1.0,2.0,0.05933209171259943,0.49036098327175665,0.9322040426868463,2.401038177977114,276,239,103,215,84,22,2,17,1.0
20200503,ORF6,15709,82,1.0,1.0,2.0,0.029166245080068175,0.3501271585491246,0.7384313301865532,0.2209692202923595,63,45,6,41,4,0,1,0,nan
20200503,ORF7a,14474,174,1.0,1.0,2.0,0.046903092204481654,0.32698837937370745,1.235431682774071,0.2709872118759682,121,98,19,97,23,0,0,1,1.0
20200503,ORF8,15710,196,1.0,1.0,2.0,0.061756652678362105,1.7697345007243774,1.259849894990515,0.6366561592322995,121,86,23,118,20,1,0,1,0.0
20200503,S,12710,1137,1.0,1.0,2.0,0.033747447034241804,0.22173410050516837,0.6715952931195858,0.430323202952928,1274,783,248,624,173,11,1,8,2.0
20200330,M,2326,35,1.0,1.0,5.0,0.007568268522541067,0.053046612962508496,0.3455308047535293,0.3049806064873248,222,37,5,20,2,2,0,2,1.0
20200330,N,2331,146,1.0,1.0,2.0,0.019485894312860932,0.1455931983084079,1.05528226511264,0.4937229358117185,419,136,29,120,31,2,0,1,1.0
20200330,ORF1a,1813,546,1.0,1.0,2.0,0.009480555884107126,0.05224147782640532,0.8136529079043116,0.4128278383482148,4406,637,130,1052,251,6,5,5,1.0
20200330,ORF1b,1928,350,1.0,1.0,2.0,0.006755166883851619,0.047379419497207045,0.7355682873644454,0.3735821892515125,2694,363,68,374,40,4,0,4,1.0
20200330,ORF3a,1832,92,1.0,1.0,2.5,0.013181816141322111,0.13792295119512896,0.627837897091489,3.283060718379723,275,85,12,142,26,8,0,8,1.0
20200330,ORF6,2439,16,1.0,1.0,5.5,0.017440536964807588,0.09580027646838747,1.168805285201663,0.5095530276618963,61,16,3,15,4,0,1,0,nan
20200330,ORF7a,2316,33,1.0,1.0,2.0,0.005809675176726919,0.10622721777162812,1.226425408290812,0,121,30,2,34,1,0,0,0,nan
20200330,ORF8,2429,33,2.0,1.0,2.0,0.02509848447444026,0.0815924455729397,1.033544129600115,2.673913445805914,121,28,6,30,8,3,0,2,1.0
20200330,S,1807,231,1.0,1.0,2.0,0.01259750066675989,0.06498955380811866,0.7342876417335278,0.3670684334260109,1274,221,46,295,70,4,1,6,1.0
20200324,M,,,,,,0.004556034284795474,0.039575691335069184,0.3267921993988442,0.2227584013850863,222,27,3,22,1,1,0,1,1.0
20200324,N,,,,,,0.011215500356971162,0.09903660702281633,1.032481518700481,0.4366065844693532,419,98,16,92,11,0,1,1,1.0
20200324,ORF1a,,,,,,0.0154456194557875,0.0635469730909377,0.7307802358547001,0.4811071776663522,4458,670,159,3172,1769,15,10,26,1.0
20200324,ORF1b,,,,,,0.016102944204669997,0.04785361862257785,0.7442297332630722,0.9427603077052731,2720,293,74,1138,450,11,6,19,1.0
20200324,ORF3a,,,,,,0.006032714614071486,0.080428990481729,0.8402044868579484,28.61890123042418,275,54,6,92,12,5,0,5,1.0
20200324,ORF6,,,,,,0.006671730862667312,0.03334864233353516,1.107767182897057,0,61,6,1,5,0,0,1,0,nan
20200324,ORF7a,,,,,,0.002736634213318111,0.05124333009805713,0.6066583351141231,26.3861613643815,121,17,1,22,1,1,0,1,1.0
20200324,ORF8,,,,,,0.013984056845486948,0.04472493220342471,1.201750355443556,1.578275226978557,121,17,3,15,3,1,0,1,1.0
20200324,S,,,,,,0.012007496431532405,0.05819823002339707,0.6225342671020704,0.7651265638881584,1274,192,38,554,205,6,0,8,1.0
20200323,M,,,,,,0.003074076669656708,0.035001795910353205,0.4029390193696381,0,222,24,2,21,0,0,0,0,nan
20200323,N,,,,,,0.011212881914630074,0.09500648457370375,0.9919409760711952,0.4274097801034862,419,94,15,89,10,0,1,1,1.0
20200323,ORF1a,,,,,,0.013521726960495365,0.0606099640590555,0.7384375095138289,0.5195097457095842,4459,636,142,2936,1578,12,11,23,1.0
20200323,ORF1b,,,,,,0.010741121130352608,0.040154824443411265,0.697483180144141,0.9583986907388705,2720,263,62,1067,419,13,4,15,1.0
20200323,ORF3a,,,,,,0.006517292100803983,0.07490768228186406,0.9146612872413259,0.5206450615928364,275,51,5,82,6,1,0,2,1.0
20200323,ORF6,,,,,,0.006671730849958196,0.033348646171035334,1.107767143541286,0,61,6,1,5,0,0,1,0,nan
20200323,ORF7a,,,,,,0.002889144046959981,0.04833280904440185,0.6871043314061603,0,121,16,0,21,0,0,0,0,nan
20200323,ORF8,,,,,,0.013978053373043328,0.044725012079170276,1.201750611943745,1.578288299512167,121,17,3,15,3,1,0,1,1.0
20200323,S,,,,,,0.010507477757814937,0.0533152994308505,0.7129543866413847,0.4030268009135908,1273,179,33,535,196,4,0,6,1.0
20200322,M,,,,,,,,,,,,,,,,,,
20200322,N,,,,,,,,,,,,,,,,,,
20200322,ORF1a,,,,,,,,,,,,,,,,,,
20200322,ORF1b,,,,,,,,,,,,,,,,,,
20200322,ORF3a,,,,,,0.00482901319617775,0.07555695704343375,0.7746775758323655,24.84423128635674,276,51,5,82,7,,,4,1.0
20200322,ORF6,,,,,,,,,,,,,,,,,,
20200322,ORF7a,,,,,,,,,,,,,,,,,,
20200322,ORF8,,,,,,,,,,,,,,,,,,
20200322,S,,,,,,0.00924642622248591,0.044805596763271005,0.6979235017839318,0.4793064630656966,1273,158,33,497,185,,,6,1.0
20200325,M,1519,28,1.0,1.0,3.5,0.004510636724364386,0.03478901499221628,0.3041952031191396,0.9565058445367686,222,26,2,11,1,2,0,2,1.0
20200325,N,1528,101,1.0,1.0,2.0,0.008816736083635151,0.10623774179503295,1.194152837522813,0.2505873988968154,419,108,15,85,8,0,0,0,nan
20200325,ORF1a,1293,392,1.0,1.0,1.0,0.005647946665671581,0.03888126321252844,0.7762404807897304,0.5324844328907336,4406,1041,222,911,190,8,0,5,1.0
20200325,ORF1b,1294,250,1.0,1.0,1.0,0.004880691668697737,0.030598814525963334,0.7658712738342396,0.3442915582625642,2694,305,46,267,23,4,0,3,1.0
20200325,ORF3a,1516,60,1.0,1.0,1.5,0.008499485551262785,0.060266766386011264,0.6653091580212809,1.885007698586802,275,54,7,55,5,5,0,5,1.0
20200325,ORF6,1556,9,1.0,1.0,7.0,0.007203555272364047,0.0350759491123143,0.4313574837278494,0,61,8,1,4,0,0,1,0,nan
20200325,ORF7a,1511,21,1.0,1.0,1.0,0,0.047168510503704436,0.7050323515721955,,,,,,,0,0,,
20200325,ORF8,1552,24,1.0,1.0,1.5,0.006708658632560405,0.06038406317045888,1.004675225231944,31.80088396443461,121,22,2,19,2,2,0,2,1.0
20200325,S,1351,155,1.0,1.0,2.0,0.004245717760944161,0.04238133298720134,0.7175283243575431,0.4652864762866306,1274,297,27,245,20,5,0,2,1.5
20200401,M,2683,36,1.5,1.0,3.5,0.007560793143179014,0.05605876126026545,0.3816719077577965,0.2971307263656254,222,38,5,23,2,2,0,2,1.0
20200401,N,2735,156,1.0,1.0,3.0,0.021132997181075287,0.15118007132446493,1.074192944976055,0.4919764069389046,419,142,31,123,32,2,0,1,1.0
20200401,ORF1a,2092,618,1.0,1.0,2.0,0.009995204596191874,0.05896966356440339,0.7401050730230027,0.5093297926354539,4406,693,147,1085,271,11,2,9,1.0
20200401,ORF1b,2201,397,1.0,1.0,2.0,0.007511753985043586,0.05285675692154999,0.7020447572342926,0.3333624089728556,2694,398,76,395,44,4,0,4,1.0
20200401,ORF3a,2051,106,1.0,1.0,2.0,0.01212859628286963,0.15624190754033157,0.6164443817819825,3.03403645566575,275,97,15,147,26,9,0,8,1.0
20200401,ORF6,2802,19,1.0,1.0,2.0,0.01746434514415684,0.11315760661069021,1.029606887485873,0.5268930081861972,61,19,3,17,4,0,0,0,nan
20200401,ORF7a,2715,35,1.0,1.0,2.0,0.005803372676720372,0.11183612171390868,1.155167111172091,0,121,32,2,35,1,1,0,0,nan
20200401,ORF8,2792,38,1.0,1.0,2.0,0.02350243804735083,0.09711515604193129,0.9543462171355033,17.57245441541799,121,31,8,33,10,7,0,7,1.0
20200401,S,1970,264,1.0,1.0,2.0,0.014246589121648917,0.07840974395776484,0.764057488013658,0.3342478402393614,1275,245,51,309,87,3,1,6,1.0
20200406,M,3940,67,1.0,1.0,2.0,0.009036811624819658,0.06958066695860025,0.290742657587843,0.9094338622458091,222,57,7,30,4,3,0,3,1.0
20200406,N,3953,211,1.0,1.0,2.0,0.022419721761230246,0.17445449135983193,1.088969069646881,0.8283274716268392,419,168,35,139,26,7,0,3,1.0
20200406,ORF1a,3317,924,1.0,1.0,1.0,0.013796131433217606,0.07400316726172206,0.7372771963329585,0.6207073838889318,4406,1054,237,1228,288,17,2,13,1.0
20200406,ORF1b,3319,562,1.0,1.0,1.0,0.008989903133283286,0.0681142386569189,0.7037438839649455,0.4135527009025503,2694,643,110,459,59,8,0,7,1.0
20200406,ORF3a,3954,148,1.0,1.0,2.0,0.01569494503414706,0.13500436524633302,0.6962891834159999,4.200689047393587,275,109,19,94,15,10,0,10,1.0
20200406,ORF6,4034,27,1.0,1.0,2.0,0.012502954265399034,0.14502997420525424,1.753150974340745,0,63,24,1,23,2,0,1,0,nan
20200406,ORF7a,3842,54,1.0,1.0,1.5,0.002886150524393445,0.12503616683773702,0.8446249891601536,0,121,47,1,47,0,0,0,0,nan
20200406,ORF8,4022,57,1.0,1.0,2.0,0.023296677042884163,0.12186120988732738,0.942934456228097,31.41508197487813,121,38,8,33,10,7,0,7,1.0
20200406,S,3488,356,1.0,1.0,2.0,0.009602518300730344,0.0857146238774616,0.7396602237784682,0.2857565435223912,1275,465,66,375,48,3,0,2,1.5
20200408,M,4327,71,1.0,1.0,2.0,0.010535049548980237,0.06961101072263362,0.28626391585453,1.124525255066483,222,59,8,32,5,3,0,3,1.0
20200408,N,4334,228,1.0,1.0,2.0,0.022418991963476236,0.18580421834629413,0.9380978433950076,1.397500833174238,419,179,38,144,28,9,0,9,1.0
20200408,ORF1a,3617,1010,1.0,1.0,1.0,0.01487269391263702,0.08064169886433559,0.7126848428404173,0.5679119740825063,4406,1521,393,1259,306,15,5,12,1.0
20200408,ORF1b,3592,609,1.0,1.0,1.0,0.0096238868508249,0.07396439220026893,0.7032869965217149,0.3957038109909277,2694,676,121,482,65,9,1,6,1.0
20200408,ORF3a,4344,165,1.0,1.0,2.0,0.024306849504792814,0.14336483485758114,0.7884256131669003,1.505250845766884,275,130,21,102,16,9,0,9,1.0
20200408,ORF6,4428,28,1.0,1.0,2.0,0.006244266116520736,0.1566375000465871,1.476596422630229,0,63,25,1,24,2,0,0,0,nan
20200408,ORF7a,4162,58,1.0,1.0,1.0,0.008489613460941774,0.13064410414936753,0.8148123893878232,0.1911441104260967,121,48,3,47,1,1,0,0,nan
20200408,ORF8,4415,62,1.0,1.0,2.0,0.02613423308765904,0.13341840420252024,0.7162995906046997,28.11102835237596,121,42,8,35,10,7,0,7,1.0
20200408,S,3852,388,1.0,1.0,2.0,0.011220556777204868,0.09177661234997507,0.7324107630719966,0.2676832957937817,1274,480,80,384,56,2,1,2,1.5
20200409,M,4442,73,1.0,1.0,2.0,,,,,222,60,8,33,5,,,,
20200409,N,4451,235,1.0,1.0,2.0,,,,,419,183,40,146,31,,,,
20200409,ORF1a,3708,1033,1.0,1.0,1.0,,,,,4406,1532,395,1269,307,,,,
20200409,ORF1b,3696,633,1.0,1.0,1.0,,,,,2694,693,130,494,72,,,,
20200409,ORF3a,4459,166,1.0,1.0,2.0,,,,,275,131,22,102,17,,,,
20200409,ORF6,4542,28,1.0,1.0,2.0,,,,,63,25,1,24,2,,,,
20200409,ORF7a,4277,58,1.0,1.0,1.5,,,,,121,48,3,47,1,,,,
20200409,ORF8,4534,65,1.0,1.0,2.0,,,,,121,43,8,37,10,,,,
20200409,S,3959,396,1.0,1.0,2.0,,,,,1274,485,80,387,56,,,,
20200407,M,4091,70,1.0,1.0,2.0,0.00903864283420235,0.07111240190297312,0.3022079027294084,0.8954871144871002,222,59,7,32,4,3,0,3,1.0
20200407,N,4100,220,1.0,1.0,2.0,0.02081178652383633,0.1809044048683899,0.946239392756951,1.247941840172051,419,177,36,142,26,7,0,7,1.0
20200407,ORF1a,3399,951,1.0,1.0,1.0,0.013797827383661216,0.07621373223306656,0.7253209305469904,0.6108591571970095,4406,1073,244,1237,292,15,2,12,1.0
20200407,ORF1b,3370,574,1.0,1.0,1.0,0.009245199858320919,0.06933369973390881,0.7226637938185303,0.4093363410558116,2694,651,113,466,59,8,0,7,1.0
20200407,ORF3a,4109,154,1.0,1.0,2.0,0.01808452715195689,0.13737578956394386,0.7198825003016057,4.983200662565455,275,112,20,97,16,12,0,12,1.0
20200407,ORF6,4193,27,1.0,1.0,2.0,0.012498538629195612,0.14513237226907333,1.751595111243335,0,63,24,1,23,2,0,1,0,nan
20200407,ORF7a,3929,55,1.0,1.0,1.5,0.002885355408358808,0.12783986834391897,0.8588122016563401,0,121,47,1,47,0,0,0,0,nan
20200407,ORF8,4179,59,1.0,1.0,2.0,0.023318817037721644,0.12755957016223102,0.8915089812818235,29.3891341703519,121,40,8,35,10,7,0,7,1.0
20200407,S,3634,367,1.0,1.0,2.0,0.009058033891085594,0.08833913578503305,0.73162970528019,0.3528463354450133,1275,473,69,382,49,3,0,2,2.0
20200421,M,10418,168,1.0,1.0,2.0,0.02433184686267945,0.16392880156358328,0.3813404964935989,0.2434389639069393,222,110,23,73,12,3,0,2,1.0
20200421,N,10219,539,1.0,1.0,2.0,0.04971574826476215,0.3208533757308851,1.039894389743854,1.213789251695398,419,282,91,234,68,20,1,18,1.0
20200421,ORF1a,8510,2402,1.0,1.0,1.0,0.032102349088893964,0.1630232604057703,0.6909781404190255,0.5746344670322533,4406,2209,752,1819,571,34,12,27,1.0
20200421,ORF1b,7869,1308,1.0,1.0,1.0,0.023562102530232915,0.13325184086628028,0.6092190270761597,0.4955051988055562,2696,1049,307,775,207,20,4,14,1.0
20200421,ORF3a,10437,378,1.0,1.0,2.0,0.053170361911050006,0.34436715711100035,0.7940354557894383,3.034203021872095,275,205,75,171,63,27,2,18,1.0
20200421,ORF6,10584,60,1.0,1.0,2.0,0.03692544872778218,0.2663494431357062,0.7993027884164837,0.1641261954544416,63,39,5,36,9,0,1,0,nan
20200421,ORF7a,9962,124,1.0,1.0,2.0,0.022462284697634973,0.23064364211868565,1.048524043071757,0.2261804769247135,121,81,9,88,5,0,0,0,nan
20200421,ORF8,10593,148,1.0,1.0,2.0,0.05990017281643618,1.99375412196345,1.198680927049529,1.169641020318327,121,81,20,118,18,4,0,4,2.0
20200421,S,8580,819,1.0,1.0,1.0,0.021733661684988744,0.16814509584037923,0.6206949451149509,0.528669788149796,1274,674,168,549,123,17,0,6,1.5
20200417,M,,,,,,,,,,,,,,,,,,
20200417,N,,,,,,,,,,,,,,,,,,
20200417,ORF1a,,,,,,,,,,,,,,,,,,
20200417,ORF1b,,,,,,,,,,,,,,,,,,
20200417,ORF3a,,,,,,,,,,,,,,,,,,
20200417,ORF6,,,,,,,,,,,,,,,,,,
20200417,ORF7a,,,,,,,,,,,,,,,,,,
20200417,ORF8,,,,,,,,,,,,,,,,,,
20200417,S,,,,,,,,,,,,,,,,,,
20200410,M,5182,87,1.0,1.0,2.0,0.01356613642672919,0.08330816276649375,0.3156861479111865,0.883966000016839,222,69,9,40,5,4,0,4,1.0
20200410,N,5197,291,1.0,1.0,2.0,0.03205586494558284,0.21094562664239627,1.050808516270391,1.273732627479117,419,206,52,166,40,15,0,15,1.0
20200410,ORF1a,4283,1227,1.0,1.0,1.0,0.016251670537724014,0.09435598614984504,0.7113241083956983,0.5354003462792509,4406,1662,449,1360,344,16,5,12,1.0
20200410,ORF1b,4019,707,1.0,1.0,1.0,0.010605012031720963,0.08215303463960524,0.6975117092188403,0.4612071678565706,2694,757,145,544,83,20,1,8,1.0
20200410,ORF3a,5216,206,1.0,1.0,2.0,0.02188902377469031,0.1859403387609611,0.8717369292527231,1.360816068833209,275,152,28,127,20,5,0,5,1.0
20200410,ORF6,5309,33,1.0,1.0,2.0,0.012641073787984151,0.17541355375923445,1.085997431787569,0,63,26,2,24,2,0,1,0,nan
20200410,ORF7a,4874,68,1.0,1.0,2.0,0.0055981477336443965,0.1500633775622293,0.8132965897345249,0.3758049798136676,121,54,3,54,1,1,0,1,1.0
20200410,ORF8,5295,75,1.0,1.0,2.0,0.027787152332979938,0.16214640861693413,1.002585698978063,3.314700670356972,121,52,10,45,11,6,0,5,1.0
20200410,S,4604,464,1.0,1.0,2.0,0.011429344908771066,0.10449862754923533,0.7091890596986012,0.4127874740356257,1274,523,89,429,69,4,0,4,1.5
20200418,M,9821,158,1.0,1.0,2.0,0.022784580608137876,0.15782519560102334,0.3600851312347336,0.2000977582009979,222,109,21,72,10,2,0,2,1.5
20200418,N,9621,515,1.0,1.0,2.0,0.05293678790579905,0.3001425874547837,1.020971480484307,1.448258735189509,419,272,88,229,64,22,1,21,1.0
20200418,ORF1a,7989,2245,1.0,1.0,1.0,0.03155521570561933,0.15233920411613922,0.6898288630672179,0.587006384807124,4406,2143,715,1766,543,32,16,27,1.0
20200418,ORF1b,7327,1235,1.0,1.0,1.0,0.022067608389267735,0.12635787571658397,0.6314329431841837,0.4769725337937599,2696,1021,288,760,189,12,4,11,1.0
20200418,ORF3a,9832,366,1.0,1.0,2.0,0.048406864446021526,0.33661969383179324,0.8805399394406047,2.219827428301908,275,193,71,168,59,17,2,13,1.0
20200418,ORF6,9976,59,1.0,1.0,2.0,0.036864880604850984,0.26000220516270856,0.8701527674319309,0.1651254276577033,63,39,5,36,9,0,1,0,nan
20200418,ORF7a,9372,117,1.0,1.0,2.0,0.01660919602992735,0.21987784513621605,0.9334011298945134,0.7682274183854219,121,79,8,87,6,2,0,2,1.0
20200418,ORF8,9989,142,1.0,1.0,2.0,0.04904175707508159,2.2924965334780487,1.01510653215193,2.765094238761773,121,78,19,118,19,7,0,7,1.0
20200418,S,8013,783,1.0,1.0,1.0,0.019903980412814166,0.15961439088496765,0.6450178056959129,0.4778909260076135,1274,659,167,538,121,7,0,4,1.5
20200427,M,11760,184,1.0,1.0,2.0,0.022818791451145466,0.18521506225394022,0.4140870653505789,0.1445902770627996,222,112,27,88,12,2,0,2,1.0
20200427,N,11570,579,1.0,1.0,2.0,0.06493184395551903,0.3319300578628058,1.009644800572139,1.322450483119134,419,288,107,239,81,25,1,16,1.0
20200427,ORF1a,9694,2638,1.0,1.0,1.0,0.034219256659014076,0.18228434839800386,0.6862677785763207,0.6048495994510862,4406,2301,800,1885,607,33,7,26,2.0
20200427,ORF1b,9007,1451,1.0,1.0,1.0,0.025548184774850165,0.1487732144063789,0.6281125136718562,0.4965296254960276,2696,1156,330,876,226,21,5,16,2.0
20200427,ORF3a,11728,414,1.0,1.0,2.0,0.0508727176902089,0.3879357218244014,0.8903168675008103,1.981646427946078,275,215,80,182,66,17,2,15,1.0
20200427,ORF6,11962,65,1.0,1.0,2.0,0.02970615490467777,0.2808705805344085,0.8726199807674296,0.0818996902448444,63,39,5,35,3,0,2,0,nan
20200427,ORF7a,11275,134,1.0,1.0,2.0,0.030981459485938206,0.2502798249688919,1.000291731932328,0.207154912590548,121,84,10,88,7,0,0,0,nan
20200427,ORF8,11974,161,1.0,1.0,2.0,0.04437283271554331,1.9138708677799352,1.110250925886294,2.419384499388218,121,83,17,118,17,6,0,6,1.0
20200427,S,9761,896,1.0,1.0,1.0,0.02467458627453748,0.1827669206334489,0.6087372574510979,0.5019396164513066,1274,704,182,577,133,8,1,5,2.0
20200508,M,,,,,,,,,,,,,,,,,,
20200508,N,,,,,,,,,,,,,,,,,,
20200508,ORF1a,,,,,,,,,,,,,,,,,,
20200508,ORF1b,,,,,,,,,,,,,,,,,,
20200508,ORF3a,,,,,,,,,,,,,,,,,,
20200508,ORF6,,,,,,,,,,,,,,,,,,
20200508,ORF7a,,,,,,,,,,,,,,,,,,
20200508,ORF8,,,,,,,,,,,,,,,,,,
20200508,S,,,,,,,,,,,,,,,,,,
20200501,M,8808,232,1.0,1.0,2.0,0.025828915907248257,0.22769223448647133,0.3831720508881616,0.2809848746591335,234,140,34,109,27,3,0,1,2.0
20200501,N,7889,714,1.0,1.0,2.0,0.07371442977215592,0.40564033032256025,0.956877379926713,1.299541073799086,419,312,129,262,96,26,1,17,1.0
20200501,ORF1a,6499,3242,1.0,1.0,1.0,,,,,4406,2214,816,1993,683,46,19,,
20200501,ORF1b,4773,1792,1.0,1.0,1.0,0.03353561334215339,0.17805505980231706,0.6218945385952066,0.4912847681515704,2696,1280,416,917,265,20,8,19,1.0
20200501,ORF3a,2766,525,1.0,1.0,2.0,0.07147477927056076,0.4621067893759553,0.9672197771063872,2.22172978431328,276,235,100,210,82,20,2,17,1.0
20200501,ORF6,8415,82,1.0,1.0,2.0,0.035285666805449964,0.34386162283504873,0.7824661978673915,0.1657495367326185,63,45,6,41,4,0,2,0,nan
20200501,ORF7a,7422,169,1.0,1.0,2.0,0.030921814831417687,0.3321541741661482,1.063582357538328,0.1957819545413044,121,97,16,95,10,0,0,0,nan
20200501,ORF8,8422,191,1.0,1.0,2.0,0.07012033860286276,1.6003146993231347,1.367360817476363,0.6408958089491329,121,84,21,118,19,2,0,2,1.5
20200501,S,4481,1085,1.0,1.0,1.0,0.03258165871419227,0.21584765406074227,0.6101195411638967,0.5599555301250039,1274,764,238,606,162,12,1,9,2.0
20200507,M,16347,258,1.0,1.0,3.0,0.06395621130900093,0.2163785674592832,0.6428881652848808,0.1274788057816685,234,149,63,115,43,0,5,0,nan
20200507,N,16025,774,1.0,1.0,2.0,0.1058607136143904,0.4080055869005567,1.170621677850157,0.7373441446725116,419,318,153,270,112,18,7,7,2.0
20200507,ORF1a,12997,3615,1.0,1.0,1.0,0.06330151595902567,0.23848503251418024,0.6673769287705166,0.671145039934769,4406,2683,1062,2160,757,64,29,57,2.0
20200507,ORF1b,12194,1992,1.0,1.0,1.5,0.04846425719236926,0.1867986561792182,0.6106561019386415,0.5449989950120512,2698,1409,477,1037,309,26,17,22,1.5
20200507,ORF3a,16253,580,1.0,1.0,2.0,0.12349550609697127,0.46802972779948837,1.318580532118925,0.7660223186455775,276,244,120,222,98,4,2,4,2.0
20200507,ORF6,16705,87,1.0,1.0,2.0,0.054203380318032214,0.3365381667231711,0.9496339115716964,0.0902002368948961,63,45,12,42,8,0,3,0,nan
20200507,ORF7a,15315,182,1.0,1.0,2.0,0.05052462956026199,0.3220968611843334,1.313138255372994,0.2174594940129258,121,99,28,97,20,0,1,0,nan
20200507,ORF8,16686,213,1.0,1.0,2.0,0.0901895006720795,1.6029498772031054,1.623839925420471,0.4635278053996469,121,90,32,118,25,3,0,3,0.0
20200507,S,13432,1239,1.0,1.0,2.0,0.06470424492234957,0.20350582025966157,0.7734087729918373,0.4281803512442933,1274,827,276,671,197,6,11,3,2.0
20200327,M,1888,31,1.0,1.0,4.0,0.006043580222513973,0.04848102156972646,0.3559379859218307,0.4551146122355089,222,33,4,19,2,2,0,2,1.0
20200327,N,1894,119,1.0,1.0,2.0,0.01379125765294823,0.12542273022986403,1.215543471998571,0.3741087111404283,419,119,23,105,24,0,1,1,1.0
20200327,ORF1a,1518,466,1.0,1.0,2.0,0.008250550813083603,0.0468504750455227,0.7940689652877364,0.4604055213972618,4406,577,115,995,236,5,4,4,1.0
20200327,ORF1b,1593,286,1.0,1.0,2.0,0.006016300141322935,0.039688688624729344,0.700789961521268,0.3082907248077587,2694,308,58,323,31,4,0,4,1.0
20200327,ORF3a,1415,71,1.0,1.0,2.0,0.010918129917927623,0.09937256987784113,0.5525889325338895,2.474728234768869,275,65,13,96,15,7,0,7,1.0
20200327,ORF6,1989,10,1.0,1.0,5.5,0.007004506287475698,0.06873234781322729,1.074346074636133,0,61,11,2,10,2,0,1,0,nan
20200327,ORF7a,1897,25,1.0,1.0,1.0,0.002737721971980572,0.07313667957950354,0.9351217386142358,28.40817020623548,121,24,1,27,1,1,0,1,1.0
20200327,ORF8,1971,27,2.0,1.0,2.5,0.01955380059184359,0.07056596364750317,0.8485418051051702,2.05949611842665,121,23,5,25,7,2,0,2,1.0
20200327,S,1446,188,1.0,1.0,2.0,0.009813882741407563,0.05556077411592365,0.8091241442328091,0.3570419363368181,1274,190,38,279,56,2,0,5,1.0
20200329,M,2156,33,1.0,1.0,4.0,0.0060388920390461315,0.051470330977545886,0.3735277320528969,0.4705164185671951,222,35,4,20,2,2,0,2,1.0
20200329,N,2152,138,1.0,1.0,2.0,0.01875068874701566,0.13990469209263215,1.132684901880909,0.4092377068351338,419,131,29,118,30,0,1,1,1.0
20200329,ORF1a,1673,510,1.0,1.0,2.0,0.008781747167910747,0.050047062109285244,0.8052683670453461,0.4678054579593513,4406,612,123,1027,243,5,2,5,1.0
20200329,ORF1b,1755,318,1.0,1.0,2.0,0.006631988938224712,0.04316455632094591,0.7238796523408453,0.3576667454297188,2694,337,65,348,38,4,0,4,1.0
20200329,ORF3a,1685,83,1.0,1.0,3.0,0.012049263766620162,0.12407081413223989,0.6744298109221971,2.913470039879031,275,76,13,130,20,7,0,7,1.0
20200329,ORF6,2255,13,1.0,1.0,9.0,0.017828427507359926,0.07931253696176008,1.194644631392212,0.4045281869658594,61,13,3,13,4,0,1,0,nan
20200329,ORF7a,2134,32,1.0,1.0,1.5,0.005468820137088403,0.10092934201210015,0.8934680445102723,27.75463370155526,121,30,2,34,2,2,0,2,1.0
20200329,ORF8,2245,30,1.5,1.0,2.0,0.025092012020720148,0.07330118065650466,0.9281376590229865,2.790401170068372,121,25,7,27,9,6,0,2,1.0
20200329,S,1680,211,1.0,1.0,2.0,0.010743161614563707,0.06075679413241453,0.7633383112931533,0.3153941051114543,1274,208,41,286,63,2,0,3,1.0
20200328,M,2101,33,1.0,1.0,4.0,0.006038894473907064,0.051470293172251616,0.3735271966683033,0.4705163970272013,222,35,4,20,2,2,0,2,1.0
20200328,N,2094,132,1.0,1.0,2.0,0.0165693820072212,0.13471239296264287,1.135311311472315,0.4421440060040918,419,127,27,114,27,1,0,1,1.0
20200328,ORF1a,1633,500,1.0,1.0,2.0,0.008553971660888266,0.049427814088394216,0.7982425692386517,0.4764222400805776,4406,604,121,1023,242,5,3,5,1.0
20200328,ORF1b,1716,312,1.0,1.0,2.0,0.00651632072183587,0.04228558328407965,0.7347863424340224,0.3163037725906693,2694,331,64,343,36,4,0,4,1.0
20200328,ORF3a,1642,81,1.0,1.0,3.0,0.011953841914208022,0.1217394820831045,0.6537747844901178,2.890850603107248,275,74,12,116,17,7,0,7,1.0
20200328,ORF6,2199,12,1.0,1.0,5.5,0.01774879803967544,0.07385954179813008,1.118031874481292,0.4125713764015166,61,12,2,13,3,0,1,0,nan
20200328,ORF7a,2082,30,1.0,1.0,1.5,0.005475293086511242,0.09257304271839537,0.9189580969254011,27.63709316490635,121,27,2,32,2,2,0,2,1.0
20200328,ORF8,2186,30,1.5,1.0,2.0,0.02509438596744853,0.07330837599051707,0.9271476990282173,2.7955822987611,121,25,6,27,8,3,0,2,1.0
20200328,S,1635,209,1.0,1.0,2.0,0.010740498475999165,0.06021982799269936,0.767875430542768,0.3148873474977827,1274,206,42,285,63,2,0,3,1.0
20200326,M,1504,27,2.0,1.0,4.0,0.00301129962250748,0.042267589555593135,0.3850400034669473,0.5149622006200903,222,29,2,14,1,1,0,1,1.0
20200326,N,1502,102,1.0,1.0,2.0,0.012841651210914748,0.10046494507481697,1.170442197362349,0.3296649154424161,419,104,19,93,17,0,1,0,nan
20200326,ORF1a,1175,388,1.0,1.0,2.0,0.00634303124525605,0.04250864704792837,0.8086411471700279,0.4417208996955658,4406,520,93,955,217,6,2,4,1.0
20200326,ORF1b,1210,241,1.0,1.0,2.0,0.0046289740999860066,0.03369378375016795,0.7586387018076304,0.3731627263817487,2694,268,44,295,24,5,0,5,1.0
20200326,ORF3a,1156,61,1.0,1.0,2.0,0.008498044666875686,0.08803694229838886,0.6505121393125942,1.956423462621267,275,57,8,93,13,5,0,5,1.0
20200326,ORF6,1563,9,1.0,1.0,8.0,0.006589511076754234,0.04528040381659594,0.7113867178117113,0,61,8,1,6,0,0,1,0,nan
20200326,ORF7a,1484,18,1.0,1.0,1.5,0.002879840190126612,0.053826080020684,0.8619151079458856,0,121,18,0,23,0,0,0,0,nan
20200326,ORF8,1549,24,1.5,1.0,3.0,0.013985772279496435,0.061528200385455735,0.9730254308644317,1.442213438866049,121,23,3,20,3,1,0,2,1.0
20200326,S,1109,163,1.0,1.0,2.0,0.007643716417315598,0.04953693737796078,0.7306918159231542,0.4397851425061463,1274,172,26,246,41,2,0,5,1.0
20200405,M,3673,61,1.0,1.0,2.0,0.009036832008115316,0.06363317319759587,0.2573255968648004,0.9327979464003979,222,53,6,24,2,3,0,3,1.0
20200405,N,3686,198,1.0,1.0,2.0,0.020024416401729115,0.16578754815057892,1.057694231339382,0.8388000393002438,419,160,32,133,22,6,0,3,1.0
20200405,ORF1a,3065,844,1.0,1.0,1.0,0.012661343180655529,0.0683781847556051,0.719653366219185,0.5578275450113056,4406,1419,345,1189,269,14,2,11,1.0
20200405,ORF1b,3128,542,1.0,1.0,1.0,0.008504964178418522,0.06565969804799657,0.6988470151144025,0.362519717114851,2694,630,105,452,54,7,0,6,1.0
20200405,ORF3a,3689,140,1.0,1.0,2.0,0.014491101486869848,0.13007119427130462,0.7078280596109049,3.796927348449857,275,103,21,89,16,10,0,10,1.0
20200405,ORF6,3767,27,1.0,1.0,1.0,0.012498541208790289,0.14513237198821494,1.751595106064634,0,63,24,1,23,2,0,1,0,nan
20200405,ORF7a,3577,54,1.0,1.0,1.5,0.002887383086130534,0.1251000079004569,0.844862073721931,0,121,47,1,47,0,0,0,0,nan
20200405,ORF8,3756,53,1.0,1.0,2.0,0.017820182339218463,0.11346841152827943,0.9297607519594063,27.79394309561534,121,37,6,33,8,6,0,6,1.0
20200405,S,3266,338,1.0,1.0,2.0,0.009079168633020024,0.08174270197571033,0.7283460444497134,0.281612103220169,1274,445,62,361,46,2,0,2,1.5
20200402,M,3082,51,1.0,1.0,2.0,0.01050996773405466,0.048362181764906156,0.2604490211467237,1.256785476717661,222,50,5,31,5,4,0,4,0.5
20200402,N,3097,174,1.0,1.0,2.0,0.0160168318230868,0.15376506303503915,1.175339114838814,0.4564245152929201,419,164,28,137,22,1,1,1,1.0
20200402,ORF1a,2528,687,1.0,1.0,1.0,0.009765263027518305,0.05868353924629556,0.7606891460108596,0.5488031859048459,4406,1299,304,1125,254,14,0,11,1.0
20200402,ORF1b,2558,451,1.0,1.0,1.0,,,,,,,,,,,,,
20200402,ORF3a,3119,123,1.0,1.0,2.0,0.010887472225189744,0.11907347442093594,0.8005880008117767,2.767263059942208,275,137,16,122,11,7,0,7,1.0
20200402,ORF6,3169,22,1.0,1.0,1.5,0.012476215156321975,0.10685105168116898,1.674476047896301,0,63,19,1,20,2,0,2,0,nan
20200402,ORF7a,2998,43,1.0,1.0,1.5,0.002870437943942002,0.09676317579330466,0.9994087815503111,0,121,39,1,31,0,0,0,0,nan
20200402,ORF8,3158,45,1.0,1.0,2.0,0.017857209415982313,0.10236017887905442,0.8261794509264797,30.72502812541432,122,36,6,32,9,6,0,6,1.0
20200402,S,2760,276,1.0,1.0,2.0,0.008304941358812663,0.06853935150948358,0.7314146550640389,0.2201480535321355,1274,433,78,372,73,2,0,2,1.5
20200403,M,3444,56,1.0,1.0,2.0,0.009025808242363414,0.05599862327961241,0.2616778744621729,0.9744454088887404,222,49,6,23,2,3,0,3,1.0
20200403,N,3457,191,1.0,1.0,2.0,0.018429697015694396,0.16096143806352142,1.104102554187244,0.728263269275559,419,158,31,131,22,6,0,3,1.0
20200403,ORF1a,2875,790,1.0,1.0,1.0,0.011823819189958465,0.0647263127997675,0.7152414261319732,0.5554522890157927,4406,1384,337,1162,263,14,2,12,1.0
20200403,ORF1b,2913,508,1.0,1.0,1.0,0.008609940918297582,0.06118721245897991,0.6911603192853805,0.445331721177608,2694,608,98,433,52,8,0,7,1.0
20200403,ORF3a,2898,66,1.0,1.0,2.0,0.008502049790604382,0.0664617788418271,0.6447830816447381,1.891420910637247,275,58,8,58,6,5,0,5,1.0
20200403,ORF6,3535,24,1.0,1.0,1.5,,,,,63,22,1,22,2,0,0,,
20200403,ORF7a,3353,50,1.0,1.0,1.5,,,,,121,43,1,46,0,0,0,,
20200403,ORF8,3527,50,1.0,1.0,2.0,,,,,121,37,6,30,8,6,0,,
20200403,S,3066,321,1.0,1.0,2.0,,,,,1274,431,61,350,43,2,0,,
20200404,M,3497,57,1.0,1.0,2.0,0.009029140901016747,0.05598185594844595,0.2615279729305855,0.9734579294243647,222,49,6,23,2,3,0,3,1.0
20200404,N,3510,192,1.0,1.0,2.0,0.018425626387180555,0.16102226844478887,1.103657890355872,0.7267025744531616,419,159,31,132,22,5,0,3,1.0
20200404,ORF1a,2926,797,1.0,1.0,1.0,0.011820761666508956,0.06473024927876715,0.714872233294968,0.5550538335088236,4406,1389,337,1166,264,14,3,12,1.0
20200404,ORF1b,2953,516,1.0,1.0,1.0,0.008611335862686592,0.06117930942773204,0.6925946631257288,0.4459798497466439,2694,615,101,440,52,7,0,7,1.0
20200404,ORF3a,3511,132,1.0,1.0,2.0,0.008496713986346013,0.0664718427221485,0.6448108743226837,1.901381497395574,275,100,15,86,11,9,0,5,1.0
20200404,ORF6,3588,25,1.0,1.0,1.0,0.006345832831673053,0.12947007506107475,1.469422021295189,0,63,23,1,23,2,0,1,0,nan
20200404,ORF7a,3398,50,1.0,1.0,1.5,0.002888706254552394,0.11390028791243359,0.9226493023745777,0,121,43,1,46,0,0,0,0,nan
20200404,ORF8,3577,51,1.0,1.0,2.0,0.01784407793344247,0.10792190711929003,0.8505916938759267,29.53164937535617,121,37,6,31,8,6,0,6,1.0
20200404,S,3119,329,1.0,1.0,2.0,0.009091628225398126,0.07750375125866261,0.7343552410373266,0.2491398790322132,1274,436,62,353,44,2,0,2,1.5
