Gene,Site,Codon,Count,Observed,Predicted,Mostlikely
ORF1a,908,CCA,25635,0.999298,1e-08,TTT
ORF1a,908,CTA,6,0.000233891,1e-08,TTT
ORF1a,908,TCA,7,0.000272873,1e-08,TTT
ORF1a,908,CCG,3,0.000116945,1e-08,TTT
ORF1a,910,AAG,25650,0.999883,0.0056076,GAG
ORF1a,910,AAA,3,0.000116945,0.00272832,GAG
ORF1a,911,GTT,25650,0.999883,3.45035e-05,TCT
ORF1a,911,CTT,1,3.89818e-05,0.000116478,TCT
ORF1a,911,GTC,1,3.89818e-05,8.93486e-06,TCT
ORF1a,912,ACT,25649,0.999844,1e-08,GGT
ORF1a,912,ACA,1,3.89818e-05,1e-08,GGT
ORF1a,916,GAC,25650,0.999883,1e-08,TTG
ORF1a,916,GAT,2,7.79636e-05,1e-08,TTG
ORF1a,921,GTG,25643,0.99961,1e-08,TAC
ORF1a,921,GTT,8,0.000311854,1e-08,TAC
ORF1a,924,TAC,25645,0.999688,0.000117519,TTT
ORF1a,924,TAT,8,0.000311854,0.000455886,TTT
ORF1a,925,AAG,25615,0.998519,1e-08,TAT
ORF1a,925,AGG,37,0.00144233,1e-08,TAT
ORF1a,927,GTG,25647,0.999766,1e-08,CCA
ORF1a,927,GTT,3,0.000116945,1e-08,CCA
ORF1a,927,TTG,3,0.000116945,2.4441e-05,CCA
ORF1a,928,AAT,25650,0.999883,0.000495892,GAT
ORF1a,928,AAC,1,3.89818e-05,8.29561e-05,GAT
ORF1a,933,CTT,25650,0.999883,2.18529e-06,GAA
ORF1a,933,CTA,1,3.89818e-05,0.000278441,GAA
ORF1a,936,AGG,25639,0.999454,0.000249936,TGT
ORF1a,936,AAG,9,0.000350836,1.60983e-05,TGT
ORF1a,936,AGT,3,0.000116945,0.0214356,TGT
ORF1a,937,ATT,25652,0.999961,1e-08,GAA
ORF1a,937,ATC,1,3.89818e-05,1e-08,GAA
ORF1a,945,TGC,25624,0.99887,1e-08,ACT
ORF1a,945,TGT,29,0.00113047,1.36211e-05,ACT
ORF1a,947,GCC,25639,0.999454,1e-08,TAT
ORF1a,947,GCT,2,7.79636e-05,3.61511e-06,TAT
ORF1a,947,ACC,8,0.000311854,1e-08,TAT
ORF1a,947,GCA,3,0.000116945,1e-08,TAT
ORF1a,948,TAT,25652,0.999961,1e-08,GAG
ORF1a,948,TAC,1,3.89818e-05,1e-08,GAG
ORF1a,950,GTT,25648,0.999805,0.000102965,GGT
ORF1a,950,GTC,1,3.89818e-05,3.27223e-06,GGT
ORF1a,950,TTT,3,0.000116945,2.59869e-06,GGT
ORF1a,954,ACA,25645,0.999688,1e-08,GAT
ORF1a,954,AAA,1,3.89818e-05,1e-08,GAT
ORF1a,954,ATA,4,0.000155927,1e-08,GAT
ORF1a,954,ACG,1,3.89818e-05,1e-08,GAT
ORF1a,956,GTA,25643,0.99961,1.49287e-06,CAA
ORF1a,956,GTG,10,0.000389818,1e-08,CAA
ORF1a,957,AAT,25650,0.999883,1e-08,GGT
ORF1a,957,AGT,2,7.79636e-05,0.000661216,GGT
ORF1a,957,AAC,1,3.89818e-05,1e-08,GGT
ORF1a,958,GAG,25652,0.999961,3.65067e-05,AAA
ORF1a,958,GAA,1,3.89818e-05,0.000598922,AAA
ORF1a,959,TTC,25650,0.999883,2.55468e-05,TCT
ORF1a,959,TTT,3,0.000116945,0.000718096,TCT
ORF1a,960,GCC,25643,0.99961,1e-08,TTG
ORF1a,960,GTC,2,7.79636e-05,6.69067e-06,TTG
ORF1a,960,GCA,1,3.89818e-05,1e-08,TTG
ORF1a,960,TCC,7,0.000272873,1e-08,TTG
ORF1a,963,GTG,25652,0.999961,3.71513e-06,GGT
ORF1a,963,GTT,1,3.89818e-05,0.000962709,GGT
ORF1a,964,GCA,25161,0.980821,0.0565358,GCC
ORF1a,964,ACA,455,0.0177367,0.000669116,GCC
ORF1a,964,GCG,1,3.89818e-05,0.0287949,GCC
ORF1a,964,TCA,1,3.89818e-05,0.000192896,GCC
ORF1a,967,GTC,25650,0.999883,0.300123,GTC
ORF1a,967,GTT,2,7.79636e-05,0.141589,GTC
ORF1a,967,ATC,1,3.89818e-05,0.0345806,GTC
ORF1a,970,ACT,25650,0.999883,3.83166e-05,CAA
ORF1a,970,ATT,2,7.79636e-05,1e-08,CAA
ORF1a,971,TTG,25652,0.999961,0.000732421,CCG
ORF1a,971,TTA,1,3.89818e-05,0.000300275,CCG
ORF1a,977,TTA,25651,0.999922,1e-08,GAA
ORF1a,977,TTG,1,3.89818e-05,1e-08,GAA
ORF1a,977,TCA,1,3.89818e-05,1.20598e-06,GAA
ORF1a,978,CTT,25645,0.999688,1e-08,GAT
ORF1a,978,TTT,8,0.000311854,1e-08,GAT
ORF1a,979,ACA,25628,0.999025,1e-08,TGG
ORF1a,979,ATA,25,0.000974545,1e-08,TGG
ORF1a,980,CCA,25554,0.996141,6.93431e-05,TTA
ORF1a,980,CTA,85,0.00331345,0.0332719,TTA
ORF1a,980,TCA,14,0.000545745,0.0100466,TTA
ORF1a,981,CTG,25616,0.998558,1.06677e-06,GAT
ORF1a,981,CTA,1,3.89818e-05,1.25872e-05,GAT
ORF1a,981,TTG,36,0.00140334,1e-08,GAT
ORF1a,982,GGC,25644,0.999649,4.91907e-05,GAT
ORF1a,982,AGC,4,0.000155927,0.000177843,GAT
ORF1a,982,TGC,2,7.79636e-05,0.00115738,GAT
ORF1a,991,GCT,25649,0.999844,1e-08,GAA
ORF1a,991,GTT,2,7.79636e-05,1e-08,GAA
ORF1a,993,TAC,25649,0.999844,0.00286858,GAT
ORF1a,993,TAT,4,0.000155927,0.00709045,GAT
ORF1a,995,TTA,25652,0.999961,0.000102482,GAA
ORF1a,995,TTG,1,3.89818e-05,0.000104296,GAA
ORF1a,996,TTT,25645,0.999688,3.95158e-05,GAT
ORF1a,996,CTT,8,0.000311854,0.000455951,GAT
ORF1a,997,GAT,25648,0.999805,0.00202616,AAT
ORF1a,997,GAC,1,3.89818e-05,2.39051e-05,AAT
ORF1a,997,GGT,4,0.000155927,1.25203e-05,AAT
ORF1a,999,TCT,25649,0.999844,1e-08,ACA
ORF1a,999,TTT,4,0.000155927,3.42422e-06,ACA
ORF1a,1001,GAG,25647,0.999766,0.000252297,ATC
ORF1a,1001,GAT,4,0.000155927,0.00218189,ATC
ORF1a,1001,GGG,1,3.89818e-05,7.98672e-05,ATC
ORF1a,1004,TTG,25645,0.999688,1e-08,TCA
ORF1a,1004,CTG,6,0.000233891,1e-08,TCA
ORF1a,1004,TTA,1,3.89818e-05,1.58977e-05,TCA
ORF1a,1004,TTT,1,3.89818e-05,1e-08,TCA
ORF1a,1008,ATG,25652,0.999961,0.00254916,GTT
ORF1a,1008,ATT,1,3.89818e-05,0.0593515,GTT
ORF1a,1011,TCT,25644,0.999649,0.00122824,CAG
ORF1a,1011,TCC,9,0.000350836,0.000577095,CAG
ORF1a,1012,TTC,7101,0.27681,1e-08,TTA
ORF1a,1012,TTT,18511,0.721592,1e-08,TTA
ORF1a,1012,TTA,1,3.89818e-05,0.636704,TTA
ORF1a,1013,TAC,25649,0.999844,5.0853e-05,GAG
ORF1a,1013,TAT,4,0.000155927,0.000102289,GAG
ORF1a,1014,CCT,25650,0.999883,1.09862e-06,ATG
ORF1a,1014,TCT,2,7.79636e-05,2.26457e-06,ATG
ORF1a,1015,CCA,25629,0.999064,2.33882e-05,GAA
ORF1a,1015,CTA,17,0.000662691,3.55974e-06,GAA
ORF1a,1015,TCA,1,3.89818e-05,1e-08,GAA
ORF1a,1015,CCG,4,0.000155927,1e-08,GAA
ORF1a,1016,GAT,25648,0.999805,1.94234e-05,CCT
ORF1a,1016,TAT,3,0.000116945,7.67042e-05,CCT
ORF1a,1017,GAG,25640,0.999493,2.59153e-06,ACA
ORF1a,1017,GAA,6,0.000233891,0.000206668,ACA
ORF1a,1017,GAT,7,0.000272873,1.27422e-06,ACA
ORF1a,1018,GAT,25652,0.999961,5.96078e-06,CCA
ORF1a,1018,GAC,1,3.89818e-05,4.2982e-06,CCA
ORF1a,1019,GAA,25651,0.999922,9.76123e-05,GTT
ORF1a,1019,GAG,1,3.89818e-05,7.13488e-05,GTT
ORF1a,1019,GGA,1,3.89818e-05,6.2049e-06,GTT
ORF1a,1023,GAT,25650,0.999883,0.000115073,AGT
ORF1a,1023,GGT,1,3.89818e-05,0.000685102,AGT
ORF1a,1023,AAT,2,7.79636e-05,0.00509903,AGT
ORF1a,1025,GAA,25651,0.999922,6.58181e-06,GTG
ORF1a,1025,GAT,2,7.79636e-05,0.0035709,GTG
ORF1a,1029,TTT,25649,0.999844,1.04414e-05,AGT
ORF1a,1029,CTT,4,0.000155927,2.16833e-05,AGT
ORF1a,1031,CCA,25651,0.999922,1e-08,TAT
ORF1a,1031,CCG,1,3.89818e-05,1e-08,TAT
ORF1a,1031,CTA,1,3.89818e-05,1e-08,TAT
ORF1a,1032,TCA,25607,0.998207,0.000149233,TTA
ORF1a,1032,TTA,42,0.00163724,0.950258,TTA
ORF1a,1033,ACT,25598,0.997856,4.12783e-06,AAA
ORF1a,1033,ATT,4,0.000155927,0.000106586,AAA
ORF1a,1033,ACG,51,0.00198807,1.10644e-05,AAA
ORF1a,1036,GAG,25650,0.999883,0.00300352,GAC
ORF1a,1036,GAT,1,3.89818e-05,0.0310432,GAC
ORF1a,1036,GAA,1,3.89818e-05,0.00597067,GAC
ORF1a,1038,GGT,25651,0.999922,1e-08,GTA
ORF1a,1038,CGT,2,7.79636e-05,1e-08,GTA
ORF1a,1039,ACT,25640,0.999493,1.81669e-05,TAC
ORF1a,1039,ATT,3,0.000116945,1e-08,TAC
ORF1a,1039,ACC,1,3.89818e-05,0.00182819,TAC
ORF1a,1039,GCT,9,0.000350836,1.79882e-05,TAC
ORF1a,1041,GAT,25646,0.999727,1e-08,AAA
ORF1a,1041,TAT,3,0.000116945,1e-08,AAA
ORF1a,1041,GGT,2,7.79636e-05,1e-08,AAA
ORF1a,1043,TAC,25644,0.999649,1e-08,GCA
ORF1a,1043,TAT,6,0.000233891,1e-08,GCA
ORF1a,1047,CCT,25641,0.999532,1e-08,GAA
ORF1a,1047,CTT,1,3.89818e-05,1e-08,GAA
ORF1a,1047,TCT,9,0.000350836,1e-08,GAA
ORF1a,1048,TTG,25642,0.999571,1e-08,GAA
ORF1a,1048,TTT,10,0.000389818,1e-08,GAA
ORF1a,1048,TCG,1,3.89818e-05,1e-08,GAA
ORF1a,1052,GCC,25648,0.999805,0.000136163,GTA
ORF1a,1052,GTC,1,3.89818e-05,0.0344712,GTA
ORF1a,1052,GCT,3,0.000116945,0.000194779,GTA
ORF1a,1053,ACT,25650,0.999883,0.000303421,AAA
ORF1a,1053,ACC,1,3.89818e-05,0.000181097,AAA
ORF1a,1053,AAT,2,7.79636e-05,0.00829467,AAA
ORF1a,1054,TCT,25652,0.999961,0.0018613,CCA
ORF1a,1054,TCA,1,3.89818e-05,0.00397045,CCA
ORF1a,1056,GCT,25648,0.999805,1e-08,ATA
ORF1a,1056,GTT,4,0.000155927,0.00316525,ATA
ORF1a,1057,CTT,25644,0.999649,4.17542e-05,GTT
ORF1a,1057,CCT,5,0.000194909,1e-08,GTT
ORF1a,1057,TTT,1,3.89818e-05,4.02348e-05,GTT
ORF1a,1057,CAT,1,3.89818e-05,1e-08,GTT
ORF1a,1057,CTC,2,7.79636e-05,1.31206e-06,GTT
ORF1a,1058,CAA,25651,0.999922,1e-08,GTC
ORF1a,1058,CAG,1,3.89818e-05,1e-08,GTC
ORF1a,1058,CTT,1,3.89818e-05,1e-08,GTC
ORF1a,1059,CCT,25424,0.991073,1e-08,AAC
ORF1a,1059,TCT,4,0.000155927,1e-08,AAC
ORF1a,1059,CTT,217,0.00845905,1e-08,AAC
ORF1a,1059,CCG,1,3.89818e-05,1e-08,AAC
ORF1a,1059,CAT,2,7.79636e-05,1e-08,AAC
ORF1a,1059,CCA,1,3.89818e-05,1e-08,AAC
ORF1a,1059,CAG,1,3.89818e-05,1e-08,AAC
ORF1a,1060,GAA,25651,0.999922,1e-08,GCA
ORF1a,1060,AAA,1,3.89818e-05,1e-08,GCA
ORF1a,1060,GTT,1,3.89818e-05,1e-08,GCA
ORF1a,1072,AGT,25630,0.999103,1e-08,GCG
ORF1a,1072,GGT,23,0.000896581,1e-08,GCG
ORF1a,1077,GGT,25643,0.99961,1e-08,AAG
ORF1a,1077,AGT,3,0.000116945,3.293e-06,AAG
ORF1a,1077,GTT,7,0.000272873,1.13573e-06,AAG
ORF1a,1078,CAA,25643,0.99961,1e-08,GCT
ORF1a,1078,CAC,1,3.89818e-05,1e-08,GCT
ORF1a,1078,CGA,7,0.000272873,1e-08,GCT
ORF1a,1078,CAG,1,3.89818e-05,1e-08,GCT
ORF1a,1080,GAC,25652,0.999961,0.00383575,AAT
ORF1a,1080,GAT,1,3.89818e-05,0.0123397,AAT
ORF1a,1081,GGC,25646,0.999727,8.7548e-05,AAT
ORF1a,1081,AGC,2,7.79636e-05,0.00577327,AAT
ORF1a,1081,GGT,1,3.89818e-05,0.000188842,AAT
ORF1a,1081,TGC,2,7.79636e-05,0.000515748,AAT
ORF1a,1081,GTC,1,3.89818e-05,1e-08,AAT
ORF1a,1082,AGT,25642,0.999571,1e-08,GCC
ORF1a,1082,ATT,2,7.79636e-05,1e-08,GCC
ORF1a,1082,TGT,8,0.000311854,1e-08,GCC
ORF1a,1084,GAC,25623,0.998831,1e-08,CAA
ORF1a,1084,GAT,22,0.0008576,1e-08,CAA
ORF1a,1084,TAC,7,0.000272873,1e-08,CAA
ORF1a,1084,AAC,1,3.89818e-05,1e-08,CAA
ORF1a,1086,CAG,25645,0.999688,1.00451e-06,GAA
ORF1a,1086,CAT,5,0.000194909,1e-08,GAA
ORF1a,1086,CAA,2,7.79636e-05,3.84857e-05,GAA
ORF1a,1087,ACA,25612,0.998402,0.00280156,TCA
ORF1a,1087,AAA,1,3.89818e-05,1e-08,TCA
ORF1a,1087,ATA,20,0.000779636,1e-08,TCA
ORF1a,1087,GCA,18,0.000701672,6.47971e-06,TCA
ORF1a,1089,ACT,25635,0.999298,0.00164631,CAT
ORF1a,1089,ATT,6,0.000233891,0.00334316,CAT
ORF1a,1089,ACC,12,0.000467782,7.30191e-05,CAT
ORF1a,1093,ATT,25651,0.999922,0.00183687,ACC
ORF1a,1093,GTT,2,7.79636e-05,2.17913e-05,ACC
ORF1a,1094,GTT,25652,0.999961,1e-08,AAT
ORF1a,1094,GTA,1,3.89818e-05,1e-08,AAT
ORF1a,1096,GTT,25636,0.999337,1e-08,CCA
ORF1a,1096,TTT,1,3.89818e-05,1e-08,CCA
ORF1a,1096,GTG,1,3.89818e-05,1e-08,CCA
ORF1a,1096,ATT,15,0.000584727,1e-08,CCA
ORF1a,1098,CCT,25649,0.999844,7.32412e-06,AAA
ORF1a,1098,TCT,1,3.89818e-05,3.24018e-06,AAA
ORF1a,1098,CTT,2,7.79636e-05,2.14874e-05,AAA
ORF1a,1100,TTA,25652,0.999961,1e-08,GGT
ORF1a,1100,CTA,1,3.89818e-05,1e-08,GGT
ORF1a,1101,GAG,25650,0.999883,7.35781e-06,GGT
ORF1a,1101,GAT,2,7.79636e-05,0.00233515,GGT
ORF1a,1101,GAA,1,3.89818e-05,1.00747e-05,GGT
ORF1a,1102,ATG,25648,0.999805,1e-08,GGC
ORF1a,1102,ATA,1,3.89818e-05,1e-08,GGC
ORF1a,1102,GTG,1,3.89818e-05,5.45022e-05,GGC
ORF1a,1102,ATT,1,3.89818e-05,8.40047e-06,GGC
ORF1a,1104,CTT,25624,0.99887,0.0023498,GTT
ORF1a,1104,CCT,2,7.79636e-05,1e-08,GTT
ORF1a,1104,CTC,2,7.79636e-05,6.88347e-05,GTT
ORF1a,1104,TTT,1,3.89818e-05,1e-08,GTT
ORF1a,1104,ATT,24,0.000935563,1e-08,GTT
ORF1a,1109,CAG,25650,0.999883,1e-08,AAT
ORF1a,1109,CAT,3,0.000116945,0.00102106,AAT
ORF1a,1110,ACT,25647,0.999766,1e-08,CTT
ORF1a,1110,ACC,2,7.79636e-05,1e-08,CTT
ORF1a,1110,ATT,2,7.79636e-05,1e-08,CTT
ORF1a,1111,ATT,25649,0.999844,1e-08,GCT
ORF1a,1111,GTT,1,3.89818e-05,7.11027e-06,GCT
ORF1a,1112,GAA,25649,0.999844,0.00515282,AAA
ORF1a,1112,GAG,1,3.89818e-05,9.10483e-05,AAA
ORF1a,1112,AAA,1,3.89818e-05,0.952317,AAA
ORF1a,1113,GTG,25631,0.999142,1e-08,AAC
ORF1a,1113,GTT,5,0.000194909,1e-08,AAC
ORF1a,1113,TTG,13,0.000506763,1e-08,AAC
ORF1a,1119,TAT,25652,0.999961,1e-08,GGT
ORF1a,1119,TAC,1,3.89818e-05,1e-08,GGT
ORF1a,1122,CTT,25650,0.999883,0.000509373,GTT
ORF1a,1122,TTT,3,0.000116945,4.65168e-05,GTT
ORF1a,1123,ACT,25647,0.999766,1.33491e-06,AAC
ORF1a,1123,ATT,2,7.79636e-05,1.42713e-05,AAC
ORF1a,1123,ACG,3,0.000116945,1e-08,AAC
ORF1a,1124,GAC,25538,0.995517,3.76443e-05,AGA
ORF1a,1124,GAA,107,0.00417105,0.00386959,AGA
ORF1a,1124,GAT,1,3.89818e-05,5.69618e-05,AGA
ORF1a,1124,AAC,4,0.000155927,1.08554e-05,AGA
ORF1a,1125,AAT,25651,0.999922,0.000108061,GGT
ORF1a,1125,AAC,1,3.89818e-05,1.55863e-06,GGT
ORF1a,1125,ACT,1,3.89818e-05,3.51747e-05,GGT
ORF1a,1129,AAA,25652,0.999961,0.0220528,CAA
ORF1a,1129,AAG,1,3.89818e-05,0.000987549,CAA
ORF1a,1131,GCA,25642,0.999571,1e-08,CTT
ORF1a,1131,GTA,11,0.0004288,1e-08,CTT
ORF1a,1132,GAC,25652,0.999961,4.11075e-05,AAG
ORF1a,1132,GAT,1,3.89818e-05,7.38453e-05,AAG
ORF1a,1135,GAA,25650,0.999883,1e-08,TAT
ORF1a,1135,GAC,1,3.89818e-05,1e-08,TAT
ORF1a,1135,GAT,1,3.89818e-05,1e-08,TAT
ORF1a,1135,GAG,1,3.89818e-05,1e-08,TAT
ORF1a,1137,GCT,25639,0.999454,1.0549e-05,AAT
ORF1a,1137,GTT,11,0.0004288,1e-08,AAT
ORF1a,1137,ACT,1,3.89818e-05,0.000741169,AAT
ORF1a,1137,GCC,1,3.89818e-05,1e-08,AAT
ORF1a,1139,AAG,25650,0.999883,0.000794743,AAT
ORF1a,1139,CAG,1,3.89818e-05,1e-08,AAT
ORF1a,1139,AAA,1,3.89818e-05,0.00110822,AAT
ORF1a,1140,GTA,25639,0.999454,9.02492e-06,CAG
ORF1a,1140,ATA,6,0.000233891,2.05798e-05,CAG
ORF1a,1140,GTG,8,0.000311854,2.1939e-05,CAG
ORF1a,1143,ACA,25638,0.999415,0.000265012,GTT
ORF1a,1143,ATA,6,0.000233891,0.0143747,GTT
ORF1a,1143,GCA,6,0.000233891,0.000372047,GTT
ORF1a,1143,CCA,1,3.89818e-05,1e-08,GTT
ORF1a,1144,GTG,25649,0.999844,9.32459e-05,CTA
ORF1a,1144,TTG,1,3.89818e-05,0.0124919,CTA
ORF1a,1144,GTT,3,0.000116945,5.93322e-05,CTA
ORF1a,1148,GCA,25647,0.999766,1e-08,CTA
ORF1a,1148,GCG,2,7.79636e-05,1e-08,CTA
ORF1a,1148,GTA,3,0.000116945,1e-08,CTA
ORF1a,1149,GCC,25650,0.999883,1e-08,TTA
ORF1a,1149,GTC,3,0.000116945,1.60584e-06,TTA
ORF1a,1152,TAC,25651,0.999922,1e-08,GGT
ORF1a,1152,CAC,1,3.89818e-05,1e-08,GGT
ORF1a,1152,TAT,1,3.89818e-05,1e-08,GGT
ORF1a,1154,AAA,25652,0.999961,1e-08,TTT
ORF1a,1154,AAG,1,3.89818e-05,1e-08,TTT
ORF1a,1155,CAT,25647,0.999766,1e-08,GGT
ORF1a,1155,TAT,1,3.89818e-05,1.48462e-06,GGT
ORF1a,1155,CAC,5,0.000194909,1e-08,GGT
ORF1a,1157,GGA,25648,0.999805,2.99576e-05,GAC
ORF1a,1157,GGG,5,0.000194909,1.54416e-05,GAC
ORF1a,1158,GGT,25649,0.999844,1e-08,CCT
ORF1a,1158,GAT,2,7.79636e-05,1e-08,CCT
ORF1a,1159,GTT,25644,0.999649,0.0112567,GTA
ORF1a,1159,ATC,1,3.89818e-05,0.00109916,GTA
ORF1a,1159,ATT,4,0.000155927,0.00150619,GTA
ORF1a,1159,GTC,2,7.79636e-05,0.00819932,GTA
ORF1a,1160,GCA,25651,0.999922,1e-08,CAT
ORF1a,1160,GCC,1,3.89818e-05,1e-08,CAT
ORF1a,1161,GGA,25652,0.999961,1e-08,TCT
ORF1a,1161,GGG,1,3.89818e-05,1e-08,TCT
ORF1a,1163,TTA,25652,0.999961,4.30489e-06,AGA
ORF1a,1163,TTG,1,3.89818e-05,1e-08,AGA
ORF1a,1164,AAT,25650,0.999883,1e-08,GTT
ORF1a,1164,ACT,2,7.79636e-05,8.42789e-06,GTT
ORF1a,1164,AAC,1,3.89818e-05,1e-08,GTT
ORF1a,1167,ACT,25644,0.999649,1.18551e-05,GAC
ORF1a,1167,ACA,8,0.000311854,1.28248e-05,GAC
ORF1a,1169,AAT,25651,0.999922,1e-08,GTT
ORF1a,1169,AAC,2,7.79636e-05,1e-08,GTT
ORF1a,1170,GCC,25652,0.999961,1e-08,CGC
ORF1a,1170,GCT,1,3.89818e-05,1e-08,CGC
ORF1a,1171,ATG,25652,0.999961,1e-08,ACA
ORF1a,1171,ATT,1,3.89818e-05,2.69827e-06,ACA
ORF1a,1172,CAA,25651,0.999922,7.89651e-05,AAT
ORF1a,1172,CAG,2,7.79636e-05,5.42076e-05,AAT
ORF1a,1173,GTT,25645,0.999688,0.055198,GTC
ORF1a,1173,TTT,8,0.000311854,3.95088e-06,GTC
ORF1a,1174,GAA,25647,0.999766,1e-08,TAC
ORF1a,1174,GAG,4,0.000155927,1e-08,TAC
ORF1a,1174,GGA,1,3.89818e-05,1e-08,TAC
ORF1a,1178,TAC,25652,0.999961,1.17069e-06,TTT
ORF1a,1178,TAT,1,3.89818e-05,4.17472e-05,TTT
ORF1a,1180,GCT,25646,0.999727,1e-08,AAA
ORF1a,1180,GCC,1,3.89818e-05,1e-08,AAA
ORF1a,1180,TCT,2,7.79636e-05,1e-08,AAA
ORF1a,1180,GTT,3,0.000116945,1e-08,AAA
ORF1a,1186,AAA,25649,0.999844,1e-08,CTT
ORF1a,1186,AGA,2,7.79636e-05,1e-08,CTT
ORF1a,1186,AAG,2,7.79636e-05,1e-08,CTT
ORF1a,1187,GTG,25651,0.999922,0.0162512,GTT
ORF1a,1187,GTT,2,7.79636e-05,0.879208,GTT
ORF1a,1188,GGT,25585,0.997349,1e-08,TCA
ORF1a,1188,GTT,55,0.002144,1.63355e-05,TCA
ORF1a,1189,GGT,25645,0.999688,0.00129787,AGC
ORF1a,1189,AGT,1,3.89818e-05,0.153532,AGC
ORF1a,1189,GAT,6,0.000233891,1.42503e-05,AGC
ORF1a,1190,AGT,25650,0.999883,3.09703e-06,TTT
ORF1a,1190,GGT,2,7.79636e-05,0.000815004,TTT
ORF1a,1193,TTA,25651,0.999922,3.27893e-05,ATG
ORF1a,1193,TTG,1,3.89818e-05,0.000746336,ATG
ORF1a,1193,CTA,1,3.89818e-05,3.07122e-05,ATG
ORF1a,1194,AGC,25649,0.999844,1.47507e-06,AAG
ORF1a,1194,ATC,1,3.89818e-05,3.27815e-06,AAG
ORF1a,1194,AAC,3,0.000116945,0.00133688,AAG
ORF1a,1196,CAC,25641,0.999532,1e-08,GAA
ORF1a,1196,CAT,4,0.000155927,1e-08,GAA
ORF1a,1196,TAC,8,0.000311854,1e-08,GAA
ORF1a,1198,CTT,25644,0.999649,1e-08,CAA
ORF1a,1198,TTT,8,0.000311854,1e-08,CAA
ORF1a,1201,CAC,25640,0.999493,0.000570689,CAA
ORF1a,1201,CAT,1,3.89818e-05,0.00084477,CAA
ORF1a,1201,CGC,1,3.89818e-05,3.78518e-06,CAA
ORF1a,1201,TAC,11,0.0004288,2.33012e-05,CAA
ORF1a,1202,TGT,25650,0.999883,1e-08,AAG
ORF1a,1202,TGC,1,3.89818e-05,1e-08,AAG
ORF1a,1203,CTT,25650,0.999883,0.000194517,ATT
ORF1a,1203,CTC,1,3.89818e-05,7.10246e-06,ATT
ORF1a,1203,TTT,1,3.89818e-05,0.00695877,ATT
ORF1a,1203,ATT,1,3.89818e-05,0.443236,ATT
ORF1a,1206,GTC,25629,0.999064,7.57898e-06,ATT
ORF1a,1206,GTT,22,0.0008576,0.000155627,ATT
ORF1a,1207,GGC,25645,0.999688,1e-08,CCT
ORF1a,1207,GGT,7,0.000272873,1e-08,CCT
ORF1a,1208,CCA,25650,0.999883,2.0129e-05,AAA
ORF1a,1208,CCC,2,7.79636e-05,1e-08,AAA
ORF1a,1209,AAT,25651,0.999922,2.18655e-05,GAG
ORF1a,1209,AAC,2,7.79636e-05,1.09814e-05,GAG
ORF1a,1211,AAC,25640,0.999493,1e-08,GTT
ORF1a,1211,AAT,11,0.0004288,1e-08,GTT
ORF1a,1218,CTT,25643,0.99961,4.22631e-05,AAT
ORF1a,1218,TTT,7,0.000272873,1.76471e-05,AAT
ORF1a,1219,CTT,25647,0.999766,1.9476e-06,AAA
ORF1a,1219,TTT,3,0.000116945,3.34043e-06,AAA
ORF1a,1222,GCT,25651,0.999922,0.0885496,GTT
ORF1a,1222,GTT,2,7.79636e-05,0.705536,GTT
ORF1a,1228,CAG,25651,0.999922,0.000523302,GTT
ORF1a,1228,CAT,2,7.79636e-05,0.000231304,GTT
ORF1a,1229,CAC,25645,0.999688,1e-08,GAT
ORF1a,1229,TAC,1,3.89818e-05,1e-08,GAT
ORF1a,1229,CAT,6,0.000233891,1.0703e-06,GAT
ORF1a,1230,GAA,25648,0.999805,1e-08,AAG
ORF1a,1230,AAA,5,0.000194909,0.0779421,AAG
ORF1a,1231,GTT,25641,0.999532,1e-08,AAA
ORF1a,1231,TTT,9,0.000350836,1e-08,AAA
ORF1a,1231,ATT,1,3.89818e-05,1e-08,AAA
ORF1a,1232,CTA,25647,0.999766,3.29754e-05,ATC
ORF1a,1232,TTA,2,7.79636e-05,0.000206583,ATC
ORF1a,1237,TTA,25650,0.999883,1e-08,GAA
ORF1a,1237,CTA,3,0.000116945,1e-08,GAA
ORF1a,1238,TCA,25649,0.999844,1e-08,GAA
ORF1a,1238,TCT,3,0.000116945,1e-08,GAA
ORF1a,1239,GCT,25647,0.999766,0.000646766,GTT
ORF1a,1239,GTT,5,0.000194909,0.945426,GTT
ORF1a,1241,ATT,25651,0.999922,0.000836117,ACA
ORF1a,1241,ATC,1,3.89818e-05,9.2305e-05,ACA
ORF1a,1241,ACT,1,3.89818e-05,0.32512,ACA
ORF1a,1242,TTT,25651,0.999922,1e-08,ACT
ORF1a,1242,GTT,1,3.89818e-05,3.40909e-05,ACT
ORF1a,1242,TTC,1,3.89818e-05,1e-08,ACT
ORF1a,1243,GGT,25647,0.999766,1e-08,CTG
ORF1a,1243,GGC,1,3.89818e-05,1e-08,CTG
ORF1a,1243,GAT,1,3.89818e-05,2.87599e-06,CTG
ORF1a,1243,TGT,3,0.000116945,1e-08,CTG
ORF1a,1245,GAC,25648,0.999805,0.00145759,GAA
ORF1a,1245,GAT,3,0.000116945,0.00235471,GAA
ORF1a,1246,CCT,25630,0.999103,0.00317708,ACT
ORF1a,1246,CTT,10,0.000389818,0.00215857,ACT
ORF1a,1246,TCT,10,0.000389818,0.000239818,ACT
ORF1a,1247,ATA,25646,0.999727,1.61608e-05,AAG
ORF1a,1247,ACA,5,0.000194909,6.82226e-05,AAG
ORF1a,1247,AGA,1,3.89818e-05,0.000288247,AAG
ORF1a,1247,AAA,1,3.89818e-05,0.0417182,AAG
ORF1a,1248,CAT,25640,0.999493,1e-08,TTT
ORF1a,1248,TAT,10,0.000389818,1.09803e-05,TTT
ORF1a,1248,CAC,1,3.89818e-05,1e-08,TTT
ORF1a,1254,GTA,25649,0.999844,0.00532252,TTA
ORF1a,1254,GAA,1,3.89818e-05,1e-08,TTA
ORF1a,1254,GTG,3,0.000116945,0.000156431,TTA
ORF1a,1255,GAT,25647,0.999766,1e-08,CTC
ORF1a,1255,GGT,2,7.79636e-05,8.92017e-06,CTC
ORF1a,1255,GAC,2,7.79636e-05,1e-08,CTC
ORF1a,1255,AAT,1,3.89818e-05,1e-08,CTC
ORF1a,1255,TAT,1,3.89818e-05,1e-08,CTC
ORF1a,1256,ACT,25640,0.999493,1e-08,TAT
ORF1a,1256,ATT,11,0.0004288,1e-08,TAT
ORF1a,1259,ACG,7,0.000272873,1.01811e-05,ATT
ORF1a,1259,ACA,25645,0.999688,8.40688e-06,ATT
ORF1a,1259,GCA,1,3.89818e-05,1e-08,ATT
ORF1a,1261,GTC,25644,0.999649,2.40644e-05,GGC
ORF1a,1261,GTT,9,0.000350836,1e-08,GGC
ORF1a,1262,TAC,25620,0.998714,1e-08,AAT
ORF1a,1262,TAT,29,0.00113047,1e-08,AAT
ORF1a,1262,TGC,1,3.89818e-05,1e-08,AAT
ORF1a,1263,TTA,25650,0.999883,0.000787258,CTT
ORF1a,1263,TTG,1,3.89818e-05,0.000631649,CTT
ORF1a,1264,GCT,25644,0.999649,1e-08,CAT
ORF1a,1264,GTT,6,0.000233891,1e-08,CAT
ORF1a,1264,GCC,3,0.000116945,1e-08,CAT
ORF1a,1270,CTC,25645,0.999688,0.0401411,CTT
ORF1a,1270,CTT,4,0.000155927,0.916369,CTT
ORF1a,1270,TTC,2,7.79636e-05,0.000242001,CTT
ORF1a,1272,GAC,25643,0.99961,0.00287845,AAA
ORF1a,1272,GAT,9,0.000350836,0.0508239,AAA
ORF1a,1276,TCA,25650,0.999883,1e-08,ATC
ORF1a,1276,TTA,2,7.79636e-05,1.82812e-05,ATC
ORF1a,1277,AGC,25647,0.999766,1.04479e-05,ACT
ORF1a,1277,GGC,1,3.89818e-05,9.95889e-06,ACT
ORF1a,1277,AAC,3,0.000116945,1e-08,ACT
ORF1a,1277,AGT,1,3.89818e-05,0.00209124,ACT
ORF1a,1281,ATG,25651,0.999922,2.28451e-05,AAA
ORF1a,1281,GTG,2,7.79636e-05,1e-08,AAA
ORF1a,1286,CAA,25645,0.999688,1e-08,ATA
ORF1a,1286,CAG,8,0.000311854,1e-08,ATA
ORF1a,1287,GTT,25651,0.999922,0.0443699,GTG
ORF1a,1287,ATT,1,3.89818e-05,0.000605536,GTG
ORF1a,1287,GTA,1,3.89818e-05,0.0853187,GTG
ORF1a,1290,AAG,25615,0.998519,1e-08,GTT
ORF1a,1290,AAT,34,0.00132538,1e-08,GTT
ORF1a,1291,ATC,25627,0.998986,0.00340349,GTT
ORF1a,1291,ATT,10,0.000389818,0.374582,GTT
ORF1a,1291,ACC,13,0.000506763,1.48185e-05,GTT
ORF1a,1291,TTC,1,3.89818e-05,0.000109084,GTT
ORF1a,1292,GCT,25649,0.999844,0.000153718,CAA
ORF1a,1292,GTT,2,7.79636e-05,0.000129366,CAA
ORF1a,1292,GCA,2,7.79636e-05,0.000175173,CAA
ORF1a,1295,CCT,25642,0.999571,0.00251202,GTT
ORF1a,1295,CAT,4,0.000155927,3.48433e-06,GTT
ORF1a,1295,CTT,7,0.000272873,0.00107982,GTT
ORF1a,1296,AAA,25650,0.999883,1e-08,TTA
ORF1a,1296,AAG,3,0.000116945,1e-08,TTA
ORF1a,1301,CCA,25626,0.998947,1e-08,ATA
ORF1a,1301,CTA,26,0.00101353,0.00435023,ATA
ORF1a,1304,ACT,25634,0.999259,1e-08,AAA
ORF1a,1304,GCT,19,0.000740654,1e-08,AAA
ORF1a,1310,GTT,25627,0.998986,1.24955e-05,ACT
ORF1a,1310,GTC,25,0.000974545,2.81853e-06,ACT
ORF1a,1317,GAT,25647,0.999766,1e-08,TTG
ORF1a,1317,GAC,3,0.000116945,1e-08,TTG
ORF1a,1317,GAG,1,3.89818e-05,1e-08,TTG
ORF1a,1317,GGT,2,7.79636e-05,1e-08,TTG
ORF1a,1318,AAG,25631,0.999142,0.00210456,AGA
ORF1a,1318,AAT,18,0.000701672,5.44374e-06,AGA
ORF1a,1318,AAA,1,3.89818e-05,0.0478912,AGA
ORF1a,1320,ATC,25650,0.999883,2.04868e-06,GTG
ORF1a,1320,ATT,3,0.000116945,4.16541e-06,GTG
ORF1a,1322,GCT,25649,0.999844,2.52989e-05,ACA
ORF1a,1322,GTT,2,7.79636e-05,1.08777e-05,ACA
ORF1a,1327,GTT,25647,0.999766,1e-08,ACC
ORF1a,1327,GTC,5,0.000194909,1e-08,ACC
ORF1a,1328,ACA,25646,0.999727,0.00726718,ACT
ORF1a,1328,ATA,6,0.000233891,2.83625e-05,ACT
ORF1a,1329,ACA,25648,0.999805,1e-08,TAC
ORF1a,1329,ATA,4,0.000155927,1e-08,TAC
ORF1a,1331,CTG,25635,0.999298,1e-08,GGC
ORF1a,1331,CTA,4,0.000155927,1e-08,GGC
ORF1a,1331,CAG,1,3.89818e-05,1e-08,GGC
ORF1a,1331,TTG,3,0.000116945,1e-08,GGC
ORF1a,1331,CTT,8,0.000311854,1e-08,GGC
ORF1a,1334,ACT,25322,0.987097,0.000167399,TTA
ORF1a,1334,ATT,325,0.0126691,0.000362694,TTA
ORF1a,1335,AAG,25650,0.999883,0.000141139,AAT
ORF1a,1335,AAA,2,7.79636e-05,0.000183039,AAT
ORF1a,1335,AAT,1,3.89818e-05,0.875204,AAT
ORF1a,1337,CTC,25642,0.999571,1e-08,TAT
ORF1a,1337,CCC,3,0.000116945,1e-08,TAT
ORF1a,1337,CTT,1,3.89818e-05,1e-08,TAT
ORF1a,1337,TTC,4,0.000155927,0.00116386,TAT
ORF1a,1338,ACA,25640,0.999493,0.0103329,ACT
ORF1a,1338,ACG,1,3.89818e-05,0.00568522,ACT
ORF1a,1338,ACT,10,0.000389818,0.967276,ACT
ORF1a,1338,ATA,1,3.89818e-05,1e-08,ACT
ORF1a,1341,TTG,25652,0.999961,1e-08,GAG
ORF1a,1341,CTG,1,3.89818e-05,1e-08,GAG
ORF1a,1344,TAT,25651,0.999922,1e-08,ACA
ORF1a,1344,TAC,2,7.79636e-05,1e-08,ACA
ORF1a,1349,GGC,25648,0.999805,4.54209e-05,TGT
ORF1a,1349,GAC,1,3.89818e-05,1e-08,TGT
ORF1a,1349,GGT,3,0.000116945,0.00331745,TGT
ORF1a,1352,CAT,25652,0.999961,1e-08,GCC
ORF1a,1352,CAC,1,3.89818e-05,1e-08,GCC
ORF1a,1353,CCA,25647,0.999766,9.79459e-06,TTT
ORF1a,1353,CCG,1,3.89818e-05,6.91656e-06,TTT
ORF1a,1353,CAA,2,7.79636e-05,1.33583e-06,TTT
ORF1a,1355,TCT,25650,0.999883,2.53763e-05,ATT
ORF1a,1355,TCC,3,0.000116945,2.36647e-06,ATT
ORF1a,1356,GCC,25645,0.999688,3.75941e-06,CTA
ORF1a,1356,GCT,6,0.000233891,5.59405e-06,CTA
ORF1a,1356,GTC,2,7.79636e-05,8.86496e-05,CTA
ORF1a,1358,CTT,25651,0.999922,1e-08,TCT
ORF1a,1358,TTT,2,7.79636e-05,0.000616033,TCT
ORF1a,1361,GAC,25630,0.999103,1e-08,TCT
ORF1a,1361,GAT,21,0.000818618,9.95038e-06,TCT
ORF1a,1363,GAC,25649,0.999844,0.00223694,GAG
ORF1a,1363,GAT,3,0.000116945,0.00448491,GAG
ORF1a,1364,ATC,25651,0.999922,0.000237612,AAG
ORF1a,1364,GTC,1,3.89818e-05,1.30186e-05,AAG
ORF1a,1364,ATT,1,3.89818e-05,0.000588505,AAG
ORF1a,1368,AAG,25650,0.999883,1e-08,CTT
ORF1a,1368,AAT,2,7.79636e-05,1e-08,CTT
ORF1a,1370,GAT,25647,0.999766,2.47451e-06,ACT
ORF1a,1370,AAT,5,0.000194909,0.000665032,ACT
ORF1a,1370,GAC,1,3.89818e-05,1e-08,ACT
ORF1a,1371,GCT,25623,0.998831,2.42777e-06,GTT
ORF1a,1371,GCG,1,3.89818e-05,1e-08,GTT
ORF1a,1371,GTT,29,0.00113047,0.904064,GTT
ORF1a,1372,CCA,25652,0.999961,1.05713e-05,TCT
ORF1a,1372,CCG,1,3.89818e-05,7.6635e-06,TCT
ORF1a,1379,GTT,25652,0.999961,0.000182978,CTT
ORF1a,1379,GTC,1,3.89818e-05,2.26542e-05,CTT
ORF1a,1383,GTT,25644,0.999649,1e-08,GAG
ORF1a,1383,TTT,5,0.000194909,1e-08,GAG
ORF1a,1383,GCT,3,0.000116945,1e-08,GAG
ORF1a,1386,GCT,25638,0.999415,1e-08,CGT
ORF1a,1386,GTT,12,0.000467782,1e-08,CGT
ORF1a,1387,GTG,25640,0.999493,1e-08,AAA
ORF1a,1387,GTT,12,0.000467782,1e-08,AAA
ORF1a,1390,CCT,25652,0.999961,0.967931,CCT
ORF1a,1390,CCA,1,3.89818e-05,0.00584312,CCT
ORF1a,1393,AAG,25642,0.999571,0.000750004,ATG
ORF1a,1393,AAA,3,0.000116945,1.399e-05,ATG
ORF1a,1393,AAT,8,0.000311854,2.23671e-06,ATG
ORF1a,1395,GGT,25593,0.997661,0.000152353,ACT
ORF1a,1395,AGT,1,3.89818e-05,0.000145514,ACT
ORF1a,1395,GAT,32,0.00124742,6.70106e-06,ACT
ORF1a,1395,GTT,1,3.89818e-05,3.18552e-05,ACT
ORF1a,1395,GGC,26,0.00101353,1.28948e-05,ACT
ORF1a,1400,ATG,25642,0.999571,4.5946e-05,TCA
ORF1a,1400,ATT,9,0.000350836,1e-08,TCA
ORF1a,1400,AGG,1,3.89818e-05,1e-08,TCA
ORF1a,1401,CTA,25647,0.999766,1e-08,ACT
ORF1a,1401,TTA,6,0.000233891,1e-08,ACT
ORF1a,1402,GCG,25619,0.998675,1e-08,ATA
ORF1a,1402,ACG,1,3.89818e-05,1e-08,ATA
ORF1a,1402,GCT,20,0.000779636,1e-08,ATA
ORF1a,1402,GCA,3,0.000116945,1e-08,ATA
ORF1a,1402,GTG,7,0.000272873,0.000205111,ATA
ORF1a,1403,AAA,25638,0.999415,1e-08,CAG
ORF1a,1403,CAA,14,0.000545745,0.362688,CAG
ORF1a,1409,CCA,25649,0.999844,1e-08,ATT
ORF1a,1409,TCA,1,3.89818e-05,1e-08,ATT
ORF1a,1409,CCG,2,7.79636e-05,1e-08,ATT
ORF1a,1410,ACA,25646,0.999727,0.0149682,AAA
ORF1a,1410,ATA,5,0.000194909,4.21641e-05,AAA
ORF1a,1410,AAA,1,3.89818e-05,0.947845,AAA
ORF1a,1411,GAC,25652,0.999961,2.98616e-06,ATA
ORF1a,1411,GAT,1,3.89818e-05,4.08419e-06,ATA
ORF1a,1412,AAT,25642,0.999571,1.56416e-06,CAA
ORF1a,1412,AGT,8,0.000311854,1e-08,CAA
ORF1a,1412,GAT,2,7.79636e-05,1e-08,CAA
ORF1a,1412,TAT,1,3.89818e-05,1e-08,CAA
ORF1a,1415,ACC,25646,0.999727,1e-08,GTG
ORF1a,1415,ACT,7,0.000272873,1.30368e-06,GTG
ORF1a,1417,TAC,25651,0.999922,2.36457e-06,GAT
ORF1a,1417,TAT,2,7.79636e-05,1.53464e-05,GAT
ORF1a,1418,CCG,25578,0.997076,1e-08,TAT
ORF1a,1418,CCA,4,0.000155927,1e-08,TAT
ORF1a,1418,CCT,71,0.00276771,1e-08,TAT
ORF1a,1419,GGT,25651,0.999922,0.920833,GGT
ORF1a,1419,GGC,1,3.89818e-05,0.0429516,GGT
ORF1a,1420,CAG,25648,0.999805,1e-08,GCC
ORF1a,1420,CAA,3,0.000116945,1.04689e-06,GCC
ORF1a,1423,AAT,25650,0.999883,1e-08,TAC
ORF1a,1423,AGT,2,7.79636e-05,1e-08,TAC
ORF1a,1423,AAC,1,3.89818e-05,1.13723e-05,TAC
ORF1a,1424,GGT,25652,0.999961,1e-08,TTT
ORF1a,1424,GGG,1,3.89818e-05,1e-08,TTT
ORF1a,1425,TAC,25642,0.999571,0.107526,TAT
ORF1a,1425,TAT,9,0.000350836,0.892474,TAT
ORF1a,1425,AAC,1,3.89818e-05,1e-08,TAT
ORF1a,1427,GTA,25650,0.999883,1e-08,AGT
ORF1a,1427,ATA,1,3.89818e-05,5.19422e-06,AGT
ORF1a,1427,GTG,1,3.89818e-05,1e-08,AGT
ORF1a,1428,GAG,25647,0.999766,5.21075e-05,AAA
ORF1a,1428,GAT,6,0.000233891,3.12235e-05,AAA
ORF1a,1433,GTG,25650,0.999883,1.09223e-06,TCA
ORF1a,1433,GTT,3,0.000116945,1e-08,TCA
ORF1a,1440,GCC,25617,0.998597,0.000250149,GAT
ORF1a,1440,GCT,6,0.000233891,0.00713333,GAT
ORF1a,1440,GTC,28,0.00109149,5.19222e-05,GAT
ORF1a,1443,ATT,25651,0.999922,1e-08,GAG
ORF1a,1443,GTT,1,3.89818e-05,1.51403e-05,GAG
ORF1a,1443,ATC,1,3.89818e-05,1e-08,GAG
ORF1a,1444,CTA,25644,0.999649,1e-08,ACT
ORF1a,1444,TTA,7,0.000272873,1e-08,ACT
ORF1a,1445,CCA,25652,0.999961,1e-08,CTT
ORF1a,1445,CCG,1,3.89818e-05,1e-08,CTT
ORF1a,1448,ATC,25651,0.999922,0.000637076,ATG
ORF1a,1448,ATT,2,7.79636e-05,0.00131814,ATG
ORF1a,1450,AAT,25652,0.999961,1e-08,CTT
ORF1a,1450,AAC,1,3.89818e-05,1e-08,CTT
ORF1a,1461,TGG,25652,0.999961,1e-08,GAA
ORF1a,1462,AAT,25649,0.999844,1e-08,GCT
ORF1a,1462,AAC,1,3.89818e-05,1e-08,GCT
ORF1a,1462,AGT,3,0.000116945,1e-08,GCT
ORF1a,1463,TTG,25614,0.99848,1e-08,GCT
ORF1a,1463,TTT,39,0.00152029,1e-08,GCT
ORF1a,1464,CGA,25650,0.999883,0.0502964,CGG
ORF1a,1464,CAA,1,3.89818e-05,0.000204267,CGG
ORF1a,1464,CTA,1,3.89818e-05,6.85199e-06,CGG
ORF1a,1464,CGT,1,3.89818e-05,0.0296983,CGG
ORF1a,1465,GAA,25651,0.999922,1e-08,TAT
ORF1a,1465,GAG,1,3.89818e-05,1e-08,TAT
ORF1a,1466,ATG,25645,0.999688,0.997092,ATG
ORF1a,1466,ATT,7,0.000272873,0.000198102,ATG
ORF1a,1467,CTT,25626,0.998947,1e-08,AGA
ORF1a,1467,TTT,2,7.79636e-05,1e-08,AGA
ORF1a,1467,CTC,25,0.000974545,1e-08,AGA
ORF1a,1469,CAT,25651,0.999922,1e-08,CTC
ORF1a,1469,CAC,1,3.89818e-05,1e-08,CTC
ORF1a,1470,GCA,25646,0.999727,7.8859e-06,AAA
ORF1a,1470,GCT,4,0.000155927,1e-08,AAA
ORF1a,1471,GAA,25649,0.999844,1e-08,GTG
ORF1a,1471,AAA,1,3.89818e-05,1e-08,GTG
ORF1a,1471,GAG,2,7.79636e-05,1e-08,GTG
ORF1a,1474,CGC,25646,0.999727,1e-08,ACA
ORF1a,1474,CGT,5,0.000194909,1e-08,ACA
ORF1a,1474,CAC,1,3.89818e-05,6.11042e-05,ACA
ORF1a,1475,AAA,25652,0.999961,1e-08,GTT
ORF1a,1475,AAG,1,3.89818e-05,1e-08,GTT
ORF1a,1476,TTA,25652,0.999961,2.1886e-05,TCT
ORF1a,1476,CTA,1,3.89818e-05,1e-08,TCT
ORF1a,1479,GTC,25647,0.999766,1e-08,TCA
ORF1a,1479,ATC,1,3.89818e-05,1e-08,TCA
ORF1a,1479,GTT,2,7.79636e-05,1e-08,TCA
ORF1a,1479,TTC,1,3.89818e-05,1e-08,TCA
ORF1a,1481,GTG,25639,0.999454,1.84103e-06,GAT
ORF1a,1481,GTT,14,0.000545745,0.000371058,GAT
ORF1a,1485,GCC,25636,0.999337,0.0146713,GCG
ORF1a,1485,GCT,4,0.000155927,0.0232631,GCG
ORF1a,1485,GTC,8,0.000311854,4.10433e-05,GCG
ORF1a,1485,TCC,3,0.000116945,7.83589e-05,GCG
ORF1a,1498,AAA,25650,0.999883,1e-08,GAA
ORF1a,1498,AGA,2,7.79636e-05,7.59935e-06,GAA
ORF1a,1498,AAG,1,3.89818e-05,1e-08,GAA
ORF1a,1501,GAG,25641,0.999532,1e-08,TTT
ORF1a,1501,GAA,8,0.000311854,1e-08,TTT
ORF1a,1501,GAT,4,0.000155927,1e-08,TTT
ORF1a,1502,GGT,25652,0.999961,3.46913e-06,ATT
ORF1a,1502,GGC,1,3.89818e-05,1e-08,ATT
ORF1a,1503,GTG,25629,0.999064,3.58683e-05,GAA
ORF1a,1503,GTT,11,0.0004288,1.45165e-05,GAA
ORF1a,1503,GTC,1,3.89818e-05,1.04259e-05,GAA
ORF1a,1503,GTA,9,0.000350836,0.00194752,GAA
ORF1a,1503,ATG,2,7.79636e-05,1e-08,GAA
ORF1a,1508,GCT,25633,0.99922,0.92769,GCT
ORF1a,1508,ACT,20,0.000779636,0.00295616,GCT
ORF1a,1509,AGA,25652,0.999961,1e-08,GGC
ORF1a,1509,AGG,1,3.89818e-05,1e-08,GGC
ORF1a,1511,TAC,25651,0.999922,0.588559,TAC
ORF1a,1511,TAT,2,7.79636e-05,0.411441,TAC
ORF1a,1513,TAC,25492,0.993724,4.78024e-06,GAT
ORF1a,1513,TAT,160,0.00623709,4.01034e-05,GAT
ORF1a,1515,AGT,25649,0.999844,1e-08,TCC
ORF1a,1515,TGT,3,0.000116945,4.63826e-05,TCC
ORF1a,1515,ATA,1,3.89818e-05,1e-08,TCC
ORF1a,1516,AAA,25645,0.999688,2.7278e-06,TAT
ORF1a,1516,AGA,7,0.000272873,1e-08,TAT
ORF1a,1516,GAA,1,3.89818e-05,1e-08,TAT
ORF1a,1517,ACA,25637,0.999376,1.32474e-05,TCT
ORF1a,1517,GCA,1,3.89818e-05,7.52286e-06,TCT
ORF1a,1517,ACG,1,3.89818e-05,5.88832e-06,TCT
ORF1a,1517,ATA,14,0.000545745,1e-08,TCT
ORF1a,1518,ACT,25652,0.999961,1e-08,GGA
ORF1a,1518,ACA,1,3.89818e-05,1e-08,GGA
ORF1a,1522,CTT,25651,0.999922,0.000175779,CAA
ORF1a,1522,CTA,1,3.89818e-05,0.0061649,CAA
ORF1a,1523,ATC,25651,0.999922,1e-08,CTA
ORF1a,1523,ATT,1,3.89818e-05,1e-08,CTA
ORF1a,1524,AAC,25652,0.999961,1e-08,GGT
ORF1a,1524,AAT,1,3.89818e-05,1e-08,GGT
ORF1a,1526,CTT,25644,0.999649,1e-08,GAA
ORF1a,1526,TTT,1,3.89818e-05,1e-08,GAA
ORF1a,1526,CTA,8,0.000311854,1e-08,GAA
ORF1a,1527,AAC,25639,0.999454,1e-08,TTT
ORF1a,1527,AAT,11,0.0004288,1.02437e-05,TTT
ORF1a,1527,CAC,1,3.89818e-05,1e-08,TTT
ORF1a,1529,CTA,25639,0.999454,1e-08,AAG
ORF1a,1529,TTA,9,0.000350836,1e-08,AAG
ORF1a,1529,CAA,2,7.79636e-05,0.000190431,AAG
ORF1a,1530,AAT,25650,0.999883,1e-08,AGA
ORF1a,1530,AAC,2,7.79636e-05,1e-08,AGA
ORF1a,1532,ACT,25649,0.999844,5.20546e-06,GAT
ORF1a,1532,ATT,1,3.89818e-05,2.88471e-06,GAT
ORF1a,1532,ACC,1,3.89818e-05,1e-08,GAT
ORF1a,1532,GCT,1,3.89818e-05,0.000591314,GAT
ORF1a,1532,CCT,1,3.89818e-05,1e-08,GAT
ORF1a,1536,ATG,25649,0.999844,1e-08,TAT
ORF1a,1536,AAG,2,7.79636e-05,1e-08,TAT
ORF1a,1536,ATT,2,7.79636e-05,1e-08,TAT
ORF1a,1541,GTA,25651,0.999922,1e-08,CCT
ORF1a,1541,GTG,1,3.89818e-05,1.97537e-06,CCT
ORF1a,1541,TTA,1,3.89818e-05,0.000121746,CCT
ORF1a,1543,CAT,25650,0.999883,1e-08,ACA
ORF1a,1543,CAC,2,7.79636e-05,1e-08,ACA
ORF1a,1544,GGC,25643,0.99961,1e-08,TTT
ORF1a,1544,GGT,4,0.000155927,1e-08,TTT
ORF1a,1544,AGC,3,0.000116945,1e-08,TTT
ORF1a,1544,GAC,2,7.79636e-05,1e-08,TTT
ORF1a,1546,AAT,25649,0.999844,1e-08,CTA
ORF1a,1546,AAC,2,7.79636e-05,1e-08,CTA
ORF1a,1547,TTG,25651,0.999922,1e-08,GAT
ORF1a,1547,TTA,1,3.89818e-05,1e-08,GAT
ORF1a,1550,GCT,25650,0.999883,0.00228486,GTT
ORF1a,1550,TCT,1,3.89818e-05,0.00187484,GTT
ORF1a,1550,GCC,1,3.89818e-05,2.24156e-05,GTT
ORF1a,1552,CGG,25644,0.999649,1.98681e-06,ACC
ORF1a,1552,CCG,1,3.89818e-05,6.59338e-06,ACC
ORF1a,1552,TGG,5,0.000194909,1e-08,ACC
ORF1a,1552,CAG,2,7.79636e-05,1e-08,ACC
ORF1a,1554,ATG,25651,0.999922,1e-08,GAC
ORF1a,1555,AGA,25648,0.999805,9.07826e-06,AAT
ORF1a,1555,AAA,3,0.000116945,0.00101564,AAT
ORF1a,1556,TCT,25609,0.998285,7.07203e-05,CTT
ORF1a,1556,TTT,35,0.00136436,0.0049504,CTT
ORF1a,1557,CTC,25650,0.999883,1e-08,AAG
ORF1a,1557,CTT,1,3.89818e-05,1e-08,AAG
ORF1a,1559,GTG,25651,0.999922,3.93306e-05,CTT
ORF1a,1559,GTA,1,3.89818e-05,5.51005e-05,CTT
ORF1a,1561,GCT,25641,0.999532,0.00989046,TCT
ORF1a,1561,GTT,10,0.000389818,0.000126323,TCT
ORF1a,1561,GCC,1,3.89818e-05,0.000111008,TCT
ORF1a,1562,ACA,25649,0.999844,1.03875e-06,TTG
ORF1a,1562,ACT,2,7.79636e-05,1e-08,TTG
ORF1a,1565,GTT,25651,0.999922,0.801058,GTT
ORF1a,1565,GTC,1,3.89818e-05,0.0560839,GTT
ORF1a,1566,TCT,25649,0.999844,1e-08,AGG
ORF1a,1566,TTT,2,7.79636e-05,1e-08,AGG
ORF1a,1567,TCA,25652,0.999961,2.1621e-05,ACT
ORF1a,1567,TCG,1,3.89818e-05,1.55341e-05,ACT
ORF1a,1568,CCT,25650,0.999883,1e-08,ATT
ORF1a,1568,CCC,1,3.89818e-05,1e-08,ATT
ORF1a,1568,CTT,2,7.79636e-05,0.00010556,ATT
ORF1a,1573,GCG,25636,0.999337,1e-08,ACA
ORF1a,1573,GCT,12,0.000467782,1e-08,ACA
ORF1a,1573,GCA,3,0.000116945,1e-08,ACA
ORF1a,1576,GGT,25649,0.999844,1.87843e-06,AAC
ORF1a,1576,GTA,1,3.89818e-05,1e-08,AAC
ORF1a,1576,GTT,1,3.89818e-05,1e-08,AAC
ORF1a,1581,TCT,25652,0.999961,1e-08,ACG
ORF1a,1581,TCC,1,3.89818e-05,1e-08,ACG
ORF1a,1582,TCT,25649,0.999844,1e-08,CAA
ORF1a,1582,TCC,1,3.89818e-05,1e-08,CAA
ORF1a,1582,TCG,2,7.79636e-05,1e-08,CAA
ORF1a,1584,ACA,25649,0.999844,1e-08,GTG
ORF1a,1584,ATA,4,0.000155927,1e-08,GTG
ORF1a,1585,CCT,25627,0.998986,1e-08,GAC
ORF1a,1585,TCT,3,0.000116945,1.25147e-06,GAC
ORF1a,1585,CTT,23,0.000896581,1.73332e-06,GAC
ORF1a,1588,CAT,25647,0.999766,1e-08,ATG
ORF1a,1588,GAT,1,3.89818e-05,1e-08,ATG
ORF1a,1588,TAT,4,0.000155927,1e-08,ATG
ORF1a,1593,ATC,25638,0.999415,1e-08,CAG
ORF1a,1593,ACC,6,0.000233891,1e-08,CAG
ORF1a,1593,ATT,9,0.000350836,1e-08,CAG
ORF1a,1598,TCC,25648,0.999805,1e-08,TAT
ORF1a,1598,TCT,5,0.000194909,1e-08,TAT
ORF1a,1603,TCC,25634,0.999259,1e-08,GAT
ORF1a,1603,TTC,15,0.000584727,1e-08,GAT
ORF1a,1603,TCT,4,0.000155927,1e-08,GAT
ORF1a,1605,TCT,25650,0.999883,0.00249938,ACT
ORF1a,1605,TTT,1,3.89818e-05,1e-08,ACT
ORF1a,1609,ACA,25647,0.999766,1e-08,CCT
ORF1a,1609,ATA,5,0.000194909,1e-08,CCT
ORF1a,1609,ACG,1,3.89818e-05,1e-08,CCT
ORF1a,1611,CTA,25648,0.999805,2.95215e-05,AAT
ORF1a,1611,TTA,2,7.79636e-05,2.39148e-06,AAT
ORF1a,1613,ATA,25630,0.999103,1.66922e-06,CAT
ORF1a,1613,GTA,22,0.0008576,1e-08,CAT
ORF1a,1613,ATG,1,3.89818e-05,1e-08,CAT
ORF1a,1616,CTT,25652,0.999961,1e-08,AAA
ORF1a,1616,CTC,1,3.89818e-05,1e-08,AAA
ORF1a,1622,AGT,25648,0.999805,1e-08,CCT
ORF1a,1622,ATT,5,0.000194909,1e-08,CCT
ORF1a,1623,GTA,25650,0.999883,1e-08,AAT
ORF1a,1623,GTG,2,7.79636e-05,1e-08,AAT
ORF1a,1625,TAC,25651,0.999922,1.24568e-06,GAC
ORF1a,1625,TAT,2,7.79636e-05,1e-08,GAC
ORF1a,1626,ACT,25651,0.999922,0.916959,ACT
ORF1a,1626,ATT,2,7.79636e-05,0.00186511,ACT
ORF1a,1628,AAT,25650,0.999883,5.44828e-06,CGT
ORF1a,1628,AGT,2,7.79636e-05,0.000853401,CGT
ORF1a,1628,AAC,1,3.89818e-05,1e-08,CGT
ORF1a,1629,CCT,25645,0.999688,0.0413362,GCT
ORF1a,1629,CTT,1,3.89818e-05,0.00656429,GCT
ORF1a,1629,CCA,1,3.89818e-05,0.0046794,GCT
ORF1a,1629,TCT,4,0.000155927,0.0154644,GCT
ORF1a,1630,ACC,25641,0.999532,1e-08,GAG
ORF1a,1630,ACG,1,3.89818e-05,1e-08,GAG
ORF1a,1630,ATC,4,0.000155927,1e-08,GAG
ORF1a,1630,ACT,6,0.000233891,1e-08,GAG
ORF1a,1631,ACA,25645,0.999688,7.99831e-06,GCT
ORF1a,1631,GCA,1,3.89818e-05,0.0103166,GCT
ORF1a,1631,ATA,4,0.000155927,1e-08,GCT
ORF1a,1632,TTC,25646,0.999727,0.0231854,TTT
ORF1a,1632,TTT,6,0.000233891,0.974436,TTT
ORF1a,1633,CAC,25646,0.999727,1e-08,GAG
ORF1a,1633,TAC,1,3.89818e-05,1e-08,GAG
ORF1a,1633,CGC,2,7.79636e-05,1e-08,GAG
ORF1a,1633,CAT,2,7.79636e-05,1e-08,GAG
ORF1a,1640,ACC,25650,0.999883,8.86641e-05,CCT
ORF1a,1640,ACT,1,3.89818e-05,0.0030281,CCT
ORF1a,1641,TTT,25649,0.999844,1e-08,AGT
ORF1a,1641,CTT,2,7.79636e-05,1e-08,AGT
ORF1a,1641,TTC,1,3.89818e-05,1e-08,AGT
ORF1a,1642,GAC,25644,0.999649,1e-08,TTT
ORF1a,1642,TAC,2,7.79636e-05,1e-08,TTT
ORF1a,1642,GAT,5,0.000194909,1e-08,TTT
ORF1a,1647,CTT,25641,0.999532,1e-08,ATG
ORF1a,1647,TTT,2,7.79636e-05,1e-08,ATG
ORF1a,1647,ATT,3,0.000116945,0.000160912,ATG
ORF1a,1649,TCT,25644,0.999649,2.19436e-05,GCA
ORF1a,1649,TTT,1,3.89818e-05,1e-08,GCA
ORF1a,1649,GCT,7,0.000272873,0.0699716,GCA
ORF1a,1650,TTG,25636,0.999337,0.00677862,TTA
ORF1a,1650,TTA,1,3.89818e-05,0.976599,TTA
ORF1a,1650,CTG,15,0.000584727,4.49399e-05,TTA
ORF1a,1655,ACT,25644,0.999649,1.06275e-06,AAG
ORF1a,1655,ACC,1,3.89818e-05,1e-08,AAG
ORF1a,1655,ATT,6,0.000233891,1e-08,AAG
ORF1a,1658,GTG,25642,0.999571,1e-08,TAC
ORF1a,1658,GTT,10,0.000389818,1e-08,TAC
ORF1a,1662,GTA,25651,0.999922,1e-08,AAT
ORF1a,1662,GTG,1,3.89818e-05,1e-08,AAT
ORF1a,1663,GAC,25650,0.999883,1e-08,GGT
ORF1a,1663,GAT,2,7.79636e-05,1e-08,GGT
ORF1a,1664,AAC,25648,0.999805,1e-08,TTA
ORF1a,1664,ACC,1,3.89818e-05,1e-08,TTA
ORF1a,1664,AAT,2,7.79636e-05,1e-08,TTA
ORF1a,1666,AAC,25642,0.999571,1e-08,TCT
ORF1a,1666,AAT,9,0.000350836,1.02839e-06,TCT
ORF1a,1667,CTC,25649,0.999844,0.000263181,ATT
ORF1a,1667,TTC,1,3.89818e-05,2.01081e-05,ATT
ORF1a,1667,ATC,1,3.89818e-05,0.0826594,ATT
ORF1a,1667,CTT,1,3.89818e-05,0.0023769,ATT
ORF1a,1668,CAC,25650,0.999883,1e-08,AAA
ORF1a,1668,CAT,2,7.79636e-05,1.20798e-06,AAA
ORF1a,1669,ACG,25641,0.999532,1e-08,TGG
ORF1a,1669,ATG,5,0.000194909,1e-08,TGG
ORF1a,1669,ACT,1,3.89818e-05,1e-08,TGG
ORF1a,1669,GCG,1,3.89818e-05,1e-08,TGG
ORF1a,1669,ACA,3,0.000116945,1e-08,TGG
ORF1a,1670,CAA,25633,0.99922,1e-08,GCA
ORF1a,1670,CAC,3,0.000116945,1e-08,GCA
ORF1a,1672,GTG,25650,0.999883,1e-08,AAC
ORF1a,1672,GTT,1,3.89818e-05,1e-08,AAC
ORF1a,1672,GTA,1,3.89818e-05,1e-08,AAC
ORF1a,1674,ATG,25652,0.999961,1e-08,TGT
ORF1a,1677,ACA,25649,0.999844,6.9741e-05,GCC
ORF1a,1677,ATA,3,0.000116945,1e-08,GCC
ORF1a,1679,GGA,25648,0.999805,0.000755522,GCA
ORF1a,1679,AGA,3,0.000116945,5.03969e-06,GCA
ORF1a,1680,CAA,25648,0.999805,7.60785e-06,TTA
ORF1a,1680,AAA,3,0.000116945,1.31901e-06,TTA
ORF1a,1680,CGA,2,7.79636e-05,1e-08,TTA
ORF1a,1681,CAG,25650,0.999883,1e-08,TTA
ORF1a,1681,CAA,2,7.79636e-05,1.64222e-05,TTA
ORF1a,1684,CCA,25648,0.999805,2.27358e-05,CAG
ORF1a,1684,CCG,1,3.89818e-05,4.04974e-05,CAG
ORF1a,1684,CTA,2,7.79636e-05,1e-08,CAG
ORF1a,1684,TCA,2,7.79636e-05,1e-08,CAG
ORF1a,1685,ACT,25645,0.999688,4.91597e-06,CAA
ORF1a,1685,ATT,8,0.000311854,1e-08,CAA
ORF1a,1687,TTG,25625,0.998909,1e-08,GAG
ORF1a,1687,TTT,25,0.000974545,1e-08,GAG
ORF1a,1687,TTA,3,0.000116945,1e-08,GAG
ORF1a,1693,ACT,25650,0.999883,1e-08,CCT
ORF1a,1693,ATT,2,7.79636e-05,1e-08,CCT
ORF1a,1695,ATA,25645,0.999688,1e-08,TTA
ORF1a,1695,GTA,8,0.000311854,0.00415685,TTA
ORF1a,1699,AAT,25652,0.999961,8.3211e-06,TAC
ORF1a,1699,AAC,1,3.89818e-05,1.4281e-05,TAC
ORF1a,1700,TCA,25647,0.999766,6.04905e-06,TAC
ORF1a,1700,TTA,5,0.000194909,1.59016e-06,TAC
ORF1a,1701,CAT,25650,0.999883,1.89587e-06,AGG
ORF1a,1701,CAC,3,0.000116945,1e-08,AGG
ORF1a,1705,ACA,25652,0.999961,1e-08,GGT
ORF1a,1705,ACC,1,3.89818e-05,1e-08,GGT
ORF1a,1709,TTA,25650,0.999883,1e-08,AAT
ORF1a,1709,TTG,2,7.79636e-05,1e-08,AAT
ORF1a,1713,GAC,25651,0.999922,1e-08,CTT
ORF1a,1713,GAT,2,7.79636e-05,1e-08,CTT
ORF1a,1714,ACT,25606,0.998168,1.60817e-05,ATC
ORF1a,1714,ATT,46,0.00179316,0.0532396,ATC
ORF1a,1715,CTA,25644,0.999649,0.255069,TTA
ORF1a,1715,TTA,7,0.000272873,0.565104,TTA
ORF1a,1716,CGT,25650,0.999883,1e-08,GCC
ORF1a,1716,CAT,1,3.89818e-05,1e-08,GCC
ORF1a,1716,CTT,1,3.89818e-05,1e-08,GCC
ORF1a,1717,GTT,25648,0.999805,1e-08,TAC
ORF1a,1717,GCT,1,3.89818e-05,1e-08,TAC
ORF1a,1717,TTT,1,3.89818e-05,4.09662e-06,TAC
ORF1a,1717,GTA,1,3.89818e-05,1e-08,TAC
ORF1a,1717,ATT,1,3.89818e-05,1e-08,TAC
ORF1a,1718,GAG,25651,0.999922,1e-08,TGT
ORF1a,1718,GAA,2,7.79636e-05,1e-08,TGT
ORF1a,1719,GCT,25642,0.999571,1.74834e-06,AAT
ORF1a,1719,GTT,7,0.000272873,1e-08,AAT
ORF1a,1719,ACT,2,7.79636e-05,0.000144092,AAT
ORF1a,1719,GCC,1,3.89818e-05,1.59464e-06,AAT
ORF1a,1720,TTT,25641,0.999532,1e-08,AAG
ORF1a,1720,TTA,10,0.000389818,1e-08,AAG
ORF1a,1720,TCT,1,3.89818e-05,1e-08,AAG
ORF1a,1723,TAC,25642,0.999571,1e-08,GGT
ORF1a,1723,TAT,10,0.000389818,1e-08,GGT
ORF1a,1724,CAC,25651,0.999922,9.34694e-06,GAG
ORF1a,1724,CAT,2,7.79636e-05,2.22314e-05,GAG
ORF1a,1725,ACA,25643,0.99961,1e-08,TTA
ORF1a,1725,ATA,6,0.000233891,4.46124e-05,TTA
ORF1a,1725,ACG,1,3.89818e-05,1e-08,TTA
ORF1a,1727,GAT,25650,0.999883,0.928261,GAT
ORF1a,1727,GAC,3,0.000116945,0.0717392,GAT
ORF1a,1728,CCT,25606,0.998168,1e-08,GTT
ORF1a,1728,TCT,23,0.000896581,1e-08,GTT
ORF1a,1728,CTT,18,0.000701672,1.925e-05,GTT
ORF1a,1728,CCC,1,3.89818e-05,1e-08,GTT
ORF1a,1730,TTT,25651,0.999922,1e-08,GAA
ORF1a,1730,TTC,1,3.89818e-05,1e-08,GAA
ORF1a,1731,CTG,25648,0.999805,1.81573e-06,ACA
ORF1a,1731,TTG,3,0.000116945,1.77991e-06,ACA
ORF1a,1731,CTT,2,7.79636e-05,1e-08,ACA
ORF1a,1735,ATG,25646,0.999727,0.00616597,TTG
ORF1a,1735,ATT,6,0.000233891,1.04729e-05,TTG
ORF1a,1737,GCA,25647,0.999766,2.55015e-05,CAA
ORF1a,1737,TCA,1,3.89818e-05,2.43234e-05,CAA
ORF1a,1737,GTA,3,0.000116945,3.71596e-05,CAA
ORF1a,1740,CAC,25645,0.999688,3.9091e-05,AAT
ORF1a,1740,CTC,1,3.89818e-05,1e-08,AAT
ORF1a,1740,CAT,6,0.000233891,0.0008363,AAT
ORF1a,1740,CCC,1,3.89818e-05,1e-08,AAT
ORF1a,1741,ACT,25642,0.999571,1e-08,TTA
ORF1a,1741,ATT,5,0.000194909,1e-08,TTA
ORF1a,1741,ACC,4,0.000155927,1e-08,TTA
ORF1a,1741,ACA,1,3.89818e-05,1e-08,TTA
ORF1a,1743,AAG,25638,0.999415,1.29844e-06,TCT
ORF1a,1743,AAT,15,0.000584727,1.24574e-05,TCT
ORF1a,1746,TAC,25646,0.999727,1e-08,AGA
ORF1a,1746,TAT,5,0.000194909,1e-08,AGA
ORF1a,1752,TTA,25628,0.999025,1e-08,TGT
ORF1a,1752,TTG,2,7.79636e-05,1e-08,TGT
ORF1a,1755,ATT,25650,0.999883,1e-08,TGT
ORF1a,1755,GTT,2,7.79636e-05,1e-08,TGT
ORF1a,1759,GAT,25652,0.999961,5.94656e-05,CAG
ORF1a,1759,GAC,1,3.89818e-05,3.36826e-05,CAG
ORF1a,1761,AAC,25639,0.999454,0.000761933,ACT
ORF1a,1761,AAT,10,0.000389818,0.0180841,ACT
ORF1a,1763,TAT,25650,0.999883,7.38833e-06,AAG
ORF1a,1763,TAC,1,3.89818e-05,3.67183e-06,AAG
ORF1a,1768,TTG,25646,0.999727,1e-08,GTT
ORF1a,1768,TTA,7,0.000272873,1e-08,GTT
ORF1a,1769,TTA,25650,0.999883,0.000106854,ATG
ORF1a,1769,CTA,1,3.89818e-05,0.000105713,ATG
ORF1a,1770,ACA,25643,0.99961,1e-08,TAC
ORF1a,1770,GCA,4,0.000155927,1e-08,TAC
ORF1a,1770,ATA,6,0.000233891,1e-08,TAC
ORF1a,1776,TTG,25651,0.999922,1e-08,TAT
ORF1a,1776,TTA,1,3.89818e-05,1e-08,TAT
ORF1a,1779,AAT,25648,0.999805,1e-08,CTT
ORF1a,1779,AGT,1,3.89818e-05,1e-08,CTT
ORF1a,1779,AAC,2,7.79636e-05,1e-08,CTT
ORF1a,1780,CCA,25640,0.999493,1e-08,AAG
ORF1a,1780,CTA,5,0.000194909,1e-08,AAG
ORF1a,1780,TCA,6,0.000233891,1e-08,AAG
ORF1a,1783,CTA,25647,0.999766,1.86939e-05,GTT
ORF1a,1783,TTA,5,0.000194909,7.1699e-05,GTT
ORF1a,1784,CAA,25649,0.999844,0.0441115,CAG
ORF1a,1784,CAG,3,0.000116945,0.8545,CAG
ORF1a,1785,GAT,25651,0.999922,1e-08,ATA
ORF1a,1785,GAC,2,7.79636e-05,1e-08,ATA
ORF1a,1788,TAC,25643,0.99961,1.5736e-06,ACT
ORF1a,1788,TAT,7,0.000272873,1.99875e-05,ACT
ORF1a,1789,AGA,25650,0.999883,1e-08,TGT
ORF1a,1789,AGG,2,7.79636e-05,1e-08,TGT
ORF1a,1792,GCT,25652,0.999961,1e-08,CAA
ORF1a,1792,GCA,1,3.89818e-05,1.75453e-05,CAA
ORF1a,1797,AAC,25646,0.999727,1e-08,CTA
ORF1a,1797,AAT,7,0.000272873,1e-08,CTA
ORF1a,1802,ATC,25649,0.999844,1e-08,TCA
ORF1a,1802,ATT,2,7.79636e-05,1e-08,TCA
ORF1a,1802,GTC,1,3.89818e-05,1e-08,TCA
ORF1a,1802,ACC,1,3.89818e-05,6.92292e-06,TCA
ORF1a,1803,TTA,25647,0.999766,1e-08,CCT
ORF1a,1803,TTG,2,7.79636e-05,1e-08,CCT
ORF1a,1804,GCC,25648,0.999805,1e-08,TTT
ORF1a,1804,GCT,2,7.79636e-05,1e-08,TTT
ORF1a,1804,TCC,2,7.79636e-05,1e-08,TTT
ORF1a,1808,AAG,25650,0.999883,1e-08,TCG
ORF1a,1808,AAT,3,0.000116945,1e-08,TCG
ORF1a,1815,GAT,25651,0.999922,0.000876617,GAA
ORF1a,1815,GAC,2,7.79636e-05,0.000624001,GAA
ORF1a,1816,GTT,25652,0.999961,4.08982e-05,CTT
ORF1a,1816,GTC,1,3.89818e-05,1.00489e-06,CTT
ORF1a,1819,ACA,25647,0.999766,4.70226e-06,GGT
ORF1a,1819,ATA,5,0.000194909,1e-08,GGT
ORF1a,1821,AGT,25651,0.999922,1e-08,TTT
ORF1a,1821,AGC,1,3.89818e-05,1e-08,TTT
ORF1a,1821,GGT,1,3.89818e-05,1e-08,TTT
ORF1a,1822,TAC,25615,0.998519,2.65414e-06,ATT
ORF1a,1822,TGC,1,3.89818e-05,1e-08,ATT
ORF1a,1822,TAT,14,0.000545745,3.88925e-05,ATT
ORF1a,1822,CAC,23,0.000896581,1e-08,ATT
ORF1a,1827,GCC,25650,0.999883,1e-08,TAC
ORF1a,1827,GCT,1,3.89818e-05,1e-08,TAC
ORF1a,1828,AAT,25651,0.999922,0.00125324,ACT
ORF1a,1828,AAG,1,3.89818e-05,1e-08,ACT
ORF1a,1828,AAC,1,3.89818e-05,2.5768e-05,ACT
ORF1a,1832,TGC,25642,0.999571,1e-08,CAG
ORF1a,1832,TGT,9,0.000350836,1e-08,CAG
ORF1a,1835,GTC,25643,0.99961,1e-08,CAC
ORF1a,1835,GTT,10,0.000389818,1e-08,CAC
ORF1a,1836,TTG,25652,0.999961,1e-08,TAT
ORF1a,1836,TTA,1,3.89818e-05,1e-08,TAT
ORF1a,1837,AAC,25639,0.999454,0.000310969,AAA
ORF1a,1837,AAT,12,0.000467782,0.000436476,AAA
ORF1a,1838,GTG,25651,0.999922,1e-08,CAT
ORF1a,1838,ATG,1,3.89818e-05,1e-08,CAT
ORF1a,1838,GTT,1,3.89818e-05,1e-08,CAT
ORF1a,1839,GTG,25651,0.999922,0.000420232,ATA
ORF1a,1839,GTT,2,7.79636e-05,0.000669976,ATA
ORF1a,1840,TGT,25646,0.999727,1e-08,ACT
ORF1a,1840,TGC,7,0.000272873,1e-08,ACT
ORF1a,1845,CAA,25652,0.999961,1e-08,TTG
ORF1a,1845,CAG,1,3.89818e-05,1e-08,TTG
ORF1a,1846,CAG,25645,0.999688,1e-08,TAT
ORF1a,1846,CAA,2,7.79636e-05,1e-08,TAT
ORF1a,1846,CGG,1,3.89818e-05,1.81199e-06,TAT
ORF1a,1846,CTG,5,0.000194909,1e-08,TAT
ORF1a,1847,CAG,25652,0.999961,1e-08,TGC
ORF1a,1847,CAA,1,3.89818e-05,1e-08,TGC
ORF1a,1849,ACC,25640,0.999493,1e-08,GAT
ORF1a,1849,ATC,1,3.89818e-05,1e-08,GAT
ORF1a,1849,ACT,11,0.0004288,1e-08,GAT
ORF1a,1850,CTT,25645,0.999688,1e-08,GGT
ORF1a,1850,TTT,2,7.79636e-05,1e-08,GGT
ORF1a,1850,CTC,6,0.000233891,1e-08,GGT
ORF1a,1851,AAG,25635,0.999298,1e-08,GCT
ORF1a,1851,AAT,13,0.000506763,4.56053e-06,GCT
ORF1a,1851,AGG,1,3.89818e-05,1e-08,GCT
ORF1a,1851,AAA,1,3.89818e-05,1e-08,GCT
ORF1a,1853,GTA,25650,0.999883,3.45546e-05,CTT
ORF1a,1853,GTG,1,3.89818e-05,2.38544e-05,CTT
ORF1a,1853,GTC,2,7.79636e-05,0.000243163,CTT
ORF1a,1854,GAA,25645,0.999688,6.26195e-06,ACA
ORF1a,1854,AAA,8,0.000311854,0.00132983,ACA
ORF1a,1857,ATG,25635,0.999298,1e-08,TCT
ORF1a,1857,ATT,13,0.000506763,1e-08,TCT
ORF1a,1857,GTG,1,3.89818e-05,1e-08,TCT
ORF1a,1857,ATA,4,0.000155927,1e-08,TCT
ORF1a,1858,TAC,25623,0.998831,1e-08,GAG
ORF1a,1858,TAT,3,0.000116945,1e-08,GAG
ORF1a,1858,CAC,23,0.000896581,1e-08,GAG
ORF1a,1860,GGC,25651,0.999922,1e-08,AAA
ORF1a,1860,GTC,1,3.89818e-05,1e-08,AAA
ORF1a,1860,GGT,1,3.89818e-05,1e-08,AAA
ORF1a,1864,TAT,25652,0.999961,1e-08,ACG
ORF1a,1864,TAC,1,3.89818e-05,1e-08,ACG
ORF1a,1866,CAA,25652,0.999961,1e-08,ATT
ORF1a,1866,CAG,1,3.89818e-05,1e-08,ATT
ORF1a,1868,AAG,25652,0.999961,1e-08,TAC
ORF1a,1868,AAA,1,3.89818e-05,1e-08,TAC
ORF1a,1869,AAA,25647,0.999766,0.939075,AAA
ORF1a,1869,AAG,4,0.000155927,0.0534919,AAA
ORF1a,1874,CCT,25647,0.999766,2.22477e-06,ATA
ORF1a,1874,CTT,5,0.000194909,8.53899e-06,ATA
ORF1a,1876,ACG,25635,0.999298,0.00603507,ACC
ORF1a,1876,ATG,4,0.000155927,0.000143311,ACC
ORF1a,1876,ACA,6,0.000233891,0.0123208,ACC
ORF1a,1876,ACT,6,0.000233891,0.0337196,ACC
ORF1a,1883,AAA,25646,0.999727,0.78853,AAA
ORF1a,1883,AAC,1,3.89818e-05,0.000817355,AAA
ORF1a,1883,AAG,6,0.000233891,0.198883,AAA
ORF1a,1885,CTA,25648,0.999805,1e-08,GAT
ORF1a,1885,TTA,4,0.000155927,1e-08,GAT
ORF1a,1885,CTG,1,3.89818e-05,1e-08,GAT
ORF1a,1888,CAG,25649,0.999844,1e-08,GTT
ORF1a,1888,CAA,3,0.000116945,1e-08,GTT
ORF1a,1889,GAG,25648,0.999805,1e-08,TGT
ORF1a,1889,GAA,3,0.000116945,1e-08,TGT
ORF1a,1891,CCT,25646,0.999727,1e-08,GAA
ORF1a,1891,TCT,4,0.000155927,1e-08,GAA
ORF1a,1898,CCA,25646,0.999727,1e-08,AAT
ORF1a,1898,CAA,1,3.89818e-05,1.4104e-05,AAT
ORF1a,1898,TCA,1,3.89818e-05,3.02149e-06,AAT
ORF1a,1898,CCT,1,3.89818e-05,8.71951e-05,AAT
ORF1a,1898,CTA,4,0.000155927,1e-08,AAT
ORF1a,1899,CCT,25651,0.999922,3.69386e-05,TAT
ORF1a,1899,TCT,1,3.89818e-05,5.75892e-05,TAT
ORF1a,1899,CCC,1,3.89818e-05,3.42324e-06,TAT
ORF1a,1901,CAG,25650,0.999883,0.000313712,AAG
ORF1a,1901,CAT,2,7.79636e-05,1e-08,AAG
ORF1a,1901,CAA,1,3.89818e-05,3.13724e-05,AAG
ORF1a,1906,CAT,25650,0.999883,1e-08,TAT
ORF1a,1906,TAT,3,0.000116945,0.979345,TAT
ORF1a,1908,ACA,25651,0.999922,0.819852,ACA
ORF1a,1908,ATA,2,7.79636e-05,0.001113,ACA
ORF1a,1909,TTT,25652,0.999961,1e-08,GAG
ORF1a,1909,TTC,1,3.89818e-05,1e-08,GAG
ORF1a,1910,ACT,25630,0.999103,1e-08,CAA
ORF1a,1910,ATT,23,0.000896581,1e-08,CAA
ORF1a,1912,GCT,25642,0.999571,1e-08,ATT
ORF1a,1912,GTT,6,0.000233891,0.00631771,ATT
ORF1a,1925,AAA,25652,0.999961,1e-08,TTC
ORF1a,1925,AAG,1,3.89818e-05,1e-08,TTC
ORF1a,1928,ACT,25629,0.999064,1e-08,TTC
ORF1a,1928,ATT,24,0.000935563,2.7373e-05,TTC
ORF1a,1932,ACT,25651,0.999922,1e-08,TGT
ORF1a,1932,ACC,1,3.89818e-05,1e-08,TGT
ORF1a,1932,ATT,1,3.89818e-05,1.2819e-06,TGT
ORF1a,1934,TAT,25652,0.999961,5.431e-06,AAC
ORF1a,1934,TAC,1,3.89818e-05,8.79618e-06,AAC
ORF1a,1935,TGC,25645,0.999688,0.000536374,ATC
ORF1a,1935,TGT,7,0.000272873,1.93584e-05,ATC
ORF1a,1935,AGC,1,3.89818e-05,0.0226363,ATC
ORF1a,1937,GAC,25637,0.999376,1e-08,CTT
ORF1a,1937,GAT,12,0.000467782,1.12973e-06,CTT
ORF1a,1939,GCT,25630,0.999103,0.000198687,GAT
ORF1a,1939,GTT,23,0.000896581,0.000185638,GAT
ORF1a,1940,TTA,25651,0.999922,1e-08,GAT
ORF1a,1940,TTG,1,3.89818e-05,1e-08,GAT
ORF1a,1941,CTT,25649,0.999844,0.00399679,TTA
ORF1a,1941,TTT,4,0.000155927,0.00102282,TTA
ORF1a,1942,ACA,25628,0.999025,1e-08,AAC
ORF1a,1942,ATA,22,0.0008576,1e-08,AAC
ORF1a,1942,AAA,1,3.89818e-05,1e-08,AAC
ORF1a,1942,GCA,1,3.89818e-05,1e-08,AAC
ORF1a,1943,AAG,25651,0.999922,0.00283044,CAG
ORF1a,1943,AGG,1,3.89818e-05,1.5832e-05,CAG
ORF1a,1944,TCC,25648,0.999805,0.00010553,TTA
ORF1a,1944,TCT,3,0.000116945,0.000169532,TTA
ORF1a,1944,TTC,1,3.89818e-05,0.00345628,TTA
ORF1a,1945,TCA,25652,0.999961,0.00108948,ACT
ORF1a,1945,TCT,1,3.89818e-05,0.297456,ACT
ORF1a,1947,TAC,25649,0.999844,0.633582,TAC
ORF1a,1947,TAT,2,7.79636e-05,0.35257,TAC
ORF1a,1947,CAC,1,3.89818e-05,0.000147744,TAC
ORF1a,1950,CCT,25642,0.999571,0.968165,CCT
ORF1a,1950,TCT,9,0.000350836,0.00213142,CCT
ORF1a,1952,ACG,25648,0.999805,0.000936947,TCA
ORF1a,1952,GCG,5,0.000194909,0.000187309,TCA
ORF1a,1953,GAT,25650,0.999883,1e-08,AGA
ORF1a,1953,GAC,3,0.000116945,1e-08,AGA
ORF1a,1956,TAC,25632,0.999181,1.78848e-06,AAA
ORF1a,1956,TAT,18,0.000701672,2.88774e-06,AAA
ORF1a,1959,AAC,25651,0.999922,1e-08,TTC
ORF1a,1959,AAT,1,3.89818e-05,1e-08,TTC
ORF1a,1959,ACC,1,3.89818e-05,1e-08,TTC
ORF1a,1960,AGT,25650,0.999883,1e-08,TTC
ORF1a,1960,AAT,1,3.89818e-05,1e-08,TTC
ORF1a,1960,AGC,1,3.89818e-05,1e-08,TTC
ORF1a,1961,TAC,25645,0.999688,1e-08,CCT
ORF1a,1961,TAT,6,0.000233891,1e-08,CCT
ORF1a,1964,ACC,25648,0.999805,1.04736e-05,AAT
ORF1a,1964,ATC,3,0.000116945,5.48041e-06,AAT
ORF1a,1964,ACT,1,3.89818e-05,0.000517697,AAT
ORF1a,1969,ACT,25645,0.999688,2.60231e-06,GCT
ORF1a,1969,ATT,7,0.000272873,1e-08,GCT
ORF1a,1971,AAA,25652,0.999961,1e-08,GAT
ORF1a,1971,AAG,1,3.89818e-05,1e-08,GAT
ORF1a,1972,TTG,25649,0.999844,1.06625e-06,TAT
ORF1a,1972,TTA,3,0.000116945,3.40114e-06,TAT
ORF1a,1973,GAT,25650,0.999883,1e-08,AAA
ORF1a,1973,GAC,1,3.89818e-05,1e-08,AAA
ORF1a,1974,GGT,25652,0.999961,1e-08,CAC
ORF1a,1974,GGC,1,3.89818e-05,1e-08,CAC
ORF1a,1980,ATT,25650,0.999883,1e-08,AAG
ORF1a,1980,ATG,1,3.89818e-05,0.000285677,AAG
ORF1a,1980,ATC,1,3.89818e-05,1e-08,AAG
ORF1a,1981,GAC,25646,0.999727,1e-08,AAA
ORF1a,1981,GAA,1,3.89818e-05,3.98153e-05,AAA
ORF1a,1981,GAT,6,0.000233891,1e-08,AAA
ORF1a,1985,GAC,25652,0.999961,1e-08,TTG
ORF1a,1985,GAT,1,3.89818e-05,1e-08,TTG
ORF1a,1991,GAC,25643,0.99961,4.01347e-06,GTC
ORF1a,1991,GAT,8,0.000311854,2.34792e-06,GTC
ORF1a,1991,TAC,1,3.89818e-05,3.29942e-06,GTC
ORF1a,1992,AAT,25651,0.999922,1e-08,TGG
ORF1a,1992,AAC,2,7.79636e-05,1e-08,TGG
ORF1a,1995,TTC,25641,0.999532,1e-08,AAC
ORF1a,1995,TTT,11,0.0004288,1e-08,AAC
ORF1a,1997,GAG,25647,0.999766,7.13008e-06,GCA
ORF1a,1997,GGG,2,7.79636e-05,0.000100664,GCA
ORF1a,1997,GAA,4,0.000155927,0.000415396,GCA
ORF1a,1998,CAA,25652,0.999961,1e-08,ACT
ORF1a,1998,CAG,1,3.89818e-05,1e-08,ACT
ORF1a,2005,AAC,25648,0.999805,1e-08,CCA
ORF1a,2005,AAT,2,7.79636e-05,1e-08,CCA
ORF1a,2005,CAC,1,3.89818e-05,8.55176e-06,CCA
ORF1a,2005,AAA,1,3.89818e-05,1e-08,CCA
ORF1a,2008,TAT,25648,0.999805,1e-08,TGG
ORF1a,2008,TAC,2,7.79636e-05,1e-08,TGG
ORF1a,2009,CCA,25594,0.9977,1e-08,TGT
ORF1a,2009,TCA,18,0.000701672,9.53954e-06,TGT
ORF1a,2009,CTA,41,0.00159825,1e-08,TGT
ORF1a,2010,AAC,25645,0.999688,1e-08,ATA
ORF1a,2010,AAT,5,0.000194909,1e-08,ATA
ORF1a,2010,AGC,2,7.79636e-05,1e-08,ATA
ORF1a,2013,TTC,25532,0.995283,4.62755e-06,CTT
ORF1a,2013,TTT,121,0.0047168,0.000257031,CTT
ORF1a,2017,AAG,25648,0.999805,0.0944866,AAA
ORF1a,2017,AAA,1,3.89818e-05,0.897841,AAA
ORF1a,2017,ACG,4,0.000155927,0.000226493,AAA
ORF1a,2019,GTA,25651,0.999922,0.00636642,GTT
ORF1a,2019,GTG,2,7.79636e-05,0.00469403,GTT
ORF1a,2023,ATC,25643,0.99961,1e-08,AAC
ORF1a,2023,ATA,1,3.89818e-05,1e-08,AAC
ORF1a,2023,ATT,8,0.000311854,1e-08,AAC
ORF1a,2023,GTC,1,3.89818e-05,1e-08,AAC
ORF1a,2026,GCT,25646,0.999727,0.000233008,GAT
ORF1a,2026,GCC,1,3.89818e-05,2.0292e-06,GAT
ORF1a,2026,GTT,1,3.89818e-05,0.000440112,GAT
ORF1a,2027,GAT,25634,0.999259,1e-08,GTA
ORF1a,2027,TAT,1,3.89818e-05,1e-08,GTA
ORF1a,2027,GGT,10,0.000389818,3.67068e-05,GTA
ORF1a,2027,AAT,3,0.000116945,1e-08,GTA
ORF1a,2034,GGT,25649,0.999844,1e-08,CAG
ORF1a,2034,AGT,4,0.000155927,1e-08,CAG
ORF1a,2036,AAG,25650,0.999883,0.0129983,ATG
ORF1a,2036,AAA,2,7.79636e-05,0.000251354,ATG
ORF1a,2041,AGA,25643,0.99961,1e-08,TGC
ORF1a,2041,AAA,10,0.000389818,1e-08,TGC
ORF1a,2043,CTT,25641,0.999532,0.000567355,GAT
ORF1a,2043,TTT,1,3.89818e-05,0.000247991,GAT
ORF1a,2043,CTC,10,0.000389818,2.36865e-05,GAT
ORF1a,2043,ATT,1,3.89818e-05,0.00101105,GAT
ORF1a,2044,AAA,25649,0.999844,1e-08,CTA
ORF1a,2044,AAG,4,0.000155927,1e-08,CTA
ORF1a,2048,TTC,25645,0.999688,1e-08,TCT
ORF1a,2048,TTT,6,0.000233891,0.00534982,TCT
ORF1a,2050,GAC,25644,0.999649,0.00934191,GAA
ORF1a,2050,GAT,7,0.000272873,0.0126755,GAA
ORF1a,2050,TAC,1,3.89818e-05,1.88693e-05,GAA
ORF1a,2054,GAT,25648,0.999805,0.0134183,AAT
ORF1a,2054,GAA,3,0.000116945,0.000192061,AAT
ORF1a,2058,ATT,25651,0.999922,1e-08,CAG
ORF1a,2058,ATC,1,3.89818e-05,1e-08,CAG
ORF1a,2058,GTT,1,3.89818e-05,1e-08,CAG
ORF1a,2059,GAT,25651,0.999922,3.23431e-06,AAA
ORF1a,2059,GAC,2,7.79636e-05,2.34094e-06,AAA
ORF1a,2062,CAC,25652,0.999961,1e-08,CTT
ORF1a,2062,CAT,1,3.89818e-05,1e-08,CTT
ORF1a,2063,TAC,25652,0.999961,1.30153e-06,GAG
ORF1a,2063,TAT,1,3.89818e-05,2.62385e-06,GAG
ORF1a,2065,CCC,25648,0.999805,1e-08,AAT
ORF1a,2065,CTC,3,0.000116945,1e-08,AAT
ORF1a,2065,CCA,1,3.89818e-05,1e-08,AAT
ORF1a,2065,CCT,1,3.89818e-05,1e-08,AAT
ORF1a,2066,TCT,25646,0.999727,1e-08,GTG
ORF1a,2066,TTT,5,0.000194909,1e-08,GTG
ORF1a,2066,CCT,1,3.89818e-05,1e-08,GTG
ORF1a,2066,TAT,1,3.89818e-05,1e-08,GTG
ORF1a,2072,AAA,25652,0.999961,1e-08,GTA
ORF1a,2072,AAG,1,3.89818e-05,1e-08,GTA
ORF1a,2073,TTG,25651,0.999922,1e-08,GGA
ORF1a,2073,TTA,2,7.79636e-05,7.52194e-06,GGA
ORF1a,2075,CAT,25641,0.999532,9.62993e-06,ATT
ORF1a,2075,CAC,12,0.000467782,1e-08,ATT
ORF1a,2076,AAA,25649,0.999844,0.000213488,ATA
ORF1a,2076,AGA,4,0.000155927,0.00095402,ATA
ORF1a,2083,AAC,25646,0.999727,1e-08,GGT
ORF1a,2083,GAC,1,3.89818e-05,4.6283e-06,GGT
ORF1a,2083,AAT,2,7.79636e-05,3.3547e-06,GGT
ORF1a,2083,CAC,4,0.000155927,1e-08,GGT
ORF1a,2089,GCC,25647,0.999766,3.27697e-06,GAG
ORF1a,2089,ACC,2,7.79636e-05,1e-08,GAG
ORF1a,2089,GTC,1,3.89818e-05,1e-08,GAG
ORF1a,2089,GCT,3,0.000116945,6.57269e-06,GAG
ORF1a,2091,TAT,25649,0.999844,0.00016068,GGT
ORF1a,2091,TAC,2,7.79636e-05,3.22747e-06,GGT
ORF1a,2091,TGT,1,3.89818e-05,0.000732,GGT
ORF1a,2092,AAA,25651,0.999922,2.05327e-05,CAC
ORF1a,2092,AAG,1,3.89818e-05,1.16939e-05,CAC
ORF1a,2092,AGA,1,3.89818e-05,1.36835e-06,CAC
ORF1a,2094,AAT,25646,0.999727,0.000835639,GAT
ORF1a,2094,AAC,6,0.000233891,0.000253007,GAT
ORF1a,2094,GTT,1,3.89818e-05,0.000124885,GAT
ORF1a,2095,ACC,25628,0.999025,1e-08,CTA
ORF1a,2095,ATC,14,0.000545745,1e-08,CTA
ORF1a,2095,ACT,6,0.000233891,1e-08,CTA
ORF1a,2095,AAC,1,3.89818e-05,1e-08,CTA
ORF1a,2098,ATA,25648,0.999805,1e-08,GCT
ORF1a,2098,ATG,4,0.000155927,1e-08,GCT
ORF1a,2098,ACA,1,3.89818e-05,4.65106e-06,GCT
ORF1a,2102,TGG,25652,0.999961,1e-08,AAT
ORF1a,2102,CGG,1,3.89818e-05,1e-08,AAT
ORF1a,2103,AGC,25540,0.995595,1e-08,TCT
ORF1a,2103,GGC,1,3.89818e-05,1e-08,TCT
ORF1a,2103,AGA,82,0.00319651,2.38332e-06,TCT
ORF1a,2103,AGT,19,0.000740654,1.10198e-05,TCT
ORF1a,2103,ATC,2,7.79636e-05,1.54906e-06,TCT
ORF1a,2103,CGC,1,3.89818e-05,1e-08,TCT
ORF1a,2103,AAA,2,7.79636e-05,6.59129e-06,TCT
ORF1a,2104,ACA,25361,0.988617,1.17675e-06,AGT
ORF1a,2104,AAA,280,0.0109149,2.67895e-06,AGT
ORF1a,2104,AGA,2,7.79636e-05,0.000829519,AGT
ORF1a,2104,ATA,6,0.000233891,1e-08,AGT
ORF1a,2104,GCA,1,3.89818e-05,1e-08,AGT
ORF1a,2110,TCA,25646,0.999727,3.77137e-05,CCT
ORF1a,2110,TCG,1,3.89818e-05,2.74241e-05,CCT
ORF1a,2110,TTA,2,7.79636e-05,1e-08,CCT
ORF1a,2110,CCA,3,0.000116945,0.00659691,CCT
ORF1a,2112,TCG,25640,0.999493,1e-08,GAA
ORF1a,2112,TCA,2,7.79636e-05,1e-08,GAA
ORF1a,2112,TTG,9,0.000350836,1e-08,GAA
ORF1a,2114,GAT,25651,0.999922,1.96203e-05,TCT
ORF1a,2114,AAT,2,7.79636e-05,1e-08,TCT
ORF1a,2116,CTG,25643,0.99961,2.32591e-05,GTA
ORF1a,2116,CTT,1,3.89818e-05,1.33286e-05,GTA
ORF1a,2116,TTG,3,0.000116945,3.23188e-05,GTA
ORF1a,2116,CTA,1,3.89818e-05,0.00067535,GTA
ORF1a,2117,AAG,25640,0.999493,1e-08,CTA
ORF1a,2117,AAA,1,3.89818e-05,1e-08,CTA
ORF1a,2117,AAT,9,0.000350836,1e-08,CTA
ORF1a,2117,GAG,1,3.89818e-05,1e-08,CTA
ORF1a,2118,TCA,25645,0.999688,1e-08,GGT
ORF1a,2118,TTA,7,0.000272873,1e-08,GGT
ORF1a,2119,GAG,25649,0.999844,1e-08,TTG
ORF1a,2119,GAA,3,0.000116945,1e-08,TTG
ORF1a,2119,GCG,1,3.89818e-05,1e-08,TTG
ORF1a,2120,GAC,25650,0.999883,1e-08,AAA
ORF1a,2120,GAT,2,7.79636e-05,1e-08,AAA
ORF1a,2120,GGC,1,3.89818e-05,1e-08,AAA
ORF1a,2121,GCG,25624,0.99887,1e-08,ACC
ORF1a,2121,GTG,19,0.000740654,4.96667e-06,ACC
ORF1a,2121,GCA,1,3.89818e-05,1e-08,ACC
ORF1a,2121,ACG,6,0.000233891,0.0109971,ACC
ORF1a,2121,GCT,3,0.000116945,2.4007e-06,ACC
ORF1a,2122,CAG,25649,0.999844,3.17946e-06,CTT
ORF1a,2122,CGG,1,3.89818e-05,1e-08,CTT
ORF1a,2122,CTG,3,0.000116945,0.05257,CTT
ORF1a,2123,GGA,25649,0.999844,1.6093e-05,GTT
ORF1a,2123,AGA,3,0.000116945,1e-08,GTT
ORF1a,2124,ATG,25645,0.999688,1e-08,ACT
ORF1a,2124,ATT,2,7.79636e-05,0.00276546,ACT
ORF1a,2124,GTG,6,0.000233891,1e-08,ACT
ORF1a,2127,CTT,25637,0.999376,0.000400304,TTA
ORF1a,2127,TTT,15,0.000584727,0.00310515,TTA
ORF1a,2128,GCC,25636,0.999337,0.0131,GCT
ORF1a,2128,GCT,14,0.000545745,0.96436,GCT
ORF1a,2128,GTC,3,0.000116945,1.8402e-05,GCT
ORF1a,2129,TGC,25650,0.999883,1e-08,GCT
ORF1a,2129,TGT,1,3.89818e-05,1e-08,GCT
ORF1a,2131,GAT,25650,0.999883,0.00081105,AAT
ORF1a,2131,GAC,3,0.000116945,9.77949e-06,AAT
ORF1a,2132,CTA,25650,0.999883,4.18195e-06,AGT
ORF1a,2132,TTA,3,0.000116945,0.000216643,AGT
ORF1a,2133,AAA,25649,0.999844,1e-08,GTT
ORF1a,2133,CAA,1,3.89818e-05,1e-08,GTT
ORF1a,2133,AAG,3,0.000116945,1e-08,GTT
ORF1a,2134,CCA,25632,0.999181,0.110209,CCG
ORF1a,2134,CTA,17,0.000662691,1e-08,CCG
ORF1a,2134,TCA,4,0.000155927,0.00162122,CCG
ORF1a,2135,GTC,25641,0.999532,1e-08,TGG
ORF1a,2135,TTC,2,7.79636e-05,1e-08,TGG
ORF1a,2135,GTT,6,0.000233891,1e-08,TGG
ORF1a,2136,TCT,25649,0.999844,6.70375e-05,GAT
ORF1a,2136,TAC,1,3.89818e-05,0.000451695,GAT
ORF1a,2136,TTT,1,3.89818e-05,4.19329e-06,GAT
ORF1a,2136,CCT,1,3.89818e-05,0.000305821,GAT
ORF1a,2142,AAT,25646,0.999727,1e-08,GCT
ORF1a,2142,AAC,6,0.000233891,1e-08,GCT
ORF1a,2143,CCT,25649,0.999844,1e-08,AAG
ORF1a,2143,TCT,3,0.000116945,1e-08,AAG
ORF1a,2143,CCC,1,3.89818e-05,1e-08,AAG
ORF1a,2144,ACC,25649,0.999844,0.000158657,CCT
ORF1a,2144,GCC,4,0.000155927,7.87386e-06,CCT
ORF1a,2147,AAA,25649,0.999844,0.000463466,AAT
ORF1a,2147,AGA,1,3.89818e-05,1.80091e-05,AAT
ORF1a,2147,AAT,1,3.89818e-05,0.914831,AAT
ORF1a,2147,AAG,2,7.79636e-05,0.000336371,AAT
ORF1a,2148,GAC,25641,0.999532,0.000110413,AAA
ORF1a,2148,GAT,5,0.000194909,0.000175745,AAA
ORF1a,2148,TAC,1,3.89818e-05,2.06871e-06,AAA
ORF1a,2148,AAC,5,0.000194909,0.00161143,AAA
ORF1a,2148,GGC,1,3.89818e-05,1e-08,AAA
ORF1a,2150,CTT,25642,0.999571,0.0027291,GTT
ORF1a,2150,TTT,10,0.000389818,0.006812,GTT
ORF1a,2153,AAT,25649,0.999844,0.00157233,ACT
ORF1a,2153,AGT,3,0.000116945,0.00224862,ACT
ORF1a,2154,GTG,25637,0.999376,1e-08,ACT
ORF1a,2154,GTT,12,0.000467782,2.67525e-05,ACT
ORF1a,2154,TTG,1,3.89818e-05,1e-08,ACT
ORF1a,2155,AAA,25649,0.999844,0.000788662,AAT
ORF1a,2155,AAG,3,0.000116945,0.000516225,AAT
ORF1a,2156,ACT,25648,0.999805,1.61649e-05,ATA
ORF1a,2156,ACC,3,0.000116945,1.08071e-05,ATA
ORF1a,2157,ACC,25648,0.999805,3.07804e-05,GTC
ORF1a,2157,ACT,5,0.000194909,1.64395e-05,GTC
ORF1a,2162,GAC,25649,0.999844,0.00238229,AAC
ORF1a,2162,GAT,3,0.000116945,0.000359953,AAC
ORF1a,2162,GGC,1,3.89818e-05,3.22096e-06,AAC
ORF1a,2167,CCA,25645,0.999688,7.20462e-06,AAT
ORF1a,2167,CTA,5,0.000194909,2.41586e-06,AAT
ORF1a,2167,CCG,2,7.79636e-05,4.96074e-06,AAT
ORF1a,2167,TCA,1,3.89818e-05,1e-08,AAT
ORF1a,2168,GCA,25641,0.999532,1e-08,TAT
ORF1a,2168,GTA,12,0.000467782,1e-08,TAT
ORF1a,2169,AAT,25642,0.999571,1e-08,ATG
ORF1a,2169,AGT,8,0.000311854,1e-08,ATG
ORF1a,2169,ACT,2,7.79636e-05,4.75818e-06,ATG
ORF1a,2171,AGT,25631,0.999142,2.14651e-05,TAT
ORF1a,2171,ATT,5,0.000194909,1.14695e-06,TAT
ORF1a,2171,CGT,14,0.000545745,0.00133556,TAT
ORF1a,2171,AAT,1,3.89818e-05,0.000206211,TAT
ORF1a,2175,ACA,25637,0.999376,1e-08,TTA
ORF1a,2175,ATA,12,0.000467782,0.00117479,TTA
ORF1a,2177,GAG,25647,0.999766,1e-08,CTA
ORF1a,2177,AAG,1,3.89818e-05,1e-08,CTA
ORF1a,2177,GCG,1,3.89818e-05,2.15564e-06,CTA
ORF1a,2177,GAT,4,0.000155927,1e-08,CTA
ORF1a,2179,GGC,25648,0.999805,1e-08,TTG
ORF1a,2179,GGT,2,7.79636e-05,1e-08,TTG
ORF1a,2179,TGC,2,7.79636e-05,1e-08,TTG
ORF1a,2180,CAC,25635,0.999298,1e-08,TGT
ORF1a,2180,CAT,11,0.0004288,1.4851e-05,TGT
ORF1a,2180,TAC,7,0.000272873,6.962e-06,TGT
ORF1a,2181,ACA,25643,0.99961,0.00523338,ACT
ORF1a,2181,GCA,1,3.89818e-05,7.19057e-06,ACT
ORF1a,2181,ATA,5,0.000194909,1.39265e-06,ACT
ORF1a,2181,ACG,1,3.89818e-05,0.00378031,ACT
ORF1a,2183,CTA,25647,0.999766,1.19961e-06,ACT
ORF1a,2183,CTG,1,3.89818e-05,1e-08,ACT
ORF1a,2183,TTA,5,0.000194909,1e-08,ACT
ORF1a,2184,ATG,25650,0.999883,7.16088e-06,AGA
ORF1a,2184,ATT,1,3.89818e-05,1e-08,AGA
ORF1a,2186,GCT,25646,0.999727,0.00013008,ACA
ORF1a,2186,GTT,7,0.000272873,1e-08,ACA
ORF1a,2189,GAC,25649,0.999844,1e-08,AGA
ORF1a,2189,GAT,4,0.000155927,1e-08,AGA
ORF1a,2190,AAT,25651,0.999922,1e-08,ATT
ORF1a,2190,AAC,1,3.89818e-05,1e-08,ATT
ORF1a,2190,GAT,1,3.89818e-05,1e-08,ATT
ORF1a,2191,TCT,25594,0.9977,1e-08,AAA
ORF1a,2191,TTT,57,0.00222196,3.35425e-06,AAA
ORF1a,2193,CTT,25649,0.999844,1.87927e-05,TCT
ORF1a,2193,TTT,4,0.000155927,1.83327e-05,TCT
ORF1a,2194,ACT,25629,0.999064,3.13517e-05,ATG
ORF1a,2194,ATT,23,0.000896581,0.00113116,ATG
ORF1a,2196,AAG,25651,0.999922,1e-08,ACT
ORF1a,2196,AAA,1,3.89818e-05,1e-08,ACT
ORF1a,2196,AAT,1,3.89818e-05,6.77698e-05,ACT
ORF1a,2201,TTA,25649,0.999844,1e-08,AAT
ORF1a,2201,TTG,4,0.000155927,1e-08,AAT
ORF1a,2202,TCT,25634,0.999259,0.00404822,ACT
ORF1a,2202,TTT,18,0.000701672,2.66749e-06,ACT
ORF1a,2204,GTA,25652,0.999961,1e-08,AAG
ORF1a,2204,GTG,1,3.89818e-05,1e-08,AAG
ORF1a,2205,TTA,25627,0.998986,1e-08,AGT
ORF1a,2205,TTG,22,0.0008576,1e-08,AGT
ORF1a,2209,ACC,25619,0.998675,1e-08,TTT
ORF1a,2209,ACT,7,0.000272873,2.43867e-05,TTT
ORF1a,2209,ATC,24,0.000935563,1.8854e-06,TTT
ORF1a,2210,CTT,25648,0.999805,1.30736e-05,TGC
ORF1a,2210,TTT,1,3.89818e-05,0.00249688,TGC
ORF1a,2210,GTT,1,3.89818e-05,1.88683e-06,TGC
ORF1a,2210,CCT,1,3.89818e-05,2.44266e-06,TGC
ORF1a,2211,GCT,25643,0.99961,1.42253e-05,CTA
ORF1a,2211,GTT,9,0.000350836,0.000129838,CTA
ORF1a,2212,ACT,25622,0.998792,1e-08,GAG
ORF1a,2212,ATT,26,0.00101353,1e-08,GAG
ORF1a,2212,ACG,1,3.89818e-05,1e-08,GAG
ORF1a,2213,CAT,25640,0.999493,3.52587e-05,GCT
ORF1a,2213,TAT,6,0.000233891,1.79289e-05,GCT
ORF1a,2213,CGT,1,3.89818e-05,7.53749e-06,GCT
ORF1a,2215,TTA,25646,0.999727,0.00903058,TTT
ORF1a,2215,TTG,4,0.000155927,0.00625031,TTT
ORF1a,2215,CTA,2,7.79636e-05,0.000609304,TTT
ORF1a,2218,GTT,25644,0.999649,2.08989e-05,CTG
ORF1a,2218,ATT,4,0.000155927,2.78357e-05,CTG
ORF1a,2221,GTC,25645,0.999688,1e-08,CCT
ORF1a,2221,GTT,1,3.89818e-05,2.41042e-06,CCT
ORF1a,2221,GTA,1,3.89818e-05,1e-08,CCT
ORF1a,2221,ATC,1,3.89818e-05,1e-08,CCT
ORF1a,2223,TGG,25644,0.999649,6.14317e-06,TTT
ORF1a,2223,TGT,1,3.89818e-05,0.0108622,TTT
ORF1a,2223,CGG,1,3.89818e-05,1e-08,TTT
ORF1a,2223,TTG,2,7.79636e-05,9.60366e-05,TTT
ORF1a,2224,GAT,25645,0.999688,1e-08,TTT
ORF1a,2224,GAC,1,3.89818e-05,1e-08,TTT
ORF1a,2224,GGT,4,0.000155927,1.62654e-06,TTT
ORF1a,2226,ATA,25650,0.999883,1e-08,TTG
ORF1a,2227,GCT,25645,0.999688,1e-08,ATT
ORF1a,2227,GTT,2,7.79636e-05,0.0304725,ATT
ORF1a,2228,AAT,25651,0.999922,0.897342,AAT
ORF1a,2228,GAT,1,3.89818e-05,1.40165e-05,AAT
ORF1a,2228,AAC,1,3.89818e-05,0.0280098,AAT
ORF1a,2230,GCT,25644,0.999649,4.2501e-05,ATA
ORF1a,2230,GCC,7,0.000272873,3.07081e-05,ATA
ORF1a,2230,GTT,1,3.89818e-05,0.00392456,ATA
ORF1a,2230,ACT,1,3.89818e-05,4.52022e-05,ATA
ORF1a,2231,AAG,25608,0.998246,1.09713e-06,ATT
ORF1a,2231,AGG,44,0.0017152,3.30889e-06,ATT
ORF1a,2232,CCT,25573,0.996881,1e-08,TGG
ORF1a,2232,TCT,1,3.89818e-05,1e-08,TGG
ORF1a,2232,CTT,64,0.00249483,1e-08,TGG
ORF1a,2232,ACT,10,0.000389818,1e-08,TGG
ORF1a,2232,CCC,1,3.89818e-05,1e-08,TGG
ORF1a,2234,CTT,25640,0.999493,0.000219512,TTA
ORF1a,2234,TTT,6,0.000233891,0.00176067,TTA
ORF1a,2234,CCT,1,3.89818e-05,1e-08,TTA
ORF1a,2234,CTC,5,0.000194909,0.000157166,TTA
ORF1a,2236,AAA,25649,0.999844,1e-08,TTA
ORF1a,2236,GAA,1,3.89818e-05,1e-08,TTA
ORF1a,2236,ATA,1,3.89818e-05,0.000306129,TTA
ORF1a,2236,AGA,1,3.89818e-05,1e-08,TTA
ORF1a,2238,GTT,25650,0.999883,0.96236,GTT
ORF1a,2238,GTC,2,7.79636e-05,0.0119932,GTT
ORF1a,2240,ACA,25649,0.999844,1e-08,TTA
ORF1a,2240,ATA,3,0.000116945,2.67882e-06,TTA
ORF1a,2240,GCA,1,3.89818e-05,1e-08,TTA
ORF1a,2241,ACT,25619,0.998675,8.36674e-06,GGT
ORF1a,2241,ATT,34,0.00132538,1e-08,GGT
ORF1a,2243,AAC,25646,0.999727,1e-08,TTA
ORF1a,2243,ACC,1,3.89818e-05,1.0141e-06,TTA
ORF1a,2243,AAT,5,0.000194909,1e-08,TTA
ORF1a,2243,AGC,1,3.89818e-05,1e-08,TTA
ORF1a,2245,GTT,25649,0.999844,1e-08,TAC
ORF1a,2245,ATT,4,0.000155927,1e-08,TAC
ORF1a,2249,TTA,25652,0.999961,1e-08,GCT
ORF1a,2249,TTG,1,3.89818e-05,1e-08,GCT
ORF1a,2253,TGT,25651,0.999922,7.92358e-05,TTA
ORF1a,2253,TGC,1,3.89818e-05,6.35146e-05,TTA
ORF1a,2254,ACT,25642,0.999571,1.57679e-05,ATG
ORF1a,2254,ATT,9,0.000350836,0.00116499,ATG
ORF1a,2256,TAT,25651,0.999922,0.00146842,AAT
ORF1a,2256,TAC,2,7.79636e-05,2.36177e-05,AAT
ORF1a,2257,ATG,25652,0.999961,8.72416e-05,TTA
ORF1a,2257,AGG,1,3.89818e-05,1e-08,TTA
ORF1a,2260,TTC,25642,0.999571,1.15537e-06,CCT
ORF1a,2260,ATC,1,3.89818e-05,1e-08,CCT
ORF1a,2260,TTT,9,0.000350836,5.77253e-05,CCT
ORF1a,2266,CAA,25652,0.999961,2.27653e-06,TAC
ORF1a,2266,CAG,1,3.89818e-05,1.15329e-06,TAC
ORF1a,2271,ACT,25644,0.999649,1e-08,TTG
ORF1a,2271,ATT,4,0.000155927,8.87389e-06,TTG
ORF1a,2271,ACC,4,0.000155927,1e-08,TTG
ORF1a,2273,AGT,25648,0.999805,3.37914e-06,TCT
ORF1a,2273,AGC,1,3.89818e-05,1e-08,TCT
ORF1a,2273,ATT,3,0.000116945,5.4784e-06,TCT
ORF1a,2275,AAT,25641,0.999532,0.838583,AAT
ORF1a,2275,ACT,11,0.0004288,5.73979e-06,AAT
ORF1a,2279,AAA,25651,0.999922,0.00017953,GCA
ORF1a,2279,AAG,1,3.89818e-05,2.55005e-06,GCA
ORF1a,2279,ACA,1,3.89818e-05,0.0242727,GCA
ORF1a,2281,TCT,25641,0.999532,1e-08,TAC
ORF1a,2281,ACT,1,3.89818e-05,1e-08,TAC
ORF1a,2281,TTT,7,0.000272873,0.000388363,TAC
ORF1a,2281,TCC,3,0.000116945,1e-08,TAC
ORF1a,2282,ATG,25652,0.999961,1e-08,TGT
ORF1a,2282,ACG,1,3.89818e-05,1e-08,TGT
ORF1a,2284,ACT,25649,0.999844,1e-08,GGT
ORF1a,2284,ACA,1,3.89818e-05,1e-08,GGT
ORF1a,2284,ATT,1,3.89818e-05,1e-08,GGT
ORF1a,2284,ACC,2,7.79636e-05,1e-08,GGT
ORF1a,2287,GCA,25636,0.999337,1.32074e-05,CCT
ORF1a,2287,GTA,15,0.000584727,1e-08,CCT
ORF1a,2288,AAG,25647,0.999766,1e-08,TGT
ORF1a,2288,AAT,3,0.000116945,1e-08,TGT
ORF1a,2290,ACT,25635,0.999298,1e-08,GTT
ORF1a,2290,TCT,3,0.000116945,1e-08,GTT
ORF1a,2290,ATT,1,3.89818e-05,0.0234319,GTT
ORF1a,2290,ACC,1,3.89818e-05,1e-08,GTT
ORF1a,2291,GTT,25649,0.999844,1e-08,TGT
ORF1a,2291,ATT,2,7.79636e-05,1e-08,TGT
ORF1a,2293,AGT,25649,0.999844,0.893537,AGT
ORF1a,2293,AGC,1,3.89818e-05,0.0719446,AGT
ORF1a,2294,GTC,25646,0.999727,1e-08,GGT
ORF1a,2294,GTT,3,0.000116945,5.1444e-05,GGT
ORF1a,2295,GGT,25645,0.999688,1e-08,TTA
ORF1a,2295,TGT,4,0.000155927,1e-08,TTA
ORF1a,2295,AGT,2,7.79636e-05,1e-08,TTA
ORF1a,2298,TGT,25646,0.999727,1e-08,TTA
ORF1a,2298,TTT,4,0.000155927,0.00138515,TTA
ORF1a,2298,TGC,1,3.89818e-05,1e-08,TTA
ORF1a,2299,CTA,25651,0.999922,1e-08,GAT
ORF1a,2299,TTA,2,7.79636e-05,1e-08,GAT
ORF1a,2308,TCA,25651,0.999922,1e-08,CAA
ORF1a,2308,TCT,1,3.89818e-05,1e-08,CAA
ORF1a,2309,CCT,25641,0.999532,1e-08,ATT
ORF1a,2309,CTT,1,3.89818e-05,0.00577637,ATT
ORF1a,2309,TCT,10,0.000389818,7.04979e-06,ATT
ORF1a,2312,TCT,25645,0.999688,0.016132,TCA
ORF1a,2312,TTT,7,0.000272873,1e-08,TCA
ORF1a,2312,TCC,1,3.89818e-05,0.0100499,TCA
ORF1a,2313,AAA,25652,0.999961,1e-08,TCT
ORF1a,2313,AAG,1,3.89818e-05,1e-08,TCT
ORF1a,2314,CTG,25649,0.999844,8.37001e-06,TTT
ORF1a,2314,TTG,3,0.000116945,0.000197087,TTT
ORF1a,2315,ATA,25646,0.999727,0.000698368,AAA
ORF1a,2315,GTA,6,0.000233891,2.23954e-06,AAA
ORF1a,2315,ATG,1,3.89818e-05,0.000247882,AAA
ORF1a,2320,TGG,25649,0.999844,1e-08,GCT
ORF1a,2320,TGT,2,7.79636e-05,6.8341e-06,GCT
ORF1a,2321,TTT,25651,0.999922,0.960752,TTT
ORF1a,2323,CTA,25645,0.999688,0.226618,TTA
ORF1a,2323,ATA,2,7.79636e-05,0.0144341,TTA
ORF1a,2323,TTA,5,0.000194909,0.702589,TTA
ORF1a,2324,TTA,25648,0.999805,9.78941e-06,GTT
ORF1a,2324,CTA,5,0.000194909,6.02127e-06,GTT
ORF1a,2325,AGT,25644,0.999649,1e-08,GCA
ORF1a,2325,AGA,1,3.89818e-05,1e-08,GCA
ORF1a,2325,ATT,7,0.000272873,1e-08,GCA
ORF1a,2326,GTT,25646,0.999727,1e-08,GAG
ORF1a,2326,GAT,1,3.89818e-05,1e-08,GAG
ORF1a,2326,ATT,6,0.000233891,1e-08,GAG
ORF1a,2327,TGC,25646,0.999727,0.00230067,TGG
ORF1a,2327,CGC,1,3.89818e-05,1e-08,TGG
ORF1a,2327,CTA,1,3.89818e-05,1e-08,TGG
ORF1a,2327,TTC,1,3.89818e-05,2.60505e-05,TGG
ORF1a,2327,TGT,3,0.000116945,0.00463634,TGG
ORF1a,2329,GGT,25649,0.999844,1e-08,TTG
ORF1a,2329,CGA,1,3.89818e-05,8.79663e-06,TTG
ORF1a,2329,TGT,1,3.89818e-05,1e-08,TTG
ORF1a,2330,TCT,25520,0.994815,1e-08,GCA
ORF1a,2330,TTT,122,0.00475578,1e-08,GCA
ORF1a,2330,CCT,2,7.79636e-05,1e-08,GCA
ORF1a,2332,ATC,25647,0.999766,0.0250696,ATT
ORF1a,2332,ACC,3,0.000116945,7.48474e-05,ATT
ORF1a,2332,ATT,1,3.89818e-05,0.944451,ATT
ORF1a,2333,TAC,25648,0.999805,1e-08,CTT
ORF1a,2333,TAT,2,7.79636e-05,1e-08,CTT
ORF1a,2335,ACC,25644,0.999649,0.0111858,ACT
ORF1a,2335,ACA,1,3.89818e-05,0.00558429,ACT
ORF1a,2335,ATC,1,3.89818e-05,1e-08,ACT
ORF1a,2335,ACT,4,0.000155927,0.979197,ACT
ORF1a,2337,GCT,25556,0.996219,1e-08,TTC
ORF1a,2337,GTT,92,0.00358633,9.898e-05,TTC
ORF1a,2340,GTT,25642,0.999571,0.00522152,GTA
ORF1a,2340,GCT,1,3.89818e-05,3.2347e-05,GTA
ORF1a,2340,GTC,1,3.89818e-05,0.00380774,GTA
ORF1a,2340,GGT,7,0.000272873,1.17706e-05,GTA
ORF1a,2341,TTA,25650,0.999883,0.00252637,CTT
ORF1a,2341,CTA,1,3.89818e-05,0.0374478,CTT
ORF1a,2342,ATG,25625,0.998909,1e-08,GGA
ORF1a,2342,GTG,24,0.000935563,1e-08,GGA
ORF1a,2342,ATT,1,3.89818e-05,1e-08,GGA
ORF1a,2343,TCT,25645,0.999688,3.06719e-06,TTG
ORF1a,2343,TCC,1,3.89818e-05,1.53387e-06,TTG
ORF1a,2343,TTT,5,0.000194909,0.000814117,TTG
ORF1a,2344,AAT,25647,0.999766,6.92419e-06,GCT
ORF1a,2344,AAC,3,0.000116945,1e-08,GCT
ORF1a,2346,GGC,25642,0.999571,4.60245e-06,ATT
ORF1a,2346,GGT,1,3.89818e-05,2.94682e-05,ATT
ORF1a,2346,GTC,1,3.89818e-05,0.00118068,ATT
ORF1a,2346,GAC,5,0.000194909,1e-08,ATT
ORF1a,2346,TGC,1,3.89818e-05,1e-08,ATT
ORF1a,2347,ATG,25643,0.99961,0.993516,ATG
ORF1a,2347,ATT,6,0.000233891,0.000471931,ATG
ORF1a,2347,GTG,1,3.89818e-05,0.00141106,ATG
ORF1a,2348,CCT,25647,0.999766,1e-08,CAA
ORF1a,2348,CCC,2,7.79636e-05,1e-08,CAA
ORF1a,2348,TCT,2,7.79636e-05,1e-08,CAA
ORF1a,2349,TCT,25643,0.99961,4.49481e-06,TTG
ORF1a,2349,TTT,5,0.000194909,0.00704407,TTG
ORF1a,2353,GGT,25651,0.999922,1e-08,TAT
ORF1a,2353,GGG,1,3.89818e-05,1.18272e-06,TAT
ORF1a,2354,TAC,25651,0.999922,1.41157e-06,TTT
ORF1a,2354,TAT,1,3.89818e-05,5.78305e-05,TTT
ORF1a,2360,AAC,25646,0.999727,2.95494e-05,AGT
ORF1a,2360,GAC,1,3.89818e-05,2.39565e-06,AGT
ORF1a,2360,AGC,1,3.89818e-05,0.0116829,AGT
ORF1a,2360,AAT,4,0.000155927,0.0024365,AGT
ORF1a,2361,TCT,25643,0.99961,2.31738e-05,AAT
ORF1a,2361,CCT,1,3.89818e-05,1e-08,AAT
ORF1a,2361,TTT,4,0.000155927,1e-08,AAT
ORF1a,2361,TCC,2,7.79636e-05,1e-08,AAT
ORF1a,2364,GTC,25647,0.999766,4.01579e-05,CTT
ORF1a,2364,GTT,3,0.000116945,0.00193284,CTT
ORF1a,2364,GCC,1,3.89818e-05,1e-08,CTT
ORF1a,2368,ACC,25649,0.999844,2.24506e-05,ATA
ORF1a,2368,ACT,1,3.89818e-05,3.07755e-05,ATA
ORF1a,2368,ATC,1,3.89818e-05,0.0162514,ATA
ORF1a,2371,ACT,25647,0.999766,2.55846e-06,CTT
ORF1a,2371,ATT,3,0.000116945,0.0162736,CTT
ORF1a,2373,TCT,25649,0.999844,1e-08,CAA
ORF1a,2373,TTT,2,7.79636e-05,1e-08,CAA
ORF1a,2378,GTT,25649,0.999844,2.72911e-05,TCA
ORF1a,2378,GTC,2,7.79636e-05,1.79684e-05,TCA
ORF1a,2381,AGT,25646,0.999727,1e-08,GTT
ORF1a,2381,AGA,1,3.89818e-05,1e-08,GTT
ORF1a,2381,AAT,2,7.79636e-05,1e-08,GTT
ORF1a,2382,GGT,25652,0.999961,1e-08,AGG
ORF1a,2382,GGC,1,3.89818e-05,1e-08,AGG
ORF1a,2383,TTA,25652,0.999961,2.85464e-06,ATG
ORF1a,2383,CTA,1,3.89818e-05,2.8573e-06,ATG
ORF1a,2385,TCT,25650,0.999883,1e-08,ATT
ORF1a,2385,TCA,1,3.89818e-05,1e-08,ATT
ORF1a,2385,TCG,1,3.89818e-05,1e-08,ATT
ORF1a,2387,GAC,25647,0.999766,1e-08,TTT
ORF1a,2387,CAC,1,3.89818e-05,3.82833e-06,TTT
ORF1a,2387,AAC,1,3.89818e-05,1e-08,TTT
ORF1a,2387,GAT,2,7.79636e-05,1e-08,TTT
ORF1a,2388,ACC,25631,0.999142,1.41324e-06,GCA
ORF1a,2388,ATC,12,0.000467782,1e-08,GCA
ORF1a,2388,ACT,6,0.000233891,1.93713e-06,GCA
ORF1a,2388,ACA,4,0.000155927,0.000153576,GCA
ORF1a,2389,TAT,25652,0.999961,2.79474e-06,TCA
ORF1a,2389,TAC,1,3.89818e-05,2.04076e-06,TCA
ORF1a,2390,CCT,25651,0.999922,3.41464e-06,TTT
ORF1a,2390,TCT,1,3.89818e-05,6.93823e-05,TTT
ORF1a,2391,TCT,25648,0.999805,1e-08,TAT
ORF1a,2391,TTT,3,0.000116945,0.000226939,TAT
ORF1a,2397,ATT,25651,0.999922,1e-08,TAT
ORF1a,2397,ATC,1,3.89818e-05,1e-08,TAT
ORF1a,2398,ACC,25650,0.999883,1.04544e-06,GTG
ORF1a,2398,ACT,1,3.89818e-05,2.09369e-06,GTG
ORF1a,2404,TGG,25651,0.999922,1e-08,TGT
ORF1a,2405,GAT,25643,0.99961,1e-08,ACT
ORF1a,2405,GAC,7,0.000272873,1e-08,ACT
ORF1a,2405,AAT,3,0.000116945,0.0219171,ACT
ORF1a,2406,TTA,25651,0.999922,1e-08,TCA
ORF1a,2406,CTA,2,7.79636e-05,1e-08,TCA
ORF1a,2407,ACT,25652,0.999961,0.00043602,TCA
ORF1a,2407,ACC,1,3.89818e-05,0.000292255,TCA
ORF1a,2408,GCT,25641,0.999532,0.00248273,ACT
ORF1a,2408,GTT,4,0.000155927,4.67764e-06,ACT
ORF1a,2408,GCC,8,0.000311854,2.68761e-05,ACT
ORF1a,2409,TTT,25652,0.999961,1e-08,TGT
ORF1a,2409,TTC,1,3.89818e-05,1e-08,TGT
ORF1a,2410,GGC,25648,0.999805,1e-08,ATG
ORF1a,2410,AGC,1,3.89818e-05,1e-08,ATG
ORF1a,2410,GGT,3,0.000116945,1e-08,ATG
ORF1a,2413,GCA,25648,0.999805,1e-08,TAC
ORF1a,2413,GTA,1,3.89818e-05,1e-08,TAC
ORF1a,2413,GAA,1,3.89818e-05,1e-08,TAC
ORF1a,2413,GCG,1,3.89818e-05,1e-08,TAC
ORF1a,2417,TTG,25652,0.999961,1e-08,AGA
ORF1a,2417,TTA,1,3.89818e-05,1e-08,AGA
ORF1a,2422,TTC,25640,0.999493,1e-08,GAA
ORF1a,2422,TTT,11,0.0004288,1e-08,GAA
ORF1a,2423,ACT,25648,0.999805,1e-08,TGT
ORF1a,2423,ACC,2,7.79636e-05,1e-08,TGT
ORF1a,2424,AGG,25647,0.999766,1e-08,ACA
ORF1a,2424,AAG,4,0.000155927,1e-08,ACA
ORF1a,2424,AGA,1,3.89818e-05,1e-08,ACA
ORF1a,2426,TTC,25633,0.99922,1.0185e-06,ATT
ORF1a,2426,TTA,1,3.89818e-05,1.0995e-06,ATT
ORF1a,2426,TTT,17,0.000662691,3.76324e-05,ATT
ORF1a,2428,GTA,25650,0.999883,1e-08,AAT
ORF1a,2428,ATA,2,7.79636e-05,1e-08,AAT
ORF1a,2430,GGA,25649,0.999844,4.61911e-05,GTT
ORF1a,2430,GAA,1,3.89818e-05,1.78872e-05,GTT
ORF1a,2430,GGG,2,7.79636e-05,3.74056e-05,GTT
ORF1a,2431,TTG,25642,0.999571,1.79374e-06,AGA
ORF1a,2431,CTG,10,0.000389818,1e-08,AGA
ORF1a,2435,ATG,25647,0.999766,1e-08,TAT
ORF1a,2437,TTG,25645,0.999688,1.62648e-06,TAT
ORF1a,2437,TTC,2,7.79636e-05,1.15763e-05,TAT
ORF1a,2437,TTA,3,0.000116945,2.2371e-06,TAT
ORF1a,2437,ATA,1,3.89818e-05,1e-08,TAT
ORF1a,2439,TTC,25646,0.999727,1e-08,AAT
ORF1a,2439,TTT,5,0.000194909,1e-08,AAT
ORF1a,2439,TTA,1,3.89818e-05,1e-08,AAT
ORF1a,2439,GTC,1,3.89818e-05,1e-08,AAT
ORF1a,2440,AGC,25639,0.999454,1e-08,GGA
ORF1a,2440,AAC,1,3.89818e-05,1e-08,GGA
ORF1a,2440,GGC,1,3.89818e-05,0.00575028,GGA
ORF1a,2440,AGT,12,0.000467782,1e-08,GGA
ORF1a,2447,ATT,25652,0.999961,0.000709224,CTA
ORF1a,2447,ATA,1,3.89818e-05,0.0316971,CTA
ORF1a,2451,TGG,25652,0.999961,1e-08,AAT
ORF1a,2453,ATG,25649,0.999844,1e-08,GTT
ORF1a,2453,ATT,1,3.89818e-05,0.249404,GTT
ORF1a,2453,ATA,1,3.89818e-05,0.00541899,GTT
ORF1a,2462,ATG,25652,0.999961,1e-08,AGT
ORF1a,2463,GCC,25648,0.999805,1e-08,ACA
ORF1a,2463,GCT,4,0.000155927,1e-08,ACA
ORF1a,2463,GTC,1,3.89818e-05,1e-08,ACA
ORF1a,2464,CCG,25627,0.998986,1e-08,TTT
ORF1a,2464,CTG,10,0.000389818,1e-08,TTT
ORF1a,2464,CCT,12,0.000467782,1e-08,TTT
ORF1a,2464,CCA,1,3.89818e-05,1e-08,TTT
ORF1a,2467,GCT,25651,0.999922,1.73395e-05,GAT
ORF1a,2467,GCA,1,3.89818e-05,1.00139e-06,GAT
ORF1a,2467,GTT,1,3.89818e-05,2.64049e-06,GAT
ORF1a,2468,ATG,25652,0.999961,1e-08,GAA
ORF1a,2472,TAC,25652,0.999961,1e-08,GAC
ORF1a,2472,TAT,1,3.89818e-05,1e-08,GAC
ORF1a,2473,ATC,25621,0.998753,1e-08,TTG
ORF1a,2473,ATT,30,0.00116945,1e-08,TTG
ORF1a,2474,TTC,25609,0.998285,1e-08,TCA
ORF1a,2474,TTT,41,0.00159825,1e-08,TCA
ORF1a,2476,GCA,25649,0.999844,1.34675e-06,CAG
ORF1a,2476,GTA,2,7.79636e-05,1e-08,CAG
ORF1a,2478,TTT,25651,0.999922,1e-08,AAA
ORF1a,2478,TTC,1,3.89818e-05,1e-08,AAA
ORF1a,2479,TAT,25508,0.994348,1e-08,AGA
ORF1a,2479,TAC,144,0.00561338,1e-08,AGA
ORF1a,2481,GTA,25651,0.999922,0.0169638,ATA
ORF1a,2481,GTG,1,3.89818e-05,0.000474931,ATA
ORF1a,2484,AGT,25650,0.999883,1e-08,ACT
ORF1a,2484,ATT,2,7.79636e-05,1e-08,ACT
ORF1a,2489,GTA,25650,0.999883,1e-08,TAC
ORF1a,2489,GTC,1,3.89818e-05,1e-08,TAC
ORF1a,2489,GTG,1,3.89818e-05,1e-08,TAC
ORF1a,2493,AAT,25606,0.998168,1e-08,AGT
ORF1a,2493,AGT,44,0.0017152,0.961892,AGT
ORF1a,2494,TCA,25649,0.999844,1e-08,GTT
ORF1a,2494,TCG,2,7.79636e-05,1e-08,GTT
ORF1a,2501,TAC,25648,0.999805,1e-08,ATC
ORF1a,2501,TAT,3,0.000116945,1e-08,ATC
ORF1a,2504,AAT,25650,0.999883,2.27334e-05,TAC
ORF1a,2504,AAC,1,3.89818e-05,0.000323126,TAC
ORF1a,2509,GTC,25641,0.999532,3.5727e-06,GGT
ORF1a,2509,GTT,9,0.000350836,0.000188862,GGT
ORF1a,2520,AGG,25614,0.99848,3.28064e-06,CAT
ORF1a,2520,AGA,2,7.79636e-05,4.62409e-06,CAT
ORF1a,2520,AAG,37,0.00144233,4.73833e-05,CAT
ORF1a,2521,TCC,25639,0.999454,1e-08,TTT
ORF1a,2521,TCT,13,0.000506763,1e-08,TTT
ORF1a,2521,CCC,1,3.89818e-05,1e-08,TTT
ORF1a,2524,GTC,25649,0.999844,1.87523e-05,TTA
ORF1a,2524,GTT,3,0.000116945,2.59734e-05,TTA
ORF1a,2527,AAT,25652,0.999961,1e-08,TTG
ORF1a,2527,AAC,1,3.89818e-05,1e-08,TTG
ORF1a,2528,GGA,25652,0.999961,0.00335484,AGA
ORF1a,2528,GGC,1,3.89818e-05,1.05967e-05,AGA
ORF1a,2533,TGC,25633,0.99922,1e-08,AAA
ORF1a,2533,TGT,17,0.000662691,1e-08,AAA
ORF1a,2535,CTA,25652,0.999961,4.18854e-06,TCA
ORF1a,2535,CTT,1,3.89818e-05,1e-08,TCA
ORF1a,2536,CAC,25652,0.999961,1e-08,TTG
ORF1a,2536,CAT,1,3.89818e-05,1e-08,TTG
ORF1a,2537,AAT,25651,0.999922,2.20413e-06,CCT
ORF1a,2537,AAC,1,3.89818e-05,1e-08,CCT
ORF1a,2538,TGG,25652,0.999961,1e-08,ATT
ORF1a,2539,AAT,25652,0.999961,0.992697,AAT
ORF1a,2539,AAC,1,3.89818e-05,0.00730282,AAT
ORF1a,2540,TGT,25650,0.999883,1e-08,GTT
ORF1a,2540,TGC,2,7.79636e-05,1e-08,GTT
ORF1a,2547,TGT,25652,0.999961,1e-08,TCA
ORF1a,2547,GGG,1,3.89818e-05,1e-08,TCA
ORF1a,2548,GCT,25648,0.999805,1e-08,AAA
ORF1a,2548,GTT,3,0.000116945,1e-08,AAA
ORF1a,2549,GGT,25650,0.999883,0.000698227,TGT
ORF1a,2549,CGT,1,3.89818e-05,2.22133e-05,TGT
ORF1a,2549,GGA,1,3.89818e-05,2.08579e-06,TGT
ORF1a,2549,GTT,1,3.89818e-05,1.25237e-05,TGT
ORF1a,2557,GTT,25651,0.999922,1e-08,GCG
ORF1a,2557,GTC,2,7.79636e-05,1e-08,GCG
ORF1a,2558,GCG,25645,0.999688,4.64775e-06,TCT
ORF1a,2558,GCT,8,0.000311854,0.00346054,TCT
ORF1a,2559,AGA,25651,0.999922,1e-08,GTT
ORF1a,2559,AGC,1,3.89818e-05,1e-08,GTT
ORF1a,2559,AGG,1,3.89818e-05,1e-08,GTT
ORF1a,2561,TTG,25652,0.999961,1e-08,TAC
ORF1a,2561,TTA,1,3.89818e-05,1e-08,TAC
ORF1a,2563,CTA,25649,0.999844,1e-08,CAG
ORF1a,2563,TTA,4,0.000155927,1e-08,CAG
ORF1a,2568,CCA,25650,0.999883,0.0224268,CCT
ORF1a,2568,CCT,1,3.89818e-05,0.911346,CCT
ORF1a,2568,CTA,1,3.89818e-05,1e-08,CCT
ORF1a,2570,AAT,25643,0.99961,1e-08,CTG
ORF1a,2570,AGT,1,3.89818e-05,1e-08,CTG
ORF1a,2570,AAC,7,0.000272873,1e-08,CTG
ORF1a,2570,TAT,1,3.89818e-05,1e-08,CTG
ORF1a,2576,TCT,25639,0.999454,1e-08,TTA
ORF1a,2576,TTT,11,0.0004288,0.000548415,TTA
ORF1a,2576,TAT,2,7.79636e-05,1e-08,TTA
ORF1a,2577,TAC,25643,0.99961,1e-08,GTG
ORF1a,2577,TAT,7,0.000272873,1e-08,GTG
ORF1a,2578,ATC,25638,0.999415,1e-08,TCT
ORF1a,2578,ATT,12,0.000467782,1e-08,TCT
ORF1a,2578,AGC,1,3.89818e-05,1e-08,TCT
ORF1a,2579,GTT,25642,0.999571,0.00161684,GAT
ORF1a,2579,ATT,8,0.000311854,9.97549e-06,GAT
ORF1a,2581,AGT,25649,0.999844,1e-08,GGT
ORF1a,2581,ATT,1,3.89818e-05,1e-08,GGT
ORF1a,2582,GTT,25650,0.999883,9.49046e-05,GAT
ORF1a,2582,GTC,1,3.89818e-05,3.91608e-05,GAT
ORF1a,2585,AAG,25642,0.999571,1.55947e-05,GAA
ORF1a,2585,AGG,4,0.000155927,1e-08,GAA
ORF1a,2585,AAT,6,0.000233891,1e-08,GAA
ORF1a,2588,TCC,25571,0.996803,1e-08,GTT
ORF1a,2588,TCT,70,0.00272873,2.70013e-05,GTT
ORF1a,2588,TTC,8,0.000311854,3.48023e-05,GTT
ORF1a,2589,ATC,25645,0.999688,1e-08,AAA
ORF1a,2589,ACC,5,0.000194909,3.70376e-05,AAA
ORF1a,2589,GTC,1,3.89818e-05,1e-08,AAA
ORF1a,2591,CTT,25650,0.999883,0.00311516,TTT
ORF1a,2591,TTT,2,7.79636e-05,0.925725,TTT
ORF1a,2592,TAC,25652,0.999961,1e-08,GAT
ORF1a,2592,TAT,1,3.89818e-05,5.64035e-06,GAT
ORF1a,2596,GCT,25651,0.999922,1e-08,AAT
ORF1a,2596,TCT,1,3.89818e-05,1e-08,AAT
ORF1a,2596,GCC,1,3.89818e-05,1e-08,AAT
ORF1a,2597,GGT,25651,0.999922,7.9485e-05,ACG
ORF1a,2597,GGC,1,3.89818e-05,4.14681e-05,ACG
ORF1a,2597,TGT,1,3.89818e-05,1.54734e-06,ACG
ORF1a,2599,AAG,25629,0.999064,1e-08,TCA
ORF1a,2599,AAT,24,0.000935563,1e-08,TCA
ORF1a,2605,TCT,25631,0.999142,0.000258018,CCA
ORF1a,2605,TTT,16,0.000623709,2.48504e-06,CCA
ORF1a,2605,TCA,1,3.89818e-05,0.009084,CCA
ORF1a,2605,CCT,2,7.79636e-05,0.026493,CCA
ORF1a,2606,CTC,25646,0.999727,1e-08,ATG
ORF1a,2606,CTT,4,0.000155927,1e-08,ATG
ORF1a,2606,CCC,1,3.89818e-05,1e-08,ATG
ORF1a,2606,TTC,1,3.89818e-05,1e-08,ATG
ORF1a,2608,CAT,25649,0.999844,1e-08,AAA
ORF1a,2608,CGT,3,0.000116945,1e-08,AAA
ORF1a,2610,GTT,25649,0.999844,1e-08,AAA
ORF1a,2610,TTT,1,3.89818e-05,1e-08,AAA
ORF1a,2610,GTC,3,0.000116945,1e-08,AAA
ORF1a,2611,AAC,25591,0.997583,2.23121e-05,ACA
ORF1a,2611,AAT,62,0.00241687,3.15364e-05,ACA
ORF1a,2614,AAC,25646,0.999727,1e-08,GCA
ORF1a,2614,AAT,5,0.000194909,1.0795e-06,GCA
ORF1a,2615,CTG,25649,0.999844,1e-08,ACT
ORF1a,2615,ATG,2,7.79636e-05,1e-08,ACT
ORF1a,2615,CTA,1,3.89818e-05,1e-08,ACT
ORF1a,2615,TTG,1,3.89818e-05,1e-08,ACT
ORF1a,2617,GCT,25644,0.999649,3.5438e-05,GAA
ORF1a,2617,GTT,9,0.000350836,7.83384e-06,GAA
ORF1a,2619,AAC,25651,0.999922,2.21383e-06,GAA
ORF1a,2619,AAT,1,3.89818e-05,3.09545e-06,GAA
ORF1a,2619,AGC,1,3.89818e-05,1e-08,GAA
ORF1a,2622,GGT,25651,0.999922,1e-08,AAG
ORF1a,2622,GTT,1,3.89818e-05,1e-08,AAG
ORF1a,2622,GGC,1,3.89818e-05,1e-08,AAG
ORF1a,2623,TCA,25635,0.999298,1e-08,AAT
ORF1a,2623,TTA,15,0.000584727,1e-08,AAT
ORF1a,2623,TCG,1,3.89818e-05,1e-08,AAT
ORF1a,2625,CCT,25646,0.999727,0.000217163,TCC
ORF1a,2625,CCA,6,0.000233891,7.58093e-06,TCC
ORF1a,2625,CCC,1,3.89818e-05,0.000307294,TCC
ORF1a,2626,ATT,25618,0.998636,1.6039e-05,TTA
ORF1a,2626,AGT,2,7.79636e-05,1e-08,TTA
ORF1a,2626,GTT,32,0.00124742,5.82393e-06,TTA
ORF1a,2626,ACT,1,3.89818e-05,1e-08,TTA
ORF1a,2634,AAA,25651,0.999922,9.19867e-06,ATT
ORF1a,2634,GAA,1,3.89818e-05,1e-08,ATT
ORF1a,2634,AAG,1,3.89818e-05,1e-08,ATT
ORF1a,2642,GCA,25644,0.999649,3.80264e-05,GTT
ORF1a,2642,GTA,6,0.000233891,0.0202585,GTT
ORF1a,2643,AAA,25647,0.999766,1e-08,GAT
ORF1a,2643,AGA,4,0.000155927,1e-08,GAT
ORF1a,2643,AAG,1,3.89818e-05,1e-08,GAT
ORF1a,2645,GCG,25636,0.999337,1e-08,GAT
ORF1a,2645,GCT,14,0.000545745,1.20469e-06,GAT
ORF1a,2645,GCA,2,7.79636e-05,1e-08,GAT
ORF1a,2647,GTT,25651,0.999922,1e-08,GAA
ORF1a,2647,GTC,1,3.89818e-05,1e-08,GAA
ORF1a,2648,TAC,25632,0.999181,1e-08,ACT
ORF1a,2648,TAT,21,0.000818618,1e-08,ACT
ORF1a,2649,TAC,25651,0.999922,1e-08,AAA
ORF1a,2649,TAT,2,7.79636e-05,1e-08,AAA
ORF1a,2651,CAG,25650,0.999883,1e-08,GTT
ORF1a,2651,CAT,3,0.000116945,1e-08,GTT
ORF1a,2653,ATG,25652,0.999961,1e-08,GAA
ORF1a,2654,TGT,25650,0.999883,0.969204,TGT
ORF1a,2654,TGC,3,0.000116945,0.0236479,TGT
ORF1a,2658,CTG,25652,0.999961,1e-08,TCA
ORF1a,2658,CTA,1,3.89818e-05,9.62475e-06,TCA
ORF1a,2659,TTA,25652,0.999961,1e-08,CAT
ORF1a,2659,CTA,1,3.89818e-05,1e-08,CAT
ORF1a,2663,GCA,25650,0.999883,1.14637e-06,ATA
ORF1a,2663,GCC,2,7.79636e-05,1e-08,ATA
ORF1a,2663,GCT,1,3.89818e-05,1e-08,ATA
ORF1a,2666,TCT,25651,0.999922,0.000869969,ACT
ORF1a,2666,TTT,1,3.89818e-05,1e-08,ACT
ORF1a,2672,GCG,25644,0.999649,1e-08,AAC
ORF1a,2672,GTG,7,0.000272873,1e-08,AAC
ORF1a,2672,GCT,1,3.89818e-05,1e-08,AAC
ORF1a,2674,GTT,25605,0.998129,8.17865e-05,ATG
ORF1a,2674,GGT,3,0.000116945,1e-08,ATG
ORF1a,2674,GTC,1,3.89818e-05,4.03844e-05,ATG
ORF1a,2675,GCA,25620,0.998714,1e-08,CTC
ORF1a,2675,GTA,23,0.000896581,1e-08,CTC
ORF1a,2675,GCT,1,3.89818e-05,1e-08,CTC
ORF1a,2677,AAA,25639,0.999454,1e-08,TAT
ORF1a,2677,AGA,6,0.000233891,1e-08,TAT
ORF1a,2677,AAG,7,0.000272873,1e-08,TAT
ORF1a,2684,AAT,25651,0.999922,4.6518e-06,ACA
ORF1a,2684,GAT,1,3.89818e-05,1e-08,ACA
ORF1a,2684,AAC,1,3.89818e-05,3.43251e-06,ACA
ORF1a,2689,ACT,25650,0.999883,1e-08,GGT
ORF1a,2689,ACC,3,0.000116945,1e-08,GGT
ORF1a,2691,AAC,25623,0.998831,1e-08,TGT
ORF1a,2691,GAC,25,0.000974545,1e-08,TGT
ORF1a,2691,AAT,5,0.000194909,1e-08,TGT
ORF1a,2693,CCA,25619,0.998675,1e-08,GAC
ORF1a,2693,TCA,32,0.00124742,1e-08,GAC
ORF1a,2693,GCA,2,7.79636e-05,2.9642e-05,GAC
ORF1a,2694,ATG,25650,0.999883,1e-08,TGT
ORF1a,2694,ATT,1,3.89818e-05,3.03066e-06,TGT
ORF1a,2694,GTG,2,7.79636e-05,1e-08,TGT
ORF1a,2697,CTC,25604,0.99809,1.64935e-06,CGT
ORF1a,2697,CAC,1,3.89818e-05,1e-08,CGT
ORF1a,2697,TTC,37,0.00144233,1e-08,CGT
ORF1a,2697,CTT,10,0.000389818,6.09693e-05,CGT
ORF1a,2697,ATC,1,3.89818e-05,1e-08,CGT
ORF1a,2701,GTT,25639,0.999454,1e-08,GCG
ORF1a,2701,TTT,13,0.000506763,1e-08,GCG
ORF1a,2708,CTT,25645,0.999688,1.18071e-05,AAT
ORF1a,2708,TTT,3,0.000116945,1e-08,AAT
ORF1a,2708,CTC,2,7.79636e-05,4.81836e-06,AAT
ORF1a,2710,AAG,25647,0.999766,1e-08,GCG
ORF1a,2710,AAT,4,0.000155927,1.42209e-06,GCG
ORF1a,2712,GTG,25644,0.999649,0.000160161,ATA
ORF1a,2712,GTT,8,0.000311854,0.0105502,ATA
ORF1a,2719,TCT,25650,0.999883,1e-08,ATG
ORF1a,2719,GCT,1,3.89818e-05,1e-08,ATG
ORF1a,2719,TCC,1,3.89818e-05,1e-08,ATG
ORF1a,2723,TCA,25649,0.999844,1e-08,GAA
ORF1a,2723,TCG,2,7.79636e-05,1e-08,GAA
ORF1a,2724,GCA,25647,0.999766,1e-08,CAA
ORF1a,2724,GCT,1,3.89818e-05,1e-08,CAA
ORF1a,2724,ACA,2,7.79636e-05,4.68299e-06,CAA
ORF1a,2726,CGG,25647,0.999766,0.0328998,CGA
ORF1a,2726,CGT,5,0.000194909,0.030396,CGA
ORF1a,2728,GGG,25650,0.999883,1e-08,CAA
ORF1a,2728,GGA,2,7.79636e-05,1e-08,CAA
ORF1a,2728,AGG,1,3.89818e-05,1e-08,CAA
ORF1a,2733,GAT,25652,0.999961,7.36107e-05,GCC
ORF1a,2733,GAC,1,3.89818e-05,0.000120926,GCC
ORF1a,2734,GTA,25649,0.999844,1e-08,AAA
ORF1a,2734,GTG,3,0.000116945,1e-08,AAA
ORF1a,2734,ATA,1,3.89818e-05,1e-08,AAA
ORF1a,2736,ACT,25648,0.999805,0.00034303,AAC
ORF1a,2736,ATT,4,0.000155927,0.000123233,AAC
ORF1a,2751,ATA,25651,0.999922,1.38409e-05,GTT
ORF1a,2751,ATT,1,3.89818e-05,0.00339658,GTT
ORF1a,2755,GGC,25650,0.999883,1e-08,ACA
ORF1a,2755,TGC,1,3.89818e-05,2.64957e-06,ACA
ORF1a,2755,GGT,2,7.79636e-05,1e-08,ACA
ORF1a,2759,AAT,25652,0.999961,1e-08,GCA
ORF1a,2759,AAC,1,3.89818e-05,1e-08,GCA
ORF1a,2760,AAC,25652,0.999961,1e-08,CTT
ORF1a,2760,AAT,1,3.89818e-05,1e-08,CTT
ORF1a,2762,ATG,25652,0.999961,1e-08,GGT
ORF1a,2762,ATT,1,3.89818e-05,1e-08,GGT
ORF1a,2763,CTC,25638,0.999415,1e-08,GGT
ORF1a,2763,CTT,14,0.000545745,1e-08,GGT
ORF1a,2764,ACC,25612,0.998402,6.80222e-05,AAA
ORF1a,2764,ACA,3,0.000116945,0.00723135,AAA
ORF1a,2764,ACT,37,0.00144233,0.000167107,AAA
ORF1a,2766,AAC,25649,0.999844,1e-08,GTT
ORF1a,2766,AAT,4,0.000155927,5.59975e-05,GTT
ORF1a,2769,GAA,25650,0.999883,1e-08,TGG
ORF1a,2769,GAG,3,0.000116945,1e-08,TGG
ORF1a,2770,AAC,25650,0.999883,1e-08,TTG
ORF1a,2770,ACC,1,3.89818e-05,1e-08,TTG
ORF1a,2770,AAT,2,7.79636e-05,1e-08,TTG
ORF1a,2771,ATG,25652,0.999961,1e-08,AAG
ORF1a,2772,ACA,25650,0.999883,1e-08,CAG
ORF1a,2772,ATA,3,0.000116945,1e-08,CAG
ORF1a,2773,CCC,25645,0.999688,1e-08,TTA
ORF1a,2773,CCT,4,0.000155927,1e-08,TTA
ORF1a,2773,ACC,2,7.79636e-05,1e-08,TTA
ORF1a,2774,CGT,25651,0.999922,6.19215e-06,ATT
ORF1a,2774,CGC,1,3.89818e-05,1e-08,ATT
ORF1a,2774,CAT,1,3.89818e-05,1.92261e-06,ATT
ORF1a,2775,GAC,25646,0.999727,1e-08,AAA
ORF1a,2775,GAT,5,0.000194909,1e-08,AAA
ORF1a,2776,CTT,25649,0.999844,0.00285941,GTT
ORF1a,2776,TTT,2,7.79636e-05,0.0012354,GTT
ORF1a,2776,CTA,1,3.89818e-05,2.70299e-05,GTT
ORF1a,2776,CTG,1,3.89818e-05,2.40361e-05,GTT
ORF1a,2778,GCT,25646,0.999727,1e-08,CTC
ORF1a,2778,GTT,5,0.000194909,0.000737593,CTC
ORF1a,2778,GCC,2,7.79636e-05,1e-08,CTC
ORF1a,2781,GAC,25644,0.999649,1e-08,CTT
ORF1a,2781,GAT,9,0.000350836,8.07521e-06,CTT
ORF1a,2784,GCG,25650,0.999883,0.0127159,GCT
ORF1a,2784,GCT,1,3.89818e-05,0.919274,GCT
ORF1a,2784,GCA,1,3.89818e-05,0.0142928,GCT
ORF1a,2784,GTG,1,3.89818e-05,1.41844e-05,GCT
ORF1a,2785,CGT,25651,0.999922,1e-08,GCT
ORF1a,2785,CGG,2,7.79636e-05,1e-08,GCT
ORF1a,2786,CAT,25648,0.999805,8.26957e-06,ATC
ORF1a,2786,CAC,1,3.89818e-05,4.43831e-05,ATC
ORF1a,2786,TAT,4,0.000155927,1.95177e-06,ATC
ORF1a,2789,GCG,25637,0.999376,2.74043e-06,TTA
ORF1a,2789,GTG,15,0.000584727,0.000122857,TTA
ORF1a,2790,CAG,25609,0.998285,1e-08,ATA
ORF1a,2790,CAT,44,0.0017152,1e-08,ATA
ORF1a,2791,GTA,25652,0.999961,1.14396e-06,ACA
ORF1a,2791,GTT,1,3.89818e-05,1e-08,ACA
ORF1a,2793,AAA,25651,0.999922,1e-08,GTT
ORF1a,2793,AAG,1,3.89818e-05,1e-08,GTT
ORF1a,2794,AGT,25648,0.999805,1e-08,CAT
ORF1a,2794,GGT,3,0.000116945,1.50511e-05,CAT
ORF1a,2795,CAC,25649,0.999844,6.89454e-06,GTC
ORF1a,2795,CAT,4,0.000155927,1e-08,GTC
ORF1a,2796,AGC,1,3.89818e-05,2.92157e-05,ATG
ORF1a,2796,AAC,25610,0.998324,1.5537e-06,ATG
ORF1a,2796,AAT,39,0.00152029,4.77396e-06,ATG
ORF1a,2796,ATC,1,3.89818e-05,0.000816126,ATG
ORF1a,2798,GCT,25641,0.999532,6.58567e-06,AAA
ORF1a,2798,GTT,9,0.000350836,2.22242e-06,AAA
ORF1a,2798,GCC,2,7.79636e-05,2.62024e-06,AAA
ORF1a,2807,ATG,25648,0.999805,0.000448708,ATA
ORF1a,2807,ATA,2,7.79636e-05,0.963302,ATA
ORF1a,2810,TCT,25651,0.999922,1e-08,AAG
ORF1a,2810,TCC,2,7.79636e-05,1e-08,AAG
ORF1a,2818,CGT,25652,0.999961,0.929622,CGT
ORF1a,2818,CGC,1,3.89818e-05,0.0349896,CGT
ORF1a,2824,AAT,25648,0.999805,1e-08,GAT
ORF1a,2824,AAC,5,0.000194909,1e-08,GAT
ORF1a,2825,AAC,25650,0.999883,7.05804e-05,ACT
ORF1a,2825,AAT,2,7.79636e-05,0.00622211,ACT
ORF1a,2833,GCA,25651,0.999922,8.77948e-06,GAT
ORF1a,2833,GTA,1,3.89818e-05,1.38466e-06,GAT
ORF1a,2833,GCT,1,3.89818e-05,0.000619711,GAT
ORF1a,2843,ACA,25649,0.999844,1e-08,GGT
ORF1a,2843,ATA,1,3.89818e-05,1e-08,GGT
ORF1a,2844,ACA,25652,0.999961,9.96196e-06,AGT
ORF1a,2844,ACG,1,3.89818e-05,8.80619e-06,AGT
ORF1a,2845,AAG,25651,0.999922,1e-08,TAT
ORF1a,2845,AGG,1,3.89818e-05,1e-08,TAT
ORF1a,2849,AAG,25649,0.999844,0.0542733,AAA
ORF1a,2849,AAA,2,7.79636e-05,0.914751,AAA
ORF1a,2850,GGT,25651,0.999922,0.00113374,GCT
ORF1a,2850,AGC,1,3.89818e-05,1.83775e-06,GCT
ORF1a,2850,GGC,1,3.89818e-05,1.45798e-05,GCT
