Gene,Site,aa,count,freq,total
S,5,L,9708,0.994774,9759
S,5,F,51,0.00522595,9759
S,8,L,9744,0.998258,9761
S,8,V,16,0.00163918,9761
S,8,W,1,0.000102449,9761
S,10,L,9761,1,9761
S,11,V,9761,1,9761
S,14,Q,9758,0.999693,9761
S,14,R,2,0.000204897,9761
S,14,H,1,0.000102449,9761
S,18,L,9754,0.999385,9760
S,18,F,6,0.000614754,9760
S,20,T,9761,1,9761
S,21,R,9752,0.999078,9761
S,21,K,1,0.000102449,9761
S,21,I,8,0.000819588,9761
S,27,A,9754,0.999385,9760
S,27,V,3,0.000307377,9760
S,27,S,3,0.000307377,9760
S,28,Y,9756,0.999795,9758
S,28,D,1,0.00010248,9758
S,28,H,1,0.00010248,9758
S,29,T,9750,0.998873,9761
S,29,S,1,0.000102449,9761
S,29,I,10,0.00102449,9761
S,32,I,1,0.000102449,9761
S,32,F,9759,0.999795,9761
S,32,V,1,0.000102449,9761
S,38,Y,9759,1,9759
S,43,F,9761,1,9761
S,44,R,9760,1,9760
S,45,S,9761,1,9761
S,49,H,9732,1,9732
S,50,S,9753,0.999283,9760
S,50,L,7,0.000717213,9760
S,53,D,9761,1,9761
S,54,L,9751,0.999078,9760
S,54,F,9,0.000922131,9760
S,55,F,9761,1,9761
S,58,F,9761,1,9761
S,60,S,9761,1,9761
S,61,N,9761,1,9761
S,69,H,9757,0.999898,9758
S,69,D,1,0.00010248,9758
S,70,V,9759,0.999898,9760
S,70,F,1,0.000102459,9760
S,71,S,9756,0.999488,9761
S,71,T,1,0.000102449,9761
S,71,F,4,0.000409794,9761
S,72,G,9755,0.999795,9757
S,72,W,2,0.000204981,9757
S,73,T,9760,0.999898,9761
S,73,F,1,0.000102449,9761
S,76,T,9757,0.999693,9760
S,76,I,3,0.000307377,9760
S,83,V,9760,0.999898,9761
S,83,F,1,0.000102449,9761
S,85,P,9761,1,9761
S,90,V,9758,0.999693,9761
S,90,F,3,0.000307346,9761
S,91,Y,1,1,1
S,95,T,9755,0.99959,9759
S,95,I,4,0.000409878,9759
S,97,K,2,1,2
S,99,N,9761,1,9761
S,104,W,9760,0.999898,9761
S,104,R,1,0.000102449,9761
S,116,S,9761,1,9761
S,117,L,9761,1,9761
S,123,A,9760,1,9760
S,130,V,9761,1,9761
S,132,E,9761,1,9761
S,138,D,9753,0.99959,9757
S,138,H,4,0.000409962,9757
S,142,G,9745,0.99959,9749
S,142,A,3,0.000307724,9749
S,142,V,1,0.000102575,9749
S,143,V,9747,0.998873,9758
S,143,G,10,0.0010248,9758
S,143,F,1,0.00010248,9758
S,144,V,6,0.6,10
S,144,D,4,0.4,10
S,146,H,9749,0.998873,9760
S,146,R,3,0.000307377,9760
S,146,Y,8,0.000819672,9760
S,147,K,9759,1,9759
S,149,N,9758,0.999795,9760
S,149,H,2,0.000204918,9760
S,160,Y,1,1,1
S,163,A,9760,1,9760
S,173,Q,9760,1,9760
S,177,M,9758,0.999693,9761
S,177,I,3,0.000307346,9761
S,178,D,9761,1,9761
S,186,F,9760,0.999898,9761
S,186,S,1,0.000102449,9761
S,190,R,9759,1,9759
S,194,F,9760,1,9760
S,206,K,1,1,1
S,215,D,9757,0.999693,9760
S,215,H,2,0.000204918,9760
S,215,G,1,0.000102459,9760
S,217,P,9761,1,9761
S,221,S,9756,0.999488,9761
S,221,W,1,0.000102449,9761
S,221,L,4,0.000409794,9761
S,224,E,9761,1,9761
S,231,I,9760,0.999898,9761
S,231,T,1,0.000102449,9761
S,232,G,9760,1,9760
S,233,I,9760,0.999898,9761
S,233,R,1,0.000102449,9761
S,234,N,9761,1,9761
S,238,F,9760,1,9760
S,239,K,9,1,9
S,242,L,9760,1,9760
S,252,G,9761,1,9761
S,254,S,9754,0.999385,9760
S,254,F,6,0.000614754,9760
S,257,G,9761,1,9761
S,261,G,9753,0.999488,9758
S,261,V,5,0.0005124,9758
S,263,A,9759,0.999898,9760
S,263,S,1,0.000102459,9760
S,267,V,9759,1,9759
S,273,R,9759,1,9759
S,274,T,9760,1,9760
S,276,L,9757,1,9757
S,277,L,9755,1,9755
S,279,Y,1,1,1
S,284,T,9756,1,9756
S,289,V,9760,0.999898,9761
S,289,I,1,0.000102449,9761
S,290,D,9758,0.999898,9759
S,290,V,1,0.00010247,9759
S,293,L,9757,1,9757
S,294,D,9755,1,9755
S,295,P,9755,1,9755
S,296,L,9759,1,9759
S,302,T,9761,1,9761
S,304,K,9758,1,9758
S,306,F,9760,1,9760
S,310,K,9760,1,9760
S,312,I,9760,1,9760
S,313,Y,2,1,2
S,318,F,9758,0.999898,9759
S,318,S,1,0.00010247,9759
S,343,N,9761,1,9761
S,348,A,9760,0.999898,9761
S,348,T,1,0.000102449,9761
S,367,V,9747,0.998566,9761
S,367,F,14,0.00143428,9761
S,370,N,9761,1,9761
S,372,A,9760,0.999898,9761
S,372,S,1,0.000102449,9761
S,375,S,9760,1,9760
S,382,V,9761,1,9761
S,391,C,9761,1,9761
S,395,V,9761,1,9761
S,410,I,9761,1,9761
S,412,P,9761,1,9761
S,413,G,9760,1,9760
S,414,E,6,0.857143,7
S,414,A,1,0.142857,7
S,431,G,9758,1,9758
S,432,C,9759,1,9759
S,433,V,9760,1,9760
S,439,N,9756,0.999693,9759
S,439,K,3,0.000307409,9759
S,452,L,9759,0.999898,9760
S,452,R,1,0.000102459,9760
S,459,S,9760,1,9760
S,474,Q,9748,1,9748
S,475,A,9758,0.999795,9760
S,475,V,2,0.000204918,9760
S,476,G,9751,0.999078,9760
S,476,S,9,0.000922131,9760
S,489,Y,9757,1,9757
S,490,F,9761,1,9761
S,508,Y,9745,0.999897,9746
S,508,H,1,0.000102606,9746
S,518,L,9760,1,9760
S,521,P,9761,1,9761
S,531,T,9761,1,9761
S,537,K,9760,1,9760
S,540,N,9761,1,9761
S,541,F,9761,1,9761
S,543,F,9761,1,9761
S,548,G,9761,1,9761
S,556,N,9761,1,9761
S,560,L,9761,1,9761
S,562,F,9761,1,9761
S,574,D,9760,1,9760
S,591,S,9761,1,9761
S,595,V,9761,1,9761
S,599,T,9761,1,9761
S,614,D,3845,0.39448,9747
S,614,G,5902,0.60552,9747
S,615,V,9748,0.998668,9761
S,615,L,1,0.000102449,9761
S,615,I,11,0.00112693,9761
S,615,F,1,0.000102449,9761
S,617,C,9761,1,9761
S,618,T,9761,1,9761
S,620,V,9761,1,9761
S,640,S,9761,1,9761
S,647,A,9760,0.999898,9761
S,647,S,1,0.000102449,9761
S,652,G,9759,1,9759
S,655,H,9752,1,9752
S,657,N,9761,1,9761
S,658,N,9761,1,9761
S,665,P,9761,1,9761
S,669,G,9761,1,9761
S,671,C,9761,1,9761
S,675,Q,9741,0.998053,9760
S,675,H,18,0.00184426,9760
S,675,R,1,0.000102459,9760
S,676,T,9760,0.999898,9761
S,676,I,1,0.000102449,9761
S,677,Q,9752,0.999385,9758
S,677,H,5,0.0005124,9758
S,677,R,1,0.00010248,9758
S,678,T,9761,1,9761
S,679,N,9757,0.999795,9759
S,679,K,2,0.000204939,9759
S,681,P,9758,0.999795,9760
S,681,H,1,0.000102459,9760
S,681,L,1,0.000102459,9760
S,682,R,9759,0.999898,9760
S,682,Q,1,0.000102459,9760
S,683,R,9758,0.999795,9760
S,683,P,1,0.000102459,9760
S,683,Q,1,0.000102459,9760
S,684,A,9759,0.999898,9760
S,684,V,1,0.000102459,9760
S,686,S,9759,0.999898,9760
S,686,G,1,0.000102459,9760
S,689,S,9757,0.999693,9760
S,689,I,3,0.000307377,9760
S,691,S,9761,1,9761
S,692,I,9761,1,9761
S,704,S,9757,0.999693,9760
S,704,L,3,0.000307377,9760
S,706,A,9753,0.99918,9761
S,706,V,8,0.000819588,9761
S,713,A,9761,1,9761
S,715,P,9761,1,9761
S,722,V,9761,1,9761
S,723,T,9761,1,9761
S,731,M,9757,0.999693,9760
S,731,I,3,0.000307377,9760
S,732,T,9760,1,9760
S,735,S,9760,0.999898,9761
S,735,L,1,0.000102449,9761
S,741,Y,9760,1,9760
S,763,L,9761,1,9761
S,764,N,9761,1,9761
S,765,R,9750,0.998975,9760
S,765,H,4,0.000409836,9760
S,765,C,1,0.000102459,9760
S,765,L,5,0.000512295,9760
S,777,N,9761,1,9761
S,778,T,9761,1,9761
S,783,A,9761,1,9761
S,788,I,9761,1,9761
S,789,Y,9692,1,9692
S,795,K,9731,1,9731
S,808,D,9760,0.999898,9761
S,808,N,1,0.000102449,9761
S,809,P,9758,0.999693,9761
S,809,S,3,0.000307346,9761
S,810,S,9761,1,9761
S,816,S,9761,1,9761
S,820,D,9761,1,9761
S,821,L,9759,0.999795,9761
S,821,I,2,0.000204897,9761
S,824,N,9761,1,9761
S,829,A,9753,0.99918,9761
S,829,T,8,0.000819588,9761
S,831,A,9732,0.997029,9761
S,831,V,28,0.00286856,9761
S,831,S,1,0.000102449,9761
S,839,D,9733,0.999795,9735
S,839,E,1,0.000102722,9735
S,839,N,1,0.000102722,9735
S,845,A,9753,0.99918,9761
S,845,V,1,0.000102449,9761
S,845,S,7,0.00071714,9761
S,846,A,9754,0.999283,9761
S,846,V,7,0.00071714,9761
S,853,Q,3,1,3
S,856,N,9759,0.999795,9761
S,856,S,2,0.000204897,9761
S,857,G,9761,1,9761
S,863,P,9761,1,9761
S,864,L,9761,1,9761
S,876,A,9761,1,9761
S,877,L,9761,1,9761
S,879,A,9746,0.998463,9761
S,879,T,1,0.000102449,9761
S,879,V,2,0.000204897,9761
S,879,S,12,0.00122938,9761
S,887,T,9761,1,9761
S,893,A,9759,0.999898,9760
S,893,V,1,0.000102459,9760
S,907,N,9761,1,9761
S,911,V,9761,1,9761
S,916,L,9761,1,9761
S,919,N,9761,1,9761
S,921,K,9757,1,9757
S,925,N,9761,1,9761
S,928,N,9761,1,9761
S,932,G,9759,0.999898,9760
S,932,D,1,0.000102459,9760
S,934,I,9760,0.999898,9761
S,934,M,1,0.000102449,9761
S,936,D,9721,0.996004,9760
S,936,Y,38,0.00389344,9760
S,936,H,1,0.000102459,9760
S,938,L,9758,0.999693,9761
S,938,F,3,0.000307346,9761
S,939,S,9751,0.998976,9761
S,939,F,10,0.00102449,9761
S,940,S,9757,0.99959,9761
S,940,F,3,0.000307346,9761
S,940,T,1,0.000102449,9761
S,941,T,9759,0.999795,9761
S,941,A,2,0.000204897,9761
S,943,S,9738,0.997644,9761
S,943,T,1,0.000102449,9761
S,943,P,22,0.00225387,9761
S,948,L,9760,0.999898,9761
S,948,R,1,0.000102449,9761
S,952,V,9760,0.999898,9761
S,952,F,1,0.000102449,9761
S,958,A,9761,1,9761
S,971,G,9759,1,9759
S,986,K,9760,1,9760
S,1008,V,9761,1,9761
S,1019,R,9761,1,9761
S,1035,G,1,1,1
S,1040,V,9758,0.999693,9761
S,1040,F,3,0.000307346,9761
S,1041,D,9761,1,9761
S,1044,G,76,1,76
S,1046,G,9761,1,9761
S,1059,G,9761,1,9761
S,1063,L,9759,0.999795,9761
S,1063,F,2,0.000204897,9761
S,1065,V,9759,0.999795,9761
S,1065,L,2,0.000204897,9761
S,1074,N,9761,1,9761
S,1077,T,9761,1,9761
S,1078,A,9749,0.998771,9761
S,1078,S,10,0.00102449,9761
S,1078,V,2,0.000204897,9761
S,1093,G,9760,0.999898,9761
S,1093,A,1,0.000102449,9761
S,1094,V,9761,1,9761
S,1100,T,9761,1,9761
S,1105,T,9761,1,9761
S,1114,I,9761,1,9761
S,1115,I,9761,1,9761
S,1119,N,9761,1,9761
S,1122,V,9760,0.999898,9761
S,1122,L,1,0.000102449,9761
S,1124,G,9721,0.997026,9750
S,1124,V,29,0.00297436,9750
S,1134,N,9761,1,9761
S,1140,P,9760,1,9760
S,1146,D,9760,0.999898,9761
S,1146,E,1,0.000102449,9761
S,1148,F,9760,1,9760
S,1162,P,9753,0.999283,9760
S,1162,A,1,0.000102459,9760
S,1162,S,1,0.000102459,9760
S,1162,L,5,0.000512295,9760
S,1163,D,9758,0.999795,9760
S,1163,G,2,0.000204918,9760
S,1166,L,9761,1,9761
S,1168,D,9760,0.999898,9761
S,1168,H,1,0.000102449,9761
S,1178,N,9760,1,9760
S,1179,I,9760,1,9760
S,1197,L,9761,1,9761
S,1198,I,9761,1,9761
S,1199,D,9761,1,9761
S,1215,Y,9755,1,9755
S,1218,L,9761,1,9761
S,1222,A,9761,1,9761
S,1228,V,9758,0.999795,9760
S,1228,L,2,0.000204918,9760
S,1230,V,9759,0.999795,9761
S,1230,L,2,0.000204897,9761
S,1235,C,9761,1,9761
S,1237,M,9755,0.999385,9761
S,1237,I,6,0.000614691,9761
S,1240,C,9761,1,9761
S,1252,S,9759,0.999795,9761
S,1252,F,2,0.000204897,9761
S,1259,D,9758,0.999795,9760
S,1259,H,2,0.000204918,9760
S,1263,P,9693,0.994052,9751
S,1263,L,58,0.00594811,9751
S,1264,V,9759,0.999795,9761
S,1264,L,2,0.000204897,9761
S,1273,T,9760,0.999898,9761
S,1273,I,1,0.000102449,9761
M,1,M,11759,1,11759
M,3,D,11617,0.990282,11731
M,3,G,114,0.00971784,11731
M,28,F,11760,1,11760
M,30,T,11760,1,11760
M,35,L,11759,1,11759
M,40,A,11753,0.999405,11760
M,40,S,6,0.000510204,11760
M,40,V,1,8.5034e-05,11760
M,53,F,11760,1,11760
M,54,L,11760,1,11760
M,56,L,11760,1,11760
M,57,L,11760,1,11760
M,66,V,11758,0.99983,11760
M,66,L,2,0.000170068,11760
M,67,L,11758,0.999915,11759
M,67,F,1,8.50412e-05,11759
M,69,A,11757,0.999745,11760
M,69,S,3,0.000255102,11760
M,70,V,11746,0.99881,11760
M,70,F,3,0.000255102,11760
M,70,I,11,0.000935374,11760
M,71,Y,11708,1,11708
M,76,I,11760,1,11760
M,77,T,11760,1,11760
M,78,G,11756,0.99983,11758
M,78,A,1,8.50485e-05,11758
M,78,C,1,8.50485e-05,11758
M,79,G,11760,1,11760
M,82,I,11760,1,11760
M,88,V,11759,1,11759
M,89,G,11759,1,11759
M,93,L,11759,1,11759
M,100,F,11759,1,11759
M,102,L,11760,1,11760
M,104,A,11759,0.999915,11760
M,104,V,1,8.5034e-05,11760
M,106,T,11760,1,11760
M,112,F,11760,1,11760
M,113,N,11760,1,11760
M,114,P,11760,1,11760
M,117,N,11758,0.999915,11759
M,117,H,1,8.50412e-05,11759
M,120,L,11760,1,11760
M,121,N,11760,1,11760
M,124,L,11760,1,11760
M,129,L,11759,1,11759
M,130,T,11758,0.999915,11759
M,130,P,1,8.50412e-05,11759
M,132,P,11759,0.999915,11760
M,132,A,1,8.5034e-05,11760
M,135,E,3,1,3
M,138,L,11760,1,11760
M,141,G,11759,1,11759
M,143,V,11759,1,11759
M,155,H,11757,1,11757
M,158,R,11755,0.999575,11760
M,158,H,1,8.5034e-05,11760
M,158,C,4,0.000340136,11760
M,160,D,11760,1,11760
M,161,I,11760,1,11760
M,164,L,11759,0.999915,11760
M,164,M,1,8.5034e-05,11760
M,172,T,11760,1,11760
M,174,R,11760,1,11760
M,175,T,11415,0.971737,11747
M,175,M,331,0.0281774,11747
M,175,A,1,8.51281e-05,11747
M,178,Y,2,1,2
M,179,Y,11756,1,11756
M,181,L,11760,1,11760
M,184,S,11760,1,11760
M,190,D,11759,0.999915,11760
M,190,N,1,8.5034e-05,11760
M,192,G,11760,1,11760
M,195,A,11758,0.999915,11759
M,195,V,1,8.50412e-05,11759
M,202,G,11760,1,11760
M,203,N,11760,1,11760
M,209,D,11752,0.99932,11760
M,209,H,6,0.000510204,11760
M,209,Y,2,0.000170068,11760
M,215,D,11760,1,11760
N,6,P,11567,0.999741,11570
N,6,L,1,8.64304e-05,11570
N,6,T,1,8.64304e-05,11570
N,6,S,1,8.64304e-05,11570
N,8,N,11570,1,11570
N,13,P,11415,0.986603,11570
N,13,S,3,0.000259291,11570
N,13,L,149,0.0128781,11570
N,13,T,2,0.000172861,11570
N,13,R,1,8.64304e-05,11570
N,14,R,11568,0.999914,11569
N,14,C,1,8.64379e-05,11569
N,19,R,1,0.2,5
N,19,V,4,0.8,5
N,20,P,11563,0.999395,11570
N,20,S,6,0.000518583,11570
N,20,L,1,8.64304e-05,11570
N,22,D,11523,0.996024,11569
N,22,G,45,0.00388971,11569
N,22,Y,1,8.64379e-05,11569
N,24,T,11542,0.997666,11569
N,24,N,24,0.00207451,11569
N,24,I,3,0.000259314,11569
N,25,G,11570,1,11570
N,32,R,11566,0.999741,11569
N,32,H,3,0.000259314,11569
N,34,G,11562,0.999309,11570
N,34,W,4,0.000345722,11570
N,34,E,4,0.000345722,11570
N,35,A,11566,0.999741,11569
N,35,T,1,8.64379e-05,11569
N,35,V,2,0.000172876,11569
N,36,R,11567,0.999741,11570
N,36,L,3,0.000259291,11570
N,41,R,11569,0.999914,11570
N,41,W,1,8.64304e-05,11570
N,42,P,11570,1,11570
N,50,A,11570,1,11570
N,53,F,11570,1,11570
N,60,G,11567,0.999827,11569
N,60,R,1,8.64379e-05,11569
N,60,C,1,8.64379e-05,11569
N,61,K,11570,1,11570
N,66,F,11570,1,11570
N,67,P,11564,0.999568,11569
N,67,S,2,0.000172876,11569
N,67,T,3,0.000259314,11569
N,69,G,3,1,3
N,78,S,11570,1,11570
N,82,D,11566,0.999827,11568
N,82,Y,2,0.000172891,11568
N,85,G,11570,1,11570
N,87,Y,11569,1,11569
N,90,A,11566,0.999827,11568
N,90,T,1,8.64454e-05,11568
N,90,S,1,8.64454e-05,11568
N,91,T,11570,1,11570
N,101,M,11569,0.999914,11570
N,101,I,1,8.64304e-05,11570
N,103,D,11523,0.995938,11570
N,103,Y,47,0.00406223,11570
N,108,W,11569,0.999914,11570
N,108,C,1,8.64304e-05,11570
N,110,F,11569,0.999914,11570
N,110,S,1,8.64304e-05,11570
N,111,Y,11570,1,11570
N,114,G,1,1,1
N,116,G,11567,1,11567
N,119,A,11546,0.997926,11570
N,119,V,18,0.00155575,11570
N,119,S,6,0.000518583,11570
N,122,P,11562,0.999309,11570
N,122,L,8,0.000691443,11570
N,125,A,11569,0.999914,11570
N,125,T,1,8.64304e-05,11570
N,126,N,11570,1,11570
N,128,D,11564,0.999568,11569
N,128,Y,5,0.000432189,11569
N,130,I,11570,1,11570
N,134,A,11568,0.999827,11570
N,134,V,2,0.000172861,11570
N,135,T,11566,0.999741,11569
N,135,P,1,8.64379e-05,11569
N,135,I,2,0.000172876,11569
N,137,G,1,1,1
N,139,L,11559,0.999222,11568
N,139,F,9,0.000778008,11568
N,140,N,11567,0.999741,11570
N,140,T,2,0.000172861,11570
N,140,K,1,8.64304e-05,11570
N,144,D,11563,0.999481,11569
N,144,E,1,8.64379e-05,11569
N,144,N,3,0.000259314,11569
N,144,Y,1,8.64379e-05,11569
N,144,H,1,8.64379e-05,11569
N,145,H,11567,0.999741,11570
N,145,Y,3,0.000259291,11570
N,149,R,11569,1,11569
N,151,P,11563,0.999481,11569
N,151,L,5,0.000432189,11569
N,151,S,1,8.64379e-05,11569
N,153,N,11570,1,11570
N,157,I,11569,0.999914,11570
N,157,T,1,8.64304e-05,11570
N,158,V,11570,1,11570
N,163,Q,1,0.5,2
N,163,K,1,0.5,2
N,164,G,1,1,1
N,168,P,11567,0.999827,11569
N,168,S,2,0.000172876,11569
N,171,F,11566,0.999654,11570
N,171,C,4,0.000345722,11570
N,172,Y,11570,1,11570
N,173,A,11570,1,11570
N,175,G,11570,1,11570
N,177,R,11570,1,11570
N,180,S,11556,0.999049,11567
N,180,C,2,0.000172906,11567
N,180,I,8,0.000691623,11567
N,180,G,1,8.64528e-05,11567
N,185,R,11548,0.998185,11569
N,185,L,3,0.000259314,11569
N,185,C,17,0.00146944,11569
N,185,H,1,8.64379e-05,11569
N,188,S,11543,0.997666,11570
N,188,L,17,0.00146932,11570
N,188,P,10,0.000864304,11570
N,190,S,11544,0.997925,11568
N,190,G,1,8.64454e-05,11568
N,190,I,23,0.00198824,11568
N,191,R,11559,0.999049,11570
N,191,L,6,0.000518583,11570
N,191,C,5,0.000432152,11570
N,192,N,11567,0.999741,11570
N,192,K,2,0.000172861,11570
N,192,S,1,8.64304e-05,11570
N,193,S,11341,0.980716,11564
N,193,I,223,0.019284,11564
N,194,L,70,0.0060517,11567
N,194,S,11497,0.993948,11567
N,195,R,11552,0.998444,11570
N,195,I,6,0.000518583,11570
N,195,K,12,0.00103717,11570
N,196,N,11570,1,11570
N,197,S,11400,0.985477,11568
N,197,L,168,0.0145228,11568
N,198,T,11566,0.999741,11569
N,198,I,3,0.000259314,11569
N,200,G,11568,0.999827,11570
N,200,S,2,0.000172861,11570
N,201,S,11569,1,11569
N,202,S,11503,0.994209,11570
N,202,N,63,0.00544512,11570
N,202,I,4,0.000345722,11570
N,203,R,9553,0.827673,11542
N,203,K,1988,0.172241,11542
N,203,M,1,8.66401e-05,11542
N,204,R,1985,0.999496,1986
N,204,G,1,0.000503525,1986
N,205,T,11533,0.996888,11569
N,205,I,36,0.00311176,11569
N,208,A,11554,0.998617,11570
N,208,G,16,0.00138289,11570
N,209,R,11561,0.999222,11570
N,209,I,3,0.000259291,11570
N,209,T,6,0.000518583,11570
N,212,G,11567,0.999741,11570
N,212,V,3,0.000259291,11570
N,214,G,11567,0.999827,11569
N,214,C,2,0.000172876,11569
N,215,G,11567,0.999741,11570
N,215,S,3,0.000259291,11570
N,217,A,11568,0.999827,11570
N,217,V,2,0.000172861,11570
N,218,A,11567,0.999741,11570
N,218,V,2,0.000172861,11570
N,218,S,1,8.64304e-05,11570
N,219,L,11570,1,11570
N,225,D,11570,1,11570
N,228,N,11567,0.999741,11570
N,228,Y,3,0.000259291,11570
N,229,Q,11567,0.999827,11569
N,229,H,2,0.000172876,11569
N,230,L,11568,0.999827,11570
N,230,F,2,0.000172861,11570
N,232,S,11567,0.999741,11570
N,232,R,1,8.64304e-05,11570
N,232,T,2,0.000172861,11570
N,245,T,11565,0.999568,11570
N,245,A,5,0.000432152,11570
N,252,A,11568,0.999827,11570
N,252,S,1,8.64304e-05,11570
N,252,V,1,8.64304e-05,11570
N,253,E,11562,0.999914,11563
N,253,G,1,8.64827e-05,11563
N,262,R,11569,0.999914,11570
N,262,H,1,8.64304e-05,11570
N,268,Y,11570,1,11570
N,271,T,11565,0.999568,11570
N,271,I,5,0.000432152,11570
N,273,A,11570,1,11570
N,274,F,11570,1,11570
N,277,R,11570,1,11570
N,282,T,11570,1,11570
N,283,Q,1,1,1
N,287,G,11569,1,11569
N,289,Q,11566,0.999654,11570
N,289,H,4,0.000345722,11570
N,291,L,11570,1,11570
N,292,I,11537,0.997148,11570
N,292,T,33,0.0028522,11570
N,298,Y,11570,1,11570
N,302,P,11569,1,11569
N,305,A,11567,1,11567
N,307,F,11570,1,11570
N,309,P,11570,1,11570
N,310,S,11569,0.999914,11570
N,310,N,1,8.64304e-05,11570
N,313,A,11570,1,11570
N,315,F,11570,1,11570
N,318,S,11570,1,11570
N,319,R,11568,0.999827,11570
N,319,H,1,8.64304e-05,11570
N,319,S,1,8.64304e-05,11570
N,322,M,11564,0.999481,11570
N,322,I,5,0.000432152,11570
N,322,T,1,8.64304e-05,11570
N,327,S,11560,0.999222,11569
N,327,L,9,0.000777941,11569
N,329,T,11567,0.999827,11569
N,329,M,2,0.000172876,11569
N,332,T,11569,0.999914,11570
N,332,I,1,8.64304e-05,11570
N,333,Y,11570,1,11570
N,334,T,11561,0.999222,11570
N,334,I,8,0.000691443,11570
N,334,S,1,8.64304e-05,11570
N,336,A,11568,0.999827,11570
N,336,V,2,0.000172861,11570
N,337,I,11569,0.999914,11570
N,337,F,1,8.64304e-05,11570
N,341,D,11570,1,11570
N,344,P,11556,0.99879,11570
N,344,S,12,0.00103717,11570
N,344,L,2,0.000172861,11570
N,345,N,11570,1,11570
N,346,F,11570,1,11570
N,348,D,11565,0.999568,11570
N,348,Y,3,0.000259291,11570
N,348,H,2,0.000172861,11570
N,353,L,11570,1,11570
N,358,D,11570,1,11570
N,360,Y,11570,1,11570
N,363,F,11566,0.999741,11569
N,363,S,1,8.64379e-05,11569
N,363,L,2,0.000172876,11569
N,367,E,11547,1,11547
N,368,P,11568,0.999914,11569
N,368,S,1,8.64379e-05,11569
N,372,K,11570,1,11570
N,373,K,11561,0.999308,11569
N,373,M,1,8.64379e-05,11569
N,373,R,1,8.64379e-05,11569
N,373,N,6,0.000518627,11569
N,379,T,11567,0.999741,11570
N,379,N,1,8.64304e-05,11570
N,379,I,2,0.000172861,11570
N,380,Q,2,0.5,4
N,380,P,1,0.25,4
N,380,H,1,0.25,4
N,381,A,11559,0.999308,11567
N,381,V,2,0.000172906,11567
N,381,T,4,0.000345811,11567
N,381,P,1,8.64528e-05,11567
N,381,S,1,8.64528e-05,11567
N,382,L,11568,0.999914,11569
N,382,K,1,8.64379e-05,11569
N,383,P,11566,0.999654,11570
N,383,L,1,8.64304e-05,11570
N,383,S,3,0.000259291,11570
N,384,Q,11565,0.999741,11568
N,384,H,3,0.000259336,11568
N,389,Q,11564,0.999654,11568
N,389,L,1,8.64454e-05,11568
N,389,H,3,0.000259336,11568
N,391,T,11568,0.999827,11570
N,391,I,2,0.000172861,11570
N,392,V,11570,1,11570
N,393,T,11564,0.999568,11569
N,393,I,5,0.000432189,11569
N,395,L,11569,0.999914,11570
N,395,F,1,8.64304e-05,11570
N,398,A,11566,0.999654,11570
N,398,S,2,0.000172861,11570
N,398,V,2,0.000172861,11570
N,399,D,11567,0.999914,11568
N,399,Y,1,8.64454e-05,11568
N,400,L,11569,1,11569
N,402,D,11565,0.999654,11569
N,402,Y,4,0.000345752,11569
N,403,F,11570,1,11570
N,412,S,11569,1,11569
N,414,A,11569,0.999914,11570
N,414,S,1,8.64304e-05,11570
N,415,D,11569,1,11569
N,418,Q,11564,0.999827,11566
N,418,H,2,0.000172921,11566
N,419,A,11569,0.999914,11570
N,419,T,1,8.64304e-05,11570
ORF1a,5,V,9692,1,9692
ORF1a,8,F,9692,1,9692
ORF1a,9,N,9692,1,9692
ORF1a,12,T,9688,0.99969,9691
ORF1a,12,I,3,0.000309566,9691
ORF1a,16,L,9692,1,9692
ORF1a,18,L,9692,1,9692
ORF1a,23,V,9691,0.999897,9692
ORF1a,23,F,1,0.000103178,9692
ORF1a,24,R,9686,0.999381,9692
ORF1a,24,C,6,0.000619067,9692
ORF1a,30,G,9688,0.99969,9691
ORF1a,30,D,3,0.000309566,9691
ORF1a,32,G,3,1,3
ORF1a,35,V,9691,0.999897,9692
ORF1a,35,M,1,0.000103178,9692
ORF1a,36,E,9689,1,9689
ORF1a,37,E,9681,0.998968,9691
ORF1a,37,K,10,0.00103189,9691
ORF1a,38,V,9692,1,9692
ORF1a,45,H,9690,1,9690
ORF1a,54,V,9692,1,9692
ORF1a,56,V,9674,0.998143,9692
ORF1a,56,I,18,0.0018572,9692
ORF1a,64,L,9692,1,9692
ORF1a,65,L,1,0.5,2
ORF1a,65,E,1,0.5,2
ORF1a,74,S,9692,0.999897,9693
ORF1a,74,L,1,0.000103167,9693
ORF1a,75,D,9602,0.999896,9603
ORF1a,75,G,1,0.000104134,9603
ORF1a,76,A,9693,1,9693
ORF1a,83,H,9691,1,9691
ORF1a,84,V,9690,1,9690
ORF1a,86,V,9683,0.999897,9684
ORF1a,86,M,1,0.000103263,9684
ORF1a,87,E,9687,0.999587,9691
ORF1a,87,D,3,0.000309566,9691
ORF1a,87,K,1,0.000103189,9691
ORF1a,88,L,9692,1,9692
ORF1a,89,V,9692,1,9692
ORF1a,90,A,9692,1,9692
ORF1a,92,L,9686,0.999897,9687
ORF1a,92,F,1,0.000103231,9687
ORF1a,93,E,2,1,2
ORF1a,95,I,9692,1,9692
ORF1a,97,Y,9691,1,9691
ORF1a,104,L,9691,0.999794,9693
ORF1a,104,F,2,0.000206334,9693
ORF1a,105,G,9691,0.999897,9692
ORF1a,105,S,1,0.000103178,9692
ORF1a,106,V,9693,1,9693
ORF1a,107,L,9692,0.999897,9693
ORF1a,107,F,1,0.000103167,9693
ORF1a,111,V,9693,1,9693
ORF1a,116,V,9692,0.999794,9694
ORF1a,116,M,2,0.000206313,9694
ORF1a,118,Y,9662,0.997934,9682
ORF1a,118,C,20,0.00206569,9682
ORF1a,119,R,9694,1,9694
ORF1a,124,R,9683,0.99969,9686
ORF1a,124,C,3,0.000309725,9686
ORF1a,131,A,9694,1,9694
ORF1a,133,G,9693,0.999897,9694
ORF1a,133,C,1,0.000103157,9694
ORF1a,135,S,9690,0.999587,9694
ORF1a,135,N,4,0.000412626,9694
ORF1a,136,Y,9688,1,9688
ORF1a,138,A,9692,0.999794,9694
ORF1a,138,T,1,0.000103157,9694
ORF1a,138,V,1,0.000103157,9694
ORF1a,139,D,9689,0.999484,9694
ORF1a,139,N,5,0.000515783,9694
ORF1a,140,L,9693,1,9693
ORF1a,144,D,9690,0.999587,9694
ORF1a,144,A,4,0.000412626,9694
ORF1a,145,L,9694,1,9694
ORF1a,146,G,9694,1,9694
ORF1a,148,E,9693,1,9693
ORF1a,152,D,9694,1,9694
ORF1a,160,N,9694,1,9694
ORF1a,166,S,9687,0.999278,9694
ORF1a,166,G,7,0.000722096,9694
ORF1a,178,N,9694,1,9694
ORF1a,186,V,9694,1,9694
ORF1a,188,N,9694,1,9694
ORF1a,189,N,9694,1,9694
ORF1a,190,F,9650,0.995461,9694
ORF1a,190,L,44,0.00453889,9694
ORF1a,192,G,9693,0.999897,9694
ORF1a,192,S,1,0.000103157,9694
ORF1a,193,P,9689,0.999484,9694
ORF1a,193,S,5,0.000515783,9694
ORF1a,195,G,9694,1,9694
ORF1a,200,C,9694,1,9694
ORF1a,202,K,1,1,1
ORF1a,207,R,9657,0.996183,9694
ORF1a,207,C,37,0.00381679,9694
ORF1a,210,K,8,1,8
ORF1a,212,S,9692,0.999794,9694
ORF1a,212,L,2,0.000206313,9694
ORF1a,216,S,9693,0.999897,9694
ORF1a,216,P,1,0.000103157,9694
ORF1a,219,L,9694,1,9694
ORF1a,222,I,9694,1,9694
ORF1a,227,G,9692,0.999897,9693
ORF1a,227,S,1,0.000103167,9693
ORF1a,231,C,9688,0.999381,9694
ORF1a,231,Y,6,0.00061894,9694
ORF1a,235,E,9693,1,9693
ORF1a,236,H,9694,1,9694
ORF1a,241,Y,9678,0.999897,9679
ORF1a,241,H,1,0.000103316,9679
ORF1a,242,T,9694,1,9694
ORF1a,250,E,2,1,2
ORF1a,251,L,9693,1,9693
ORF1a,265,T,7692,0.793972,9688
ORF1a,265,I,1996,0.206028,9688
ORF1a,268,G,9692,0.999794,9694
ORF1a,268,E,2,0.000206313,9694
ORF1a,271,P,9661,0.996699,9693
ORF1a,271,S,31,0.00319818,9693
ORF1a,271,L,1,0.000103167,9693
ORF1a,272,N,9690,0.999587,9694
ORF1a,272,H,4,0.000412626,9694
ORF1a,274,V,9694,1,9694
ORF1a,276,P,9692,0.999897,9693
ORF1a,276,S,1,0.000103167,9693
ORF1a,278,N,9692,0.999794,9694
ORF1a,278,S,2,0.000206313,9694
ORF1a,279,S,9690,0.999587,9694
ORF1a,279,V,1,0.000103157,9694
ORF1a,279,F,3,0.00030947,9694
ORF1a,286,P,9694,1,9694
ORF1a,295,G,9690,0.999587,9694
ORF1a,295,V,3,0.00030947,9694
ORF1a,295,C,1,0.000103157,9694
ORF1a,300,I,9694,1,9694
ORF1a,307,A,9694,1,9694
ORF1a,309,P,9683,0.998968,9693
ORF1a,309,S,7,0.000722171,9693
ORF1a,309,L,3,0.000309502,9693
ORF1a,316,C,9693,0.999897,9694
ORF1a,316,G,1,0.000103157,9694
ORF1a,318,S,9688,0.999381,9694
ORF1a,318,L,6,0.00061894,9694
ORF1a,320,L,9694,1,9694
ORF1a,325,H,9686,1,9686
ORF1a,329,T,9693,1,9693
ORF1a,333,T,9691,0.999691,9694
ORF1a,333,A,1,0.000103157,9694
ORF1a,333,M,2,0.000206313,9694
ORF1a,334,G,9693,0.999897,9694
ORF1a,334,S,1,0.000103157,9694
ORF1a,335,D,9694,1,9694
ORF1a,341,C,9694,1,9694
ORF1a,346,T,9642,0.994738,9693
ORF1a,346,I,51,0.00526153,9693
ORF1a,350,T,9689,0.999484,9694
ORF1a,350,I,5,0.000515783,9694
ORF1a,352,D,16,1,16
ORF1a,356,T,9692,0.999794,9694
ORF1a,356,A,2,0.000206313,9694
ORF1a,358,G,9694,1,9694
ORF1a,359,Y,9693,1,9693
ORF1a,361,P,9690,0.99969,9693
ORF1a,361,S,2,0.000206334,9693
ORF1a,361,L,1,0.000103167,9693
ORF1a,362,L,4,1,4
ORF1a,368,I,9686,0.999278,9693
ORF1a,368,T,7,0.000722171,9693
ORF1a,374,H,9691,0.999691,9694
ORF1a,374,Y,3,0.00030947,9694
ORF1a,378,V,9552,0.985352,9694
ORF1a,378,I,142,0.0146482,9694
ORF1a,380,P,9691,0.999691,9694
ORF1a,380,L,2,0.000206313,9694
ORF1a,380,S,1,0.000103157,9694
ORF1a,383,S,9689,0.999587,9693
ORF1a,383,G,4,0.000412669,9693
ORF1a,385,A,9690,0.999587,9694
ORF1a,385,V,4,0.000412626,9694
ORF1a,389,N,9691,0.999794,9693
ORF1a,389,D,2,0.000206334,9693
ORF1a,391,S,9678,0.998349,9694
ORF1a,391,F,16,0.00165051,9694
ORF1a,392,G,9483,0.978537,9691
ORF1a,392,D,207,0.02136,9691
ORF1a,392,C,1,0.000103189,9691
ORF1a,402,R,9687,0.999278,9694
ORF1a,402,C,6,0.00061894,9694
ORF1a,402,H,1,0.000103157,9694
ORF1a,404,I,9693,0.999897,9694
ORF1a,404,L,1,0.000103157,9694
ORF1a,408,G,9689,0.999484,9694
ORF1a,408,S,5,0.000515783,9694
ORF1a,417,H,9633,0.994528,9686
ORF1a,417,R,53,0.00547181,9686
ORF1a,418,N,9694,1,9694
ORF1a,424,V,9693,0.999897,9694
ORF1a,424,I,1,0.000103157,9694
ORF1a,428,S,9687,0.999278,9694
ORF1a,428,N,1,0.000103157,9694
ORF1a,428,G,6,0.00061894,9694
ORF1a,435,H,9694,1,9694
ORF1a,439,V,9692,0.999897,9693
ORF1a,439,I,1,0.000103167,9693
ORF1a,443,S,9691,0.999794,9693
ORF1a,443,P,1,0.000103167,9693
ORF1a,443,F,1,0.000103167,9693
ORF1a,447,N,9688,0.999897,9689
ORF1a,447,D,1,0.00010321,9689
ORF1a,448,D,9377,1,9377
ORF1a,449,N,9692,1,9692
ORF1a,461,I,9689,0.999794,9691
ORF1a,461,V,2,0.000206377,9691
ORF1a,466,D,9692,1,9692
ORF1a,467,F,9692,1,9692
ORF1a,473,I,9692,1,9692
ORF1a,476,I,9690,0.99969,9693
ORF1a,476,V,3,0.000309502,9693
ORF1a,483,S,9693,1,9693
ORF1a,488,V,9694,1,9694
ORF1a,491,V,9693,0.999897,9694
ORF1a,491,M,1,0.000103157,9694
ORF1a,499,F,9694,1,9694
ORF1a,514,R,1,0.5,2
ORF1a,514,G,1,0.5,2
ORF1a,519,G,9680,0.998556,9694
ORF1a,519,S,14,0.00144419,9694
ORF1a,541,A,9690,0.999794,9692
ORF1a,541,V,2,0.000206356,9692
ORF1a,547,I,9684,0.998968,9694
ORF1a,547,V,10,0.00103157,9694
ORF1a,548,F,9694,1,9694
ORF1a,549,S,9690,0.99969,9693
ORF1a,549,F,3,0.000309502,9693
ORF1a,551,T,9675,0.99804,9694
ORF1a,551,I,19,0.00195998,9694
ORF1a,555,A,9690,0.999587,9694
ORF1a,555,V,4,0.000412626,9694
ORF1a,570,L,9694,1,9694
ORF1a,578,L,9694,1,9694
ORF1a,580,L,9692,0.999794,9694
ORF1a,580,F,2,0.000206313,9694
ORF1a,584,M,9693,1,9693
ORF1a,585,M,9684,0.998968,9694
ORF1a,585,V,10,0.00103157,9694
ORF1a,592,T,9694,1,9694
ORF1a,595,L,9694,1,9694
ORF1a,599,A,9692,0.999794,9694
ORF1a,599,V,2,0.000206313,9694
ORF1a,610,S,9688,0.999381,9694
ORF1a,610,L,6,0.00061894,9694
ORF1a,615,N,9694,1,9694
ORF1a,616,I,9694,1,9694
ORF1a,617,F,9689,0.999484,9694
ORF1a,617,L,5,0.000515783,9694
ORF1a,626,P,9692,0.999897,9693
ORF1a,626,T,1,0.000103167,9693
ORF1a,630,R,1,1,1
ORF1a,633,E,9672,1,9672
ORF1a,639,V,9692,1,9692
ORF1a,645,G,9688,0.999484,9693
ORF1a,645,S,5,0.000515836,9693
ORF1a,650,N,1,0.25,4
ORF1a,650,K,3,0.75,4
ORF1a,654,T,9693,1,9693
ORF1a,660,V,9656,0.996183,9693
ORF1a,660,A,37,0.00381719,9693
ORF1a,667,C,9678,1,9678
ORF1a,668,A,9691,0.999897,9692
ORF1a,668,V,1,0.000103178,9692
ORF1a,676,H,8,1,8
ORF1a,702,A,9692,0.999794,9694
ORF1a,702,V,2,0.000206313,9694
ORF1a,705,L,9694,1,9694
ORF1a,717,Y,9498,1,9498
ORF1a,719,K,9691,1,9691
ORF1a,727,T,9691,0.999691,9694
ORF1a,727,I,2,0.000206313,9694
ORF1a,727,A,1,0.000103157,9694
ORF1a,730,L,9693,0.999897,9694
ORF1a,730,F,1,0.000103157,9694
ORF1a,735,A,9690,0.99969,9693
ORF1a,735,V,3,0.000309502,9693
ORF1a,737,I,1,0.5,2
ORF1a,737,K,1,0.5,2
ORF1a,739,I,9234,0.953827,9681
ORF1a,739,V,447,0.0461729,9681
ORF1a,740,I,9694,1,9694
ORF1a,744,G,1,1,1
ORF1a,745,E,1,1,1
ORF1a,751,V,9694,1,9694
ORF1a,753,T,9685,0.999072,9694
ORF1a,753,I,8,0.000825253,9694
ORF1a,753,A,1,0.000103157,9694
ORF1a,754,E,9688,0.999587,9692
ORF1a,754,D,4,0.000412712,9692
ORF1a,757,V,9692,0.999794,9694
ORF1a,757,I,2,0.000206313,9694
ORF1a,762,D,9693,0.999897,9694
ORF1a,762,H,1,0.000103157,9694
ORF1a,765,P,9200,0.950413,9680
ORF1a,765,S,480,0.0495868,9680
ORF1a,766,L,9693,0.999897,9694
ORF1a,766,F,1,0.000103157,9694
ORF1a,769,P,9693,0.999897,9694
ORF1a,769,S,1,0.000103157,9694
ORF1a,789,M,9691,0.999691,9694
ORF1a,789,I,3,0.00030947,9694
ORF1a,790,L,9693,1,9693
ORF1a,791,L,9693,1,9693
ORF1a,793,I,9694,1,9694
ORF1a,795,D,9693,0.999897,9694
ORF1a,795,H,1,0.000103157,9694
ORF1a,799,Y,9690,1,9690
ORF1a,801,A,9693,1,9693
ORF1a,803,A,9694,1,9694
ORF1a,804,P,9684,0.998968,9694
ORF1a,804,L,9,0.000928409,9694
ORF1a,804,T,1,0.000103157,9694
ORF1a,807,M,9693,1,9693
ORF1a,810,N,9694,1,9694
ORF1a,811,N,9694,1,9694
ORF1a,814,T,9692,0.999794,9694
ORF1a,814,I,2,0.000206313,9694
ORF1a,815,L,9694,1,9694
ORF1a,817,G,9693,0.999897,9694
ORF1a,817,V,1,0.000103157,9694
ORF1a,824,T,9694,1,9694
ORF1a,828,D,9693,1,9693
ORF1a,833,V,9693,1,9693
ORF1a,836,Y,9689,1,9689
ORF1a,839,V,9691,0.999691,9694
ORF1a,839,L,3,0.00030947,9694
ORF1a,859,A,9688,0.999381,9694
ORF1a,859,T,6,0.00061894,9694
ORF1a,862,V,9694,1,9694
ORF1a,868,V,9694,1,9694
ORF1a,870,E,9693,1,9693
ORF1a,876,A,9486,0.980769,9672
ORF1a,876,T,185,0.0191274,9672
ORF1a,876,S,1,0.000103391,9672
ORF1a,883,L,9694,1,9694
ORF1a,889,L,9693,0.999897,9694
ORF1a,889,S,1,0.000103157,9694
ORF1a,892,P,9679,0.998453,9694
ORF1a,892,S,5,0.000515783,9694
ORF1a,892,L,10,0.00103157,9694
ORF1a,893,L,9694,1,9694
ORF1a,905,Y,9693,1,9693
ORF1a,909,D,9694,1,9694
ORF1a,916,L,9694,1,9694
ORF1a,923,S,9694,1,9694
ORF1a,924,F,9692,0.999897,9693
ORF1a,924,L,1,0.000103167,9693
ORF1a,925,Y,9690,1,9690
ORF1a,927,P,9694,1,9694
ORF1a,929,E,9692,1,9692
ORF1a,931,E,1,1,1
ORF1a,937,D,2,1,2
ORF1a,941,F,9692,0.999794,9694
ORF1a,941,L,2,0.000206313,9694
ORF1a,944,S,9674,0.99804,9693
ORF1a,944,L,19,0.00196018,9693
ORF1a,945,T,9691,0.999691,9694
ORF1a,945,I,3,0.00030947,9694
ORF1a,951,T,9692,0.999794,9694
ORF1a,951,I,2,0.000206313,9694
ORF1a,955,Y,9690,1,9690
ORF1a,960,L,9683,0.998968,9693
ORF1a,960,F,9,0.000928505,9693
ORF1a,960,S,1,0.000103167,9693
ORF1a,965,T,9694,1,9694
ORF1a,968,A,9690,0.99969,9693
ORF1a,968,V,3,0.000309502,9693
ORF1a,969,L,9687,0.999278,9694
ORF1a,969,P,5,0.000515783,9694
ORF1a,969,F,1,0.000103157,9694
ORF1a,969,H,1,0.000103157,9694
ORF1a,971,P,9598,0.990301,9692
ORF1a,971,S,2,0.000206356,9692
ORF1a,971,L,90,0.00928601,9692
ORF1a,971,H,2,0.000206356,9692
ORF1a,984,S,9692,0.999794,9694
ORF1a,984,G,2,0.000206313,9694
ORF1a,993,G,9693,0.999897,9694
ORF1a,993,S,1,0.000103157,9694
ORF1a,996,D,9689,0.999484,9694
ORF1a,996,Y,5,0.000515783,9694
ORF1a,998,H,3,1,3
ORF1a,1001,T,9692,0.999794,9694
ORF1a,1001,I,2,0.000206313,9694
ORF1a,1006,V,9694,1,9694
ORF1a,1022,T,9693,0.999897,9694
ORF1a,1022,I,1,0.000103157,9694
ORF1a,1024,E,1,1,1
ORF1a,1034,L,9692,0.999794,9694
ORF1a,1034,F,2,0.000206313,9694
ORF1a,1035,T,9692,0.999794,9694
ORF1a,1035,I,2,0.000206313,9694
ORF1a,1036,D,9656,1,9656
ORF1a,1037,N,9693,0.999897,9694
ORF1a,1037,T,1,0.000103157,9694
ORF1a,1041,K,1,1,1
ORF1a,1043,A,9691,0.999691,9694
ORF1a,1043,V,3,0.00030947,9694
ORF1a,1056,V,9694,1,9694
ORF1a,1066,K,1,1,1
ORF1a,1069,G,5,1,5
ORF1a,1081,N,9694,1,9694
ORF1a,1083,M,9693,1,9693
ORF1a,1085,V,9692,0.999794,9694
ORF1a,1085,F,2,0.000206313,9694
ORF1a,1092,A,9691,0.999691,9694
ORF1a,1092,S,2,0.000206313,9694
ORF1a,1092,V,1,0.000103157,9694
ORF1a,1099,V,9694,1,9694
ORF1a,1100,G,9626,0.994216,9682
ORF1a,1100,V,56,0.00578393,9682
ORF1a,1108,H,9693,0.999897,9694
ORF1a,1108,Y,1,0.000103157,9694
ORF1a,1110,L,9690,0.999587,9694
ORF1a,1110,F,4,0.000412626,9694
ORF1a,1114,C,9694,1,9694
ORF1a,1115,L,9694,1,9694
ORF1a,1118,V,9693,1,9693
ORF1a,1119,G,9694,1,9694
ORF1a,1120,P,9694,1,9694
ORF1a,1121,N,9694,1,9694
ORF1a,1123,N,9694,1,9694
ORF1a,1141,H,9694,1,9694
ORF1a,1144,L,9694,1,9694
ORF1a,1149,L,9694,1,9694
ORF1a,1155,G,9692,0.999794,9694
ORF1a,1155,C,2,0.000206313,9694
ORF1a,1156,A,9692,0.999794,9694
ORF1a,1156,V,2,0.000206313,9694
ORF1a,1157,D,9694,1,9694
ORF1a,1168,T,9687,0.999381,9693
ORF1a,1168,I,6,0.000619003,9693
ORF1a,1171,T,9694,1,9694
ORF1a,1173,V,9694,1,9694
ORF1a,1174,Y,9681,0.999897,9682
ORF1a,1174,C,1,0.000103284,9682
ORF1a,1176,A,9690,0.999587,9694
ORF1a,1176,V,4,0.000412626,9694
ORF1a,1177,V,9694,1,9694
ORF1a,1182,L,9693,1,9693
ORF1a,1184,D,9694,1,9694
ORF1a,1199,V,9693,0.999897,9694
ORF1a,1199,I,1,0.000103157,9694
ORF1a,1202,K,9677,0.998246,9694
ORF1a,1202,N,17,0.00175366,9694
ORF1a,1203,I,9694,1,9694
ORF1a,1207,P,9689,0.999484,9694
ORF1a,1207,H,5,0.000515783,9694
ORF1a,1208,K,1,1,1
ORF1a,1222,V,9694,1,9694
ORF1a,1229,D,9693,1,9693
ORF1a,1230,K,9684,0.999071,9693
ORF1a,1230,N,9,0.000928505,9693
ORF1a,1239,V,9694,1,9694
ORF1a,1241,T,9691,0.999691,9694
ORF1a,1241,I,3,0.00030947,9694
ORF1a,1243,L,9693,1,9693
ORF1a,1246,T,9643,0.994739,9694
ORF1a,1246,I,51,0.00526099,9694
ORF1a,1249,L,9692,0.999794,9694
ORF1a,1249,P,2,0.000206313,9694
ORF1a,1250,T,9694,1,9694
ORF1a,1262,N,9676,0.998143,9694
ORF1a,1262,T,18,0.00185682,9694
ORF1a,1264,H,9694,1,9694
ORF1a,1265,P,9693,1,9693
ORF1a,1268,A,9694,1,9694
ORF1a,1273,D,9694,1,9694
ORF1a,1283,A,9683,0.998865,9694
ORF1a,1283,V,11,0.00113472,9694
ORF1a,1292,R,10,1,10
ORF1a,1299,V,9693,1,9693
ORF1a,1305,K,9693,1,9693
ORF1a,1307,G,9693,0.999897,9694
ORF1a,1307,S,1,0.000103157,9694
ORF1a,1313,L,9694,1,9694
ORF1a,1314,A,9693,0.999897,9694
ORF1a,1314,T,1,0.000103157,9694
ORF1a,1324,N,9686,0.999175,9694
ORF1a,1324,S,6,0.00061894,9694
ORF1a,1324,D,2,0.000206313,9694
ORF1a,1327,T,9694,1,9694
ORF1a,1329,Y,9692,1,9692
ORF1a,1330,P,9694,1,9694
ORF1a,1331,G,9694,1,9694
ORF1a,1337,Y,9690,1,9690
ORF1a,1352,A,9669,0.997524,9693
ORF1a,1352,V,24,0.00247601,9693
ORF1a,1356,L,9694,1,9694
ORF1a,1357,P,9694,1,9694
ORF1a,1360,I,9694,1,9694
ORF1a,1374,N,9694,1,9694
ORF1a,1375,L,9685,0.999072,9694
ORF1a,1375,F,9,0.000928409,9694
ORF1a,1377,E,1,1,1
ORF1a,1379,L,9693,0.999897,9694
ORF1a,1379,F,1,0.000103157,9694
ORF1a,1381,H,9694,1,9694
ORF1a,1386,R,9694,1,9694
ORF1a,1387,K,1,1,1
ORF1a,1388,L,9694,1,9694
ORF1a,1393,V,9693,1,9693
ORF1a,1397,A,9689,0.999587,9693
ORF1a,1397,V,3,0.000309502,9693
ORF1a,1397,S,1,0.000103167,9693
ORF1a,1413,E,9691,0.999897,9692
ORF1a,1413,D,1,0.000103178,9692
ORF1a,1415,V,9693,1,9693
ORF1a,1420,A,9673,0.997834,9694
ORF1a,1420,T,20,0.00206313,9694
ORF1a,1420,V,1,0.000103157,9694
ORF1a,1425,Y,9621,1,9621
ORF1a,1426,T,9693,1,9693
ORF1a,1427,S,9691,0.999794,9693
ORF1a,1427,C,2,0.000206334,9693
ORF1a,1428,R,2,1,2
ORF1a,1429,T,9692,0.999794,9694
ORF1a,1429,A,1,0.000103157,9694
ORF1a,1429,I,1,0.000103157,9694
ORF1a,1435,I,9694,1,9694
ORF1a,1439,N,9694,1,9694
ORF1a,1441,L,9694,1,9694
ORF1a,1442,N,9693,1,9693
ORF1a,1444,T,9693,0.999897,9694
ORF1a,1444,I,1,0.000103157,9694
ORF1a,1452,Y,1,1,1
ORF1a,1455,H,9693,1,9693
ORF1a,1456,G,9692,0.999897,9693
ORF1a,1456,S,1,0.000103167,9693
ORF1a,1459,L,9692,1,9692
ORF1a,1464,R,9688,0.999897,9689
ORF1a,1464,P,1,0.00010321,9689
ORF1a,1468,S,9677,0.998968,9687
ORF1a,1468,F,10,0.00103231,9687
ORF1a,1471,V,9693,1,9693
ORF1a,1473,A,9687,0.999381,9693
ORF1a,1473,V,6,0.000619003,9693
ORF1a,1479,S,9694,1,9694
ORF1a,1480,P,9693,0.999897,9694
ORF1a,1480,L,1,0.000103157,9694
ORF1a,1485,A,9693,1,9693
ORF1a,1488,G,9691,0.999794,9693
ORF1a,1488,V,2,0.000206334,9693
ORF1a,1494,S,9694,1,9694
ORF1a,1497,P,9687,0.999278,9694
ORF1a,1497,S,2,0.000206313,9694
ORF1a,1497,L,5,0.000515783,9694
ORF1a,1505,I,9693,0.999897,9694
ORF1a,1505,T,1,0.000103157,9694
ORF1a,1510,S,9694,1,9694
ORF1a,1515,S,9679,0.998453,9694
ORF1a,1515,F,15,0.00154735,9694
ORF1a,1521,T,9692,0.999794,9694
ORF1a,1521,I,2,0.000206313,9694
ORF1a,1542,T,9690,0.999587,9694
ORF1a,1542,I,4,0.000412626,9694
ORF1a,1544,F,9693,1,9693
ORF1a,1562,L,9693,1,9693
ORF1a,1570,V,9693,1,9693
ORF1a,1574,V,9693,1,9693
ORF1a,1575,D,9693,1,9693
ORF1a,1578,N,9693,1,9693
ORF1a,1580,H,9693,1,9693
ORF1a,1581,T,9688,0.999587,9692
ORF1a,1581,M,4,0.000412712,9692
ORF1a,1584,V,9693,1,9693
ORF1a,1592,R,1,1,1
ORF1a,1599,L,9673,0.997834,9694
ORF1a,1599,F,21,0.00216629,9694
ORF1a,1607,I,9686,0.999175,9694
ORF1a,1607,V,8,0.000825253,9694
ORF1a,1611,N,9693,1,9693
ORF1a,1625,D,9694,1,9694
ORF1a,1626,T,9648,0.995255,9694
ORF1a,1626,I,46,0.0047452,9694
ORF1a,1627,L,9694,1,9694
ORF1a,1630,E,9693,1,9693
ORF1a,1635,Y,9691,1,9691
ORF1a,1636,H,9694,1,9694
ORF1a,1640,P,9678,0.999174,9686
ORF1a,1640,L,2,0.000206484,9686
ORF1a,1640,S,6,0.000619451,9686
ORF1a,1643,L,9686,1,9686
ORF1a,1652,H,9694,1,9694
ORF1a,1658,Y,9692,1,9692
ORF1a,1672,N,9694,1,9694
ORF1a,1673,N,9694,1,9694
ORF1a,1675,Y,1,1,1
ORF1a,1679,A,9691,0.999691,9694
ORF1a,1679,V,3,0.00030947,9694
ORF1a,1686,I,9689,1,9689
ORF1a,1690,F,9693,1,9693
ORF1a,1691,N,9691,1,9691
ORF1a,1692,P,9687,0.999484,9692
ORF1a,1692,L,4,0.000412712,9692
ORF1a,1692,S,1,0.000103178,9692
ORF1a,1695,L,9692,1,9692
ORF1a,1700,Y,9691,1,9691
ORF1a,1709,N,9693,1,9693
ORF1a,1714,I,9694,1,9694
ORF1a,1715,L,9694,1,9694
ORF1a,1731,T,9690,0.99969,9693
ORF1a,1731,I,3,0.000309502,9693
ORF1a,1732,M,9693,1,9693
ORF1a,1733,S,9693,1,9693
ORF1a,1734,Y,9688,0.999897,9689
ORF1a,1734,C,1,0.00010321,9689
ORF1a,1739,A,9693,1,9693
ORF1a,1744,C,9694,1,9694
ORF1a,1747,V,9694,1,9694
ORF1a,1749,N,9694,1,9694
ORF1a,1751,V,9694,1,9694
ORF1a,1760,T,9692,0.999794,9694
ORF1a,1760,I,2,0.000206313,9694
ORF1a,1769,M,9682,0.998762,9694
ORF1a,1769,I,11,0.00113472,9694
ORF1a,1769,V,1,0.000103157,9694
ORF1a,1770,Y,9690,0.999794,9692
ORF1a,1770,H,2,0.000206356,9692
ORF1a,1776,Y,1,1,1
ORF1a,1781,K,3,1,3
ORF1a,1795,K,1,0.5,2
ORF1a,1795,N,1,0.5,2
ORF1a,1797,L,9694,1,9694
ORF1a,1813,H,1,1,1
ORF1a,1822,T,9683,0.998968,9693
ORF1a,1822,I,10,0.00103167,9693
ORF1a,1840,T,9678,0.998349,9694
ORF1a,1840,I,16,0.00165051,9694
ORF1a,1844,T,9694,1,9694
ORF1a,1847,C,9694,1,9694
ORF1a,1849,D,9694,1,9694
ORF1a,1854,T,9686,0.999278,9693
ORF1a,1854,I,7,0.000722171,9693
ORF1a,1859,Y,9692,1,9692
ORF1a,1865,D,9694,1,9694
ORF1a,1868,Y,9688,1,9688
ORF1a,1873,Y,9692,1,9692
ORF1a,1883,K,1,1,1
ORF1a,1903,D,9694,1,9694
ORF1a,1907,F,9694,1,9694
ORF1a,1920,Y,2,1,2
ORF1a,1921,P,9676,0.998143,9694
ORF1a,1921,S,7,0.000722096,9694
ORF1a,1921,L,11,0.00113472,9694
ORF1a,1922,N,9693,0.999897,9694
ORF1a,1922,S,1,0.000103157,9694
ORF1a,1925,F,9694,1,9694
ORF1a,1929,K,9691,0.999794,9693
ORF1a,1929,T,2,0.000206334,9693
ORF1a,1935,I,9694,1,9694
ORF1a,1938,A,9692,1,9692
ORF1a,1956,K,3,1,3
ORF1a,1960,F,9694,1,9694
ORF1a,1962,D,9694,1,9694
ORF1a,1970,I,9694,1,9694
ORF1a,1971,D,9694,1,9694
ORF1a,1974,H,9694,1,9694
ORF1a,1975,Y,9693,1,9693
ORF1a,1985,L,9694,1,9694
ORF1a,1997,A,9677,0.998349,9693
ORF1a,1997,V,16,0.00165068,9693
ORF1a,2001,A,9691,0.999691,9694
ORF1a,2001,T,2,0.000206313,9694
ORF1a,2001,V,1,0.000103157,9694
ORF1a,2004,K,1,1,1
ORF1a,2007,T,9686,0.999175,9694
ORF1a,2007,I,8,0.000825253,9694
ORF1a,2015,S,9667,0.997421,9692
ORF1a,2015,G,1,0.000103178,9692
ORF1a,2015,R,24,0.00247627,9692
ORF1a,2016,T,9612,0.999688,9615
ORF1a,2016,I,3,0.000312012,9615
ORF1a,2018,P,9690,0.999587,9694
ORF1a,2018,S,4,0.000412626,9694
ORF1a,2024,S,9690,0.999897,9691
ORF1a,2024,L,1,0.000103189,9691
ORF1a,2031,E,9693,1,9693
ORF1a,2032,D,9694,1,9694
ORF1a,2033,A,9688,0.999381,9694
ORF1a,2033,V,6,0.00061894,9694
ORF1a,2043,D,9694,1,9694
ORF1a,2044,L,9694,1,9694
ORF1a,2045,K,2,1,2
ORF1a,2046,P,9686,0.999175,9694
ORF1a,2046,L,8,0.000825253,9694
ORF1a,2054,N,9694,1,9694
ORF1a,2055,P,9691,0.999691,9694
ORF1a,2055,S,3,0.00030947,9694
ORF1a,2060,D,9692,0.999794,9694
ORF1a,2060,N,2,0.000206313,9694
ORF1a,2062,L,9688,0.999484,9693
ORF1a,2062,F,5,0.000515836,9693
ORF1a,2066,V,9694,1,9694
ORF1a,2067,K,3,1,3
ORF1a,2068,T,9694,1,9694
ORF1a,2074,D,9694,1,9694
ORF1a,2079,P,9691,0.999691,9694
ORF1a,2079,L,3,0.00030947,9694
ORF1a,2080,A,9687,0.999278,9694
ORF1a,2080,V,7,0.000722096,9694
ORF1a,2092,H,9692,0.999794,9694
ORF1a,2092,Y,2,0.000206313,9694
ORF1a,2095,L,9694,1,9694
ORF1a,2101,D,9694,1,9694
ORF1a,2102,N,9694,1,9694
ORF1a,2103,S,9682,0.998865,9693
ORF1a,2103,F,11,0.00113484,9693
ORF1a,2117,L,9694,1,9694
ORF1a,2121,T,9690,0.999794,9692
ORF1a,2121,I,2,0.000206356,9692
ORF1a,2124,T,9686,0.999381,9692
ORF1a,2124,I,6,0.000619067,9692
ORF1a,2125,H,9689,1,9689
ORF1a,2127,L,9693,1,9693
ORF1a,2142,A,9694,1,9694
ORF1a,2143,K,9683,0.998865,9694
ORF1a,2143,R,11,0.00113472,9694
ORF1a,2144,P,9682,0.998762,9694
ORF1a,2144,S,1,0.000103157,9694
ORF1a,2144,L,7,0.000722096,9694
ORF1a,2144,T,4,0.000412626,9694
ORF1a,2146,L,9693,0.999897,9694
ORF1a,2146,F,1,0.000103157,9694
ORF1a,2153,T,9675,0.99804,9694
ORF1a,2153,I,19,0.00195998,9694
ORF1a,2155,N,9694,1,9694
ORF1a,2157,V,9691,0.999691,9694
ORF1a,2157,I,3,0.00030947,9694
ORF1a,2165,C,9694,1,9694
ORF1a,2172,F,9693,0.999897,9694
ORF1a,2172,I,1,0.000103157,9694
ORF1a,2183,T,9692,0.999794,9694
ORF1a,2183,I,2,0.000206313,9694
ORF1a,2185,S,9692,0.999897,9693
ORF1a,2185,I,1,0.000103167,9693
ORF1a,2187,N,9684,0.999071,9693
ORF1a,2187,T,9,0.000928505,9693
ORF1a,2191,K,1,0.5,2
ORF1a,2191,T,1,0.5,2
ORF1a,2196,T,9693,0.999897,9694
ORF1a,2196,I,1,0.000103157,9694
ORF1a,2199,A,9689,0.999587,9693
ORF1a,2199,V,4,0.000412669,9693
ORF1a,2211,L,9693,1,9693
ORF1a,2224,S,9686,0.999484,9691
ORF1a,2224,F,5,0.000515943,9691
ORF1a,2227,I,9688,0.999587,9692
ORF1a,2227,V,4,0.000412712,9692
ORF1a,2233,F,9693,1,9693
ORF1a,2235,L,9692,0.999794,9694
ORF1a,2235,I,2,0.000206313,9694
ORF1a,2236,L,9694,1,9694
ORF1a,2237,S,9687,0.999278,9694
ORF1a,2237,R,1,0.000103157,9694
ORF1a,2237,I,6,0.00061894,9694
ORF1a,2238,V,9686,0.999278,9693
ORF1a,2238,D,1,0.000103167,9693
ORF1a,2238,I,6,0.000619003,9693
ORF1a,2239,C,9690,0.99969,9693
ORF1a,2239,R,1,0.000103167,9693
ORF1a,2239,L,1,0.000103167,9693
ORF1a,2239,F,1,0.000103167,9693
ORF1a,2241,G,9692,0.999897,9693
ORF1a,2241,R,1,0.000103167,9693
ORF1a,2242,S,9662,0.996802,9693
ORF1a,2242,F,31,0.00319818,9693
ORF1a,2247,T,9692,1,9692
ORF1a,2249,A,9638,0.994428,9692
ORF1a,2249,V,54,0.00557161,9692
ORF1a,2258,G,9691,0.999897,9692
ORF1a,2258,V,1,0.000103178,9692
ORF1a,2266,Y,9693,1,9693
ORF1a,2273,S,9690,0.999587,9694
ORF1a,2273,F,3,0.00030947,9694
ORF1a,2273,P,1,0.000103157,9694
ORF1a,2276,V,9694,1,9694
ORF1a,2280,T,9694,1,9694
ORF1a,2299,D,9692,0.999794,9694
ORF1a,2299,S,1,0.000103157,9694
ORF1a,2299,H,1,0.000103157,9694
ORF1a,2300,T,9690,0.999587,9694
ORF1a,2300,I,4,0.000412626,9694
ORF1a,2301,Y,1,1,1
ORF1a,2317,D,9694,1,9694
ORF1a,2318,L,9694,1,9694
ORF1a,2320,A,9692,0.999794,9694
ORF1a,2320,V,2,0.000206313,9694
ORF1a,2329,L,9694,1,9694
ORF1a,2334,F,9694,1,9694
ORF1a,2335,T,9694,1,9694
ORF1a,2338,F,9693,0.999897,9694
ORF1a,2338,L,1,0.000103157,9694
ORF1a,2340,V,9692,0.999794,9694
ORF1a,2340,I,2,0.000206313,9694
ORF1a,2342,G,1,1,1
ORF1a,2351,F,9693,0.999897,9694
ORF1a,2351,L,1,0.000103157,9694
ORF1a,2352,S,9693,0.999897,9694
ORF1a,2352,N,1,0.000103157,9694
ORF1a,2362,S,9694,1,9694
ORF1a,2375,A,9694,1,9694
ORF1a,2376,P,9691,0.999691,9694
ORF1a,2376,L,3,0.00030947,9694
ORF1a,2385,I,9694,1,9694
ORF1a,2386,F,9693,1,9693
ORF1a,2388,A,9691,0.999794,9693
ORF1a,2388,V,2,0.000206334,9693
ORF1a,2391,Y,52,1,52
ORF1a,2405,N,9667,0.997523,9691
ORF1a,2405,S,24,0.00247652,9691
ORF1a,2413,Y,9690,1,9690
ORF1a,2416,N,9692,1,9692
ORF1a,2421,V,9693,1,9693
ORF1a,2432,R,9689,0.999484,9694
ORF1a,2432,K,5,0.000515783,9694
ORF1a,2433,S,9694,1,9694
ORF1a,2436,V,9694,1,9694
ORF1a,2439,N,9694,1,9694
ORF1a,2440,G,1,1,1
ORF1a,2447,L,9694,1,9694
ORF1a,2469,V,9694,1,9694
ORF1a,2470,A,9694,1,9694
ORF1a,2473,L,9694,1,9694
ORF1a,2477,F,9694,1,9694
ORF1a,2480,P,9692,1,9692
ORF1a,2482,N,9692,0.999897,9693
ORF1a,2482,S,1,0.000103167,9693
ORF1a,2488,S,9688,0.999587,9692
ORF1a,2488,F,4,0.000412712,9692
ORF1a,2489,Y,9690,1,9690
ORF1a,2490,I,9693,1,9693
ORF1a,2491,V,9689,0.99969,9692
ORF1a,2491,I,3,0.000309534,9692
ORF1a,2497,K,9689,0.999587,9693
ORF1a,2497,R,4,0.000412669,9693
ORF1a,2500,S,9692,0.999794,9694
ORF1a,2500,F,2,0.000206313,9694
ORF1a,2511,K,9690,0.999587,9694
ORF1a,2511,N,4,0.000412626,9694
ORF1a,2518,L,9694,1,9694
ORF1a,2523,N,9694,1,9694
ORF1a,2526,N,9694,1,9694
ORF1a,2537,P,9694,1,9694
ORF1a,2538,I,9676,0.998143,9694
ORF1a,2538,S,1,0.000103157,9694
ORF1a,2538,V,17,0.00175366,9694
ORF1a,2554,A,9691,0.999794,9693
ORF1a,2554,V,2,0.000206334,9693
ORF1a,2557,A,9694,1,9694
ORF1a,2560,Y,9689,1,9689
ORF1a,2565,M,9692,1,9692
ORF1a,2570,L,9694,1,9694
ORF1a,2575,A,9694,1,9694
ORF1a,2586,V,9689,0.999484,9694
ORF1a,2586,G,5,0.000515783,9694
ORF1a,2587,A,9688,0.999381,9694
ORF1a,2587,V,6,0.00061894,9694
ORF1a,2603,N,9685,0.999072,9694
ORF1a,2603,D,9,0.000928409,9694
ORF1a,2605,P,9677,0.998246,9694
ORF1a,2605,S,17,0.00175366,9694
ORF1a,2609,L,9682,0.998762,9694
ORF1a,2609,H,1,0.000103157,9694
ORF1a,2609,F,11,0.00113472,9694
ORF1a,2613,V,9688,0.999381,9694
ORF1a,2613,F,6,0.00061894,9694
ORF1a,2620,L,9693,0.999897,9694
ORF1a,2620,F,1,0.000103157,9694
ORF1a,2624,V,9694,1,9694
ORF1a,2625,S,9692,0.999794,9694
ORF1a,2625,F,2,0.000206313,9694
ORF1a,2635,S,9694,1,9694
ORF1a,2636,A,9693,1,9693
ORF1a,2638,R,9694,1,9694
ORF1a,2640,G,9693,1,9693
ORF1a,2646,V,9694,1,9694
ORF1a,2648,T,9692,0.999794,9694
ORF1a,2648,I,2,0.000206313,9694
ORF1a,2667,G,9694,1,9694
ORF1a,2675,L,9694,1,9694
ORF1a,2676,T,9694,1,9694
ORF1a,2678,N,9694,1,9694
ORF1a,2683,M,9693,1,9693
ORF1a,2685,P,9693,0.999897,9694
ORF1a,2685,T,1,0.000103157,9694
ORF1a,2686,R,9694,1,9694
ORF1a,2687,D,9694,1,9694
ORF1a,2688,L,9693,0.999897,9694
ORF1a,2688,F,1,0.000103157,9694
ORF1a,2690,A,9694,1,9694
ORF1a,2693,D,9694,1,9694
ORF1a,2702,H,15,1,15
ORF1a,2708,S,1,0.000103167,9693
ORF1a,2708,N,9692,0.999897,9693
ORF1a,2710,A,9686,0.999278,9693
ORF1a,2710,V,7,0.000722171,9693
ORF1a,2730,R,9693,1,9693
ORF1a,2736,N,9694,1,9694
ORF1a,2737,N,9693,1,9693
ORF1a,2745,A,9693,0.999897,9694
ORF1a,2745,V,1,0.000103157,9694
ORF1a,2765,I,9693,1,9693
ORF1a,2767,N,9693,1,9693
ORF1a,2770,L,9694,1,9694
ORF1a,2778,L,9694,1,9694
ORF1a,2779,V,9693,0.999897,9694
ORF1a,2779,L,1,0.000103157,9694
ORF1a,2787,F,9694,1,9694
ORF1a,2796,M,9650,0.995975,9689
ORF1a,2796,V,1,0.00010321,9689
ORF1a,2796,I,37,0.00381876,9689
ORF1a,2796,L,1,0.00010321,9689
ORF1a,2809,Y,9693,1,9693
ORF1a,2816,V,9694,1,9694
ORF1a,2829,N,9694,1,9694
ORF1a,2834,F,9694,1,9694
ORF1a,2835,D,9693,0.999897,9694
ORF1a,2835,N,1,0.000103157,9694
ORF1a,2839,S,9692,1,9692
ORF1a,2841,R,9694,1,9694
ORF1a,2842,G,9674,0.998452,9689
ORF1a,2842,V,15,0.00154815,9689
ORF1a,2845,Y,2,1,2
ORF1a,2851,C,9694,1,9694
ORF1a,2884,F,9693,0.999897,9694
ORF1a,2884,C,1,0.000103157,9694
ORF1a,2887,R,9693,0.999897,9694
ORF1a,2887,G,1,0.000103157,9694
ORF1a,2895,I,9694,1,9694
ORF1a,2897,Y,9693,1,9693
ORF1a,2905,Y,9693,1,9693
ORF1a,2906,T,9690,0.999794,9692
ORF1a,2906,A,1,0.000103178,9692
ORF1a,2906,I,1,0.000103178,9692
ORF1a,2923,K,1,1,1
ORF1a,2924,D,9694,1,9694
ORF1a,2935,D,9694,1,9694
ORF1a,2936,T,9694,1,9694
ORF1a,2949,R,9688,0.999381,9694
ORF1a,2949,H,6,0.00061894,9694
ORF1a,2950,P,9691,0.999691,9694
ORF1a,2950,S,3,0.00030947,9694
ORF1a,2951,D,9694,1,9694
ORF1a,2955,V,9694,1,9694
ORF1a,2960,S,9694,1,9694
ORF1a,2964,F,9694,1,9694
ORF1a,2967,T,9692,0.999794,9694
ORF1a,2967,I,2,0.000206313,9694
ORF1a,2969,L,9687,0.999278,9694
ORF1a,2969,F,7,0.000722096,9694
ORF1a,2975,V,9694,1,9694
ORF1a,2981,S,9693,1,9693
ORF1a,2983,Y,9692,1,9692
ORF1a,2986,H,9694,1,9694
ORF1a,2987,G,9694,1,9694
ORF1a,2991,R,9694,1,9694
ORF1a,2992,S,9694,1,9694
ORF1a,2998,V,9693,0.999897,9694
ORF1a,2998,A,1,0.000103157,9694
ORF1a,3003,R,9693,1,9693
ORF1a,3005,V,9693,1,9693
ORF1a,3006,L,9693,1,9693
ORF1a,3007,N,9693,1,9693
ORF1a,3014,L,9694,1,9694
ORF1a,3017,V,9693,0.999897,9694
ORF1a,3017,F,1,0.000103157,9694
ORF1a,3018,F,9693,0.999897,9694
ORF1a,3018,Y,1,0.000103157,9694
ORF1a,3030,M,9693,1,9693
ORF1a,3034,L,9694,1,9694
ORF1a,3042,D,9694,1,9694
ORF1a,3048,V,9693,1,9693
ORF1a,3055,I,9693,0.999897,9694
ORF1a,3055,T,1,0.000103157,9694
ORF1a,3057,V,9694,1,9694
ORF1a,3059,C,9694,1,9694
ORF1a,3060,L,9693,0.999897,9694
ORF1a,3060,F,1,0.000103157,9694
ORF1a,3061,A,9694,1,9694
ORF1a,3071,F,9533,1,9533
ORF1a,3072,G,9681,0.998762,9693
ORF1a,3072,C,12,0.00123801,9693
ORF1a,3076,H,9688,1,9688
ORF1a,3077,V,9694,1,9694
ORF1a,3082,T,9693,0.999897,9694
ORF1a,3082,I,1,0.000103157,9694
ORF1a,3083,L,9694,1,9694
ORF1a,3085,F,9692,0.999794,9694
ORF1a,3085,L,2,0.000206313,9694
ORF1a,3087,M,9691,0.999691,9694
ORF1a,3087,I,3,0.00030947,9694
ORF1a,3089,F,9693,1,9693
ORF1a,3090,T,9678,0.998452,9693
ORF1a,3090,I,1,0.000103167,9693
ORF1a,3090,N,14,0.00144434,9693
ORF1a,3092,L,9693,1,9693
ORF1a,3100,F,9694,1,9694
ORF1a,3103,G,9693,0.999897,9694
ORF1a,3103,S,1,0.000103157,9694
ORF1a,3111,Y,9686,1,9686
ORF1a,3124,A,9693,1,9693
ORF1a,3132,F,9692,1,9692
ORF1a,3144,Y,1,1,1
ORF1a,3153,F,9694,1,9694
ORF1a,3156,F,9694,1,9694
ORF1a,3166,V,9694,1,9694
ORF1a,3179,A,9693,1,9693
ORF1a,3180,L,9693,1,9693
ORF1a,3191,L,9694,1,9694
ORF1a,3196,D,9694,1,9694
ORF1a,3197,V,9694,1,9694
ORF1a,3198,L,9693,1,9693
ORF1a,3201,L,9687,0.999278,9694
ORF1a,3201,F,7,0.000722096,9694
ORF1a,3204,Y,2,1,2
ORF1a,3220,A,9687,0.999381,9693
ORF1a,3220,V,5,0.000515836,9693
ORF1a,3220,T,1,0.000103167,9693
ORF1a,3221,M,9692,0.999794,9694
ORF1a,3221,I,2,0.000206313,9694
ORF1a,3222,D,9694,1,9694
ORF1a,3227,R,9694,1,9694
ORF1a,3233,H,9680,1,9680
ORF1a,3234,L,9694,1,9694
ORF1a,3238,L,9694,1,9694
ORF1a,3250,Y,9688,1,9688
ORF1a,3253,P,9694,1,9694
ORF1a,3257,I,9694,1,9694
ORF1a,3271,F,9694,1,9694
ORF1a,3278,G,9590,0.989374,9693
ORF1a,3278,S,102,0.0105231,9693
ORF1a,3278,D,1,0.000103167,9693
ORF1a,3291,N,9694,1,9694
ORF1a,3297,D,9694,1,9694
ORF1a,3307,C,9694,1,9694
ORF1a,3311,D,9693,1,9693
ORF1a,3314,N,9693,1,9693
ORF1a,3323,R,9689,0.999484,9694
ORF1a,3323,C,5,0.000515783,9694
ORF1a,3324,K,9689,0.999484,9694
ORF1a,3324,R,5,0.000515783,9694
ORF1a,3331,V,9694,1,9694
ORF1a,3334,G,9682,0.998762,9694
ORF1a,3334,S,12,0.00123788,9694
ORF1a,3338,L,9692,0.999897,9693
ORF1a,3338,F,1,0.000103167,9693
ORF1a,3352,L,9683,0.998865,9694
ORF1a,3352,F,11,0.00113472,9694
ORF1a,3353,K,9588,0.989065,9694
ORF1a,3353,R,106,0.0109346,9694
ORF1a,3358,N,9694,1,9694
ORF1a,3365,K,9692,1,9692
ORF1a,3368,R,9691,0.999794,9693
ORF1a,3368,H,2,0.000206334,9693
ORF1a,3371,P,9687,0.999381,9693
ORF1a,3371,S,6,0.000619003,9693
ORF1a,3377,V,9694,1,9694
ORF1a,3395,P,9691,0.999691,9694
ORF1a,3395,L,3,0.00030947,9694
ORF1a,3397,F,9694,1,9694
ORF1a,3400,K,9691,1,9691
ORF1a,3405,N,9693,0.999897,9694
ORF1a,3405,S,1,0.000103157,9694
ORF1a,3414,N,9692,0.999794,9694
ORF1a,3414,D,2,0.000206313,9694
ORF1a,3417,Y,1,1,1
ORF1a,3418,D,9694,1,9694
ORF1a,3432,T,9694,1,9694
ORF1a,3438,T,9694,1,9694
ORF1a,3439,D,9694,1,9694
ORF1a,3445,Y,1,1,1
ORF1a,3450,D,9694,1,9694
ORF1a,3456,A,9689,0.999484,9694
ORF1a,3456,T,3,0.00030947,9694
ORF1a,3456,V,2,0.000206313,9694
ORF1a,3459,T,9692,0.999794,9694
ORF1a,3459,M,2,0.000206313,9694
ORF1a,3468,L,9694,1,9694
ORF1a,3474,A,9694,1,9694
ORF1a,3479,D,9694,1,9694
ORF1a,3483,L,9671,0.997627,9694
ORF1a,3483,F,23,0.0023726,9694
ORF1a,3492,D,9694,1,9694
ORF1a,3496,V,9694,1,9694
ORF1a,3502,Y,17,1,17
ORF1a,3508,D,9693,1,9693
ORF1a,3511,D,9691,1,9691
ORF1a,3512,I,9694,1,9694
ORF1a,3520,T,9693,1,9693
ORF1a,3521,G,2,1,2
ORF1a,3522,I,9693,0.999897,9694
ORF1a,3522,T,1,0.000103157,9694
ORF1a,3523,A,9690,0.99969,9693
ORF1a,3523,V,3,0.000309502,9693
ORF1a,3529,A,9639,0.994326,9694
ORF1a,3529,V,55,0.00567361,9694
ORF1a,3535,L,9694,1,9694
ORF1a,3542,R,9689,0.999484,9694
ORF1a,3542,C,5,0.000515783,9694
ORF1a,3549,L,9694,1,9694
ORF1a,3552,D,9694,1,9694
ORF1a,3561,R,9694,1,9694
ORF1a,3563,C,9694,1,9694
ORF1a,3565,G,9694,1,9694
ORF1a,3568,F,9694,1,9694
ORF1a,3572,V,9694,1,9694
ORF1a,3575,T,9693,0.999897,9694
ORF1a,3575,I,1,0.000103157,9694
ORF1a,3576,I,9694,1,9694
ORF1a,3579,T,9690,0.999587,9694
ORF1a,3579,I,4,0.000412626,9694
ORF1a,3581,H,9694,1,9694
ORF1a,3585,L,9694,1,9694
ORF1a,3589,T,9694,1,9694
ORF1a,3603,F,9694,1,9694
ORF1a,3606,L,8275,0.856537,9661
ORF1a,3606,F,1386,0.143463,9661
ORF1a,3610,A,9694,1,9694
ORF1a,3612,L,9694,1,9694
ORF1a,3615,A,9673,0.997834,9694
ORF1a,3615,V,21,0.00216629,9694
ORF1a,3622,S,9694,1,9694
ORF1a,3632,K,9692,1,9692
ORF1a,3639,F,9694,1,9694
ORF1a,3642,P,9694,1,9694
ORF1a,3643,S,9694,1,9694
ORF1a,3644,L,9682,0.998762,9694
ORF1a,3644,F,12,0.00123788,9694
ORF1a,3653,V,9694,1,9694
ORF1a,3656,P,9692,0.999897,9693
ORF1a,3656,L,1,0.000103167,9693
ORF1a,3665,T,9693,1,9693
ORF1a,3678,K,9691,0.999691,9694
ORF1a,3678,N,3,0.00030947,9694
ORF1a,3683,V,9694,1,9694
ORF1a,3685,Y,55,1,55
ORF1a,3697,A,9690,0.999587,9694
ORF1a,3697,V,4,0.000412626,9694
ORF1a,3700,V,9694,1,9694
ORF1a,3704,G,9691,0.999691,9694
ORF1a,3704,V,2,0.000206313,9694
ORF1a,3704,S,1,0.000103157,9694
ORF1a,3714,V,9675,0.99804,9694
ORF1a,3714,I,19,0.00195998,9694
ORF1a,3715,L,9694,1,9694
ORF1a,3718,V,9660,0.996595,9693
ORF1a,3718,F,33,0.00340452,9693
ORF1a,3722,C,4,1,4
ORF1a,3730,A,9694,1,9694
ORF1a,3736,L,9690,0.999587,9694
ORF1a,3736,F,4,0.000412626,9694
ORF1a,3737,I,9684,0.999587,9688
ORF1a,3737,V,4,0.000412882,9688
ORF1a,3747,V,9694,1,9694
ORF1a,3750,T,9694,1,9694
ORF1a,3754,L,9693,0.999897,9694
ORF1a,3754,F,1,0.000103157,9694
ORF1a,3755,A,9688,0.999484,9693
ORF1a,3755,T,5,0.000515836,9693
ORF1a,3757,G,9664,0.997111,9692
ORF1a,3757,V,26,0.00268262,9692
ORF1a,3757,S,2,0.000206356,9692
ORF1a,3764,E,9690,0.999794,9692
ORF1a,3764,D,2,0.000206356,9692
ORF1a,3766,C,9693,1,9693
ORF1a,3769,F,9693,1,9693
ORF1a,3770,F,9692,0.999897,9693
ORF1a,3770,L,1,0.000103167,9693
ORF1a,3785,F,9694,1,9694
ORF1a,3790,C,9693,0.999897,9694
ORF1a,3790,F,1,0.000103157,9694
ORF1a,3791,T,9693,0.999897,9694
ORF1a,3791,S,1,0.000103157,9694
ORF1a,3796,L,9693,0.999897,9694
ORF1a,3796,F,1,0.000103157,9694
ORF1a,3802,R,9694,1,9694
ORF1a,3803,Y,9683,1,9683
ORF1a,3804,F,9693,1,9693
ORF1a,3806,L,9693,1,9693
ORF1a,3811,Y,1,1,1
ORF1a,3813,Y,9685,1,9685
ORF1a,3814,L,9694,1,9694
ORF1a,3824,N,9694,1,9694
ORF1a,3828,L,9693,1,9693
ORF1a,3829,L,9691,0.999691,9694
ORF1a,3829,F,3,0.00030947,9694
ORF1a,3830,P,9694,1,9694
ORF1a,3834,S,9694,1,9694
ORF1a,3838,F,9694,1,9694
ORF1a,3839,K,3,0.6,5
ORF1a,3839,R,2,0.4,5
ORF1a,3845,L,9694,1,9694
ORF1a,3846,G,9679,0.998556,9693
ORF1a,3846,S,14,0.00144434,9693
ORF1a,3853,I,9694,1,9694
ORF1a,3855,V,9694,1,9694
ORF1a,3856,A,9690,0.999587,9694
ORF1a,3856,S,1,0.000103157,9694
ORF1a,3856,T,1,0.000103157,9694
ORF1a,3856,V,2,0.000206313,9694
ORF1a,3858,V,9691,0.999897,9692
ORF1a,3858,L,1,0.000103178,9692
ORF1a,3859,H,1,1,1
ORF1a,3864,D,9693,1,9693
ORF1a,3865,V,9691,0.999794,9693
ORF1a,3865,I,2,0.000206334,9693
ORF1a,3867,C,9693,1,9693
ORF1a,3870,V,9693,1,9693
ORF1a,3871,V,9693,1,9693
ORF1a,3884,S,9563,0.986588,9693
ORF1a,3884,L,130,0.0134117,9693
ORF1a,3885,S,9685,0.999072,9694
ORF1a,3885,F,9,0.000928409,9694
ORF1a,3887,L,9694,1,9694
ORF1a,3892,V,9694,1,9694
ORF1a,3897,D,9694,1,9694
ORF1a,3898,I,9694,1,9694
ORF1a,3899,L,9693,0.999897,9694
ORF1a,3899,I,1,0.000103157,9694
ORF1a,3915,L,9694,1,9694
ORF1a,3920,S,9694,1,9694
ORF1a,3921,M,9692,0.999794,9694
ORF1a,3921,T,2,0.000206313,9694
ORF1a,3928,N,9694,1,9694
ORF1a,3935,L,9693,0.999897,9694
ORF1a,3935,V,1,0.000103157,9694
ORF1a,3936,D,9691,0.999691,9694
ORF1a,3936,N,3,0.00030947,9694
ORF1a,3937,N,9694,1,9694
ORF1a,3940,T,9694,1,9694
ORF1a,3941,L,9694,1,9694
ORF1a,3945,A,9694,1,9694
ORF1a,3949,S,9691,0.999691,9694
ORF1a,3949,N,2,0.000206313,9694
ORF1a,3949,G,1,0.000103157,9694
ORF1a,3950,S,9694,1,9694
ORF1a,3952,P,9693,0.999897,9694
ORF1a,3952,S,1,0.000103157,9694
ORF1a,3958,A,9689,0.999484,9694
ORF1a,3958,V,5,0.000515783,9694
ORF1a,3978,K,1,1,1
ORF1a,3983,S,9691,0.999691,9694
ORF1a,3983,F,3,0.00030947,9694
ORF1a,3993,R,9691,0.999691,9694
ORF1a,3993,C,3,0.00030947,9694
ORF1a,4003,K,9691,0.999897,9692
ORF1a,4003,N,1,0.000103178,9692
ORF1a,4005,A,9694,1,9694
ORF1a,4014,K,1,1,1
ORF1a,4023,A,9694,1,9694
ORF1a,4033,L,9694,1,9694
ORF1a,4045,L,9694,1,9694
ORF1a,4046,N,9694,1,9694
ORF1a,4049,I,9691,0.999897,9692
ORF1a,4049,V,1,0.000103178,9692
ORF1a,4050,N,9694,1,9694
ORF1a,4051,N,9694,1,9694
ORF1a,4058,P,9694,1,9694
ORF1a,4068,A,9694,1,9694
ORF1a,4070,L,9694,1,9694
ORF1a,4071,M,9678,0.998349,9694
ORF1a,4071,I,16,0.00165051,9694
ORF1a,4079,T,9694,1,9694
ORF1a,4083,T,9689,0.999794,9691
ORF1a,4083,M,2,0.000206377,9691
ORF1a,4088,T,9692,0.999897,9693
ORF1a,4088,I,1,0.000103167,9693
ORF1a,4094,A,9692,0.999794,9694
ORF1a,4094,V,1,0.000103157,9694
ORF1a,4094,T,1,0.000103157,9694
ORF1a,4095,L,9694,1,9694
ORF1a,4096,R,1,1,1
ORF1a,4097,E,1,1,1
ORF1a,4111,L,9693,0.999897,9694
ORF1a,4111,H,1,0.000103157,9694
ORF1a,4119,S,9687,0.999278,9694
ORF1a,4119,L,7,0.000722096,9694
ORF1a,4133,A,9694,1,9694
ORF1a,4137,V,9694,1,9694
ORF1a,4149,L,9694,1,9694
ORF1a,4156,A,9694,1,9694
ORF1a,4163,C,9694,1,9694
ORF1a,4164,T,9691,0.999691,9694
ORF1a,4164,I,3,0.00030947,9694
ORF1a,4168,A,9694,1,9694
ORF1a,4171,Y,9688,1,9688
ORF1a,4172,Y,9679,1,9679
ORF1a,4174,T,9694,1,9694
ORF1a,4175,T,9694,1,9694
ORF1a,4177,G,1,1,1
ORF1a,4184,L,9694,1,9694
ORF1a,4185,L,9694,1,9694
ORF1a,4189,H,1,1,1
ORF1a,4197,P,9692,0.999794,9694
ORF1a,4197,S,2,0.000206313,9694
ORF1a,4205,I,9694,1,9694
ORF1a,4211,P,9688,0.999587,9692
ORF1a,4211,S,3,0.000309534,9692
ORF1a,4211,L,1,0.000103178,9692
ORF1a,4218,D,9694,1,9694
ORF1a,4233,G,1,1,1
ORF1a,4235,N,9694,1,9694
ORF1a,4237,L,9694,1,9694
ORF1a,4247,A,9694,1,9694
ORF1a,4252,L,9694,1,9694
ORF1a,4262,A,9694,1,9694
ORF1a,4267,L,9694,1,9694
ORF1a,4271,A,9694,1,9694
ORF1a,4284,L,9694,1,9694
ORF1a,4285,A,9683,0.998968,9693
ORF1a,4285,S,2,0.000206334,9693
ORF1a,4285,V,8,0.000825338,9693
ORF1a,4287,G,9693,1,9693
ORF1a,4291,I,9694,1,9694
ORF1a,4302,T,9693,0.999897,9694
ORF1a,4302,I,1,0.000103157,9694
ORF1a,4320,S,9694,1,9694
ORF1a,4329,Y,9692,1,9692
ORF1a,4330,C,9694,1,9694
ORF1a,4335,D,9694,1,9694
ORF1a,4336,H,9694,1,9694
ORF1a,4360,P,9694,1,9694
ORF1a,4361,V,9694,1,9694
ORF1a,4367,N,9694,1,9694
ORF1a,4371,T,9693,0.999897,9694
ORF1a,4371,N,1,0.000103157,9694
ORF1a,4372,V,9694,1,9694
ORF1a,4373,C,9694,1,9694
ORF1a,4378,G,9690,1,9690
ORF1a,4381,C,9689,1,9689
ORF1b,2,C,9007,1,9007
ORF1b,8,R,9006,0.999889,9007
ORF1b,8,C,1,0.000111025,9007
ORF1b,11,P,9004,0.999667,9007
ORF1b,11,S,3,0.000333074,9007
ORF1b,12,C,9007,1,9007
ORF1b,14,T,9007,1,9007
ORF1b,15,G,9001,0.999334,9007
ORF1b,15,Y,5,0.000555124,9007
ORF1b,15,C,1,0.000111025,9007
ORF1b,17,S,9006,0.999889,9007
ORF1b,17,N,1,0.000111025,9007
ORF1b,21,V,9005,0.999778,9007
ORF1b,21,A,1,0.000111025,9007
ORF1b,21,I,1,0.000111025,9007
ORF1b,22,Y,9006,1,9006
ORF1b,26,D,9007,1,9007
ORF1b,33,A,8989,0.998002,9007
ORF1b,33,V,18,0.00199845,9007
ORF1b,43,C,9007,1,9007
ORF1b,46,F,9007,1,9007
ORF1b,50,D,9006,1,9006
ORF1b,53,D,8979,0.996891,9007
ORF1b,53,Y,28,0.00310869,9007
ORF1b,65,H,9007,1,9007
ORF1b,72,H,9005,1,9005
ORF1b,75,T,8998,0.999001,9007
ORF1b,75,S,5,0.000555124,9007
ORF1b,75,I,4,0.000444099,9007
ORF1b,82,D,9007,1,9007
ORF1b,87,A,8927,0.991118,9007
ORF1b,87,V,80,0.00888198,9007
ORF1b,90,D,9007,1,9007
ORF1b,95,R,9007,1,9007
ORF1b,100,M,9005,0.999778,9007
ORF1b,100,V,2,0.00022205,9007
ORF1b,125,D,9007,1,9007
ORF1b,130,D,9007,1,9007
ORF1b,131,T,8993,0.998446,9007
ORF1b,131,I,14,0.00155435,9007
ORF1b,153,Y,9006,0.999889,9007
ORF1b,153,C,1,0.000111025,9007
ORF1b,154,D,9007,1,9007
ORF1b,159,P,9007,1,9007
ORF1b,160,D,9007,1,9007
ORF1b,165,Y,9007,1,9007
ORF1b,176,L,9005,1,9005
ORF1b,188,N,9007,1,9007
ORF1b,201,D,9007,1,9007
ORF1b,203,N,9007,1,9007
ORF1b,216,T,9007,1,9007
ORF1b,225,D,9006,0.999889,9007
ORF1b,225,G,1,0.000111025,9007
ORF1b,236,T,9007,1,9007
ORF1b,238,T,9001,0.999445,9006
ORF1b,238,I,5,0.000555185,9006
ORF1b,239,R,9005,0.999778,9007
ORF1b,239,K,1,0.000111025,9007
ORF1b,239,W,1,0.000111025,9007
ORF1b,242,T,9004,0.999667,9007
ORF1b,242,N,3,0.000333074,9007
ORF1b,243,A,9005,0.999778,9007
ORF1b,243,T,1,0.000111025,9007
ORF1b,243,V,1,0.000111025,9007
ORF1b,250,D,9007,1,9007
ORF1b,263,Y,9007,1,9007
ORF1b,264,D,9007,1,9007
ORF1b,269,R,8994,0.998889,9004
ORF1b,269,S,10,0.00111062,9004
ORF1b,272,L,9007,1,9007
ORF1b,275,R,9007,1,9007
ORF1b,281,D,9006,1,9006
ORF1b,284,Y,9006,1,9006
ORF1b,289,V,9004,0.999778,9006
ORF1b,289,F,2,0.000222074,9006
ORF1b,294,D,9007,1,9007
ORF1b,304,N,9007,1,9007
ORF1b,307,F,9007,1,9007
ORF1b,308,S,9007,1,9007
ORF1b,313,P,3483,0.387215,8995
ORF1b,313,L,5508,0.61234,8995
ORF1b,313,T,1,0.000111173,8995
ORF1b,313,F,3,0.000333519,8995
ORF1b,320,V,9006,0.999889,9007
ORF1b,320,E,1,0.000111025,9007
ORF1b,340,E,9005,1,9005
ORF1b,348,D,9005,1,9005
ORF1b,356,L,9007,1,9007
ORF1b,367,D,9006,1,9006
ORF1b,371,H,9005,1,9005
ORF1b,378,L,2,1,2
ORF1b,379,L,9007,1,9007
ORF1b,383,T,9007,1,9007
ORF1b,384,T,9005,0.999889,9006
ORF1b,384,M,1,0.000111037,9006
ORF1b,393,N,9006,1,9006
ORF1b,395,V,9003,0.999556,9007
ORF1b,395,F,1,0.000111025,9007
ORF1b,395,I,3,0.000333074,9007
ORF1b,402,P,9005,0.999889,9006
ORF1b,402,R,1,0.000111037,9006
ORF1b,406,N,9006,0.999889,9007
ORF1b,406,D,1,0.000111025,9007
ORF1b,407,K,1,1,1
ORF1b,409,F,9007,1,9007
ORF1b,412,F,9007,1,9007
ORF1b,413,A,9002,0.999556,9006
ORF1b,413,V,4,0.000444148,9006
ORF1b,414,V,9006,0.999889,9007
ORF1b,414,M,1,0.000111025,9007
ORF1b,418,F,9007,1,9007
ORF1b,424,S,8997,0.99889,9007
ORF1b,424,P,1,0.000111025,9007
ORF1b,424,F,9,0.000999223,9007
ORF1b,430,F,9007,1,9007
ORF1b,433,A,9005,0.999778,9007
ORF1b,433,V,2,0.00022205,9007
ORF1b,436,G,9006,1,9006
ORF1b,439,A,8954,0.994226,9006
ORF1b,439,V,52,0.00577393,9006
ORF1b,445,Y,9006,1,9006
ORF1b,451,P,9007,1,9007
ORF1b,453,M,9005,1,9005
ORF1b,469,Y,9007,1,9007
ORF1b,473,Y,9007,1,9007
ORF1b,481,N,8996,0.998779,9007
ORF1b,481,S,11,0.00122127,9007
ORF1b,485,V,9007,1,9007
ORF1b,487,N,9007,1,9007
ORF1b,488,L,9006,1,9006
ORF1b,489,D,9007,1,9007
ORF1b,490,K,1,1,1
ORF1b,517,L,9007,1,9007
ORF1b,518,F,9007,1,9007
ORF1b,553,C,9007,1,9007
ORF1b,566,L,9007,1,9007
ORF1b,573,R,9007,1,9007
ORF1b,581,T,9007,1,9007
ORF1b,582,S,9007,1,9007
ORF1b,584,F,9007,1,9007
ORF1b,589,H,9007,1,9007
ORF1b,590,N,9007,1,9007
ORF1b,592,L,1,1,1
ORF1b,598,D,9007,1,9007
ORF1b,601,N,9007,1,9007
ORF1b,603,H,8992,0.998335,9007
ORF1b,603,Y,15,0.00166537,9007
ORF1b,615,A,9007,1,9007
ORF1b,617,P,9007,1,9007
ORF1b,618,N,9007,1,9007
ORF1b,627,V,9006,0.999889,9007
ORF1b,627,L,1,0.000111025,9007
ORF1b,628,L,9007,1,9007
ORF1b,630,R,9006,0.999889,9007
ORF1b,630,H,1,0.000111025,9007
ORF1b,632,H,9007,1,9007
ORF1b,642,F,9007,1,9007
ORF1b,643,Y,9007,1,9007
ORF1b,645,L,3,1,3
ORF1b,648,E,9006,1,9006
ORF1b,669,G,1,1,1
ORF1b,670,T,9007,1,9007
ORF1b,678,A,9007,1,9007
ORF1b,690,V,9005,0.999889,9006
ORF1b,690,A,1,0.000111037,9006
ORF1b,691,T,9007,1,9007
ORF1b,703,N,9007,1,9007
ORF1b,709,Y,9007,1,9007
ORF1b,713,L,1,1,1
ORF1b,728,D,9007,1,9007
ORF1b,738,Y,9007,1,9007
ORF1b,746,M,9005,0.999778,9007
ORF1b,746,I,2,0.00022205,9007
ORF1b,748,L,9007,1,9007
ORF1b,750,D,9007,1,9007
ORF1b,754,V,9007,1,9007
ORF1b,756,F,9007,1,9007
ORF1b,764,G,8989,0.998002,9007
ORF1b,764,S,18,0.00199845,9007
ORF1b,765,L,9002,1,9002
ORF1b,780,N,9007,1,9007
ORF1b,793,T,9006,0.999889,9007
ORF1b,793,I,1,0.000111025,9007
ORF1b,794,D,9004,0.999667,9007
ORF1b,794,Y,3,0.000333074,9007
ORF1b,797,R,9,1,9
ORF1b,800,H,9005,0.999778,9007
ORF1b,800,L,2,0.00022205,9007
ORF1b,806,H,9007,1,9007
ORF1b,809,L,9006,1,9006
ORF1b,812,H,3,1,3
ORF1b,819,L,9007,1,9007
ORF1b,828,L,9005,1,9005
ORF1b,829,G,9007,1,9007
ORF1b,830,A,9006,0.999889,9007
ORF1b,830,T,1,0.000111025,9007
ORF1b,831,G,9007,1,9007
ORF1b,836,D,9007,1,9007
ORF1b,849,F,9007,1,9007
ORF1b,861,K,1,1,1
ORF1b,862,H,8998,0.999001,9007
ORF1b,862,Y,9,0.000999223,9007
ORF1b,869,D,9001,0.999445,9006
ORF1b,869,Y,4,0.000444148,9006
ORF1b,869,G,1,0.000111037,9006
ORF1b,881,L,9001,1,9001
ORF1b,886,T,9007,1,9007
ORF1b,903,S,9005,1,9005
ORF1b,911,Y,9007,1,9007
ORF1b,924,V,9007,1,9007
ORF1b,925,G,9006,1,9006
ORF1b,930,C,9007,1,9007
ORF1b,940,A,8964,0.995226,9007
ORF1b,940,V,43,0.00477406,9007
ORF1b,941,C,9007,1,9007
ORF1b,943,R,9007,1,9007
ORF1b,946,F,9007,1,9007
ORF1b,947,L,1,1,1
ORF1b,953,Y,9007,1,9007
ORF1b,956,V,9007,1,9007
ORF1b,964,V,9007,1,9007
ORF1b,969,P,9002,0.999556,9006
ORF1b,969,L,2,0.000222074,9006
ORF1b,969,S,2,0.000222074,9006
ORF1b,971,V,8981,0.997113,9007
ORF1b,971,I,26,0.00288664,9007
ORF1b,972,C,9007,1,9007
ORF1b,980,T,9007,1,9007
ORF1b,983,T,9006,0.999889,9007
ORF1b,983,A,1,0.000111025,9007
ORF1b,986,Y,9007,1,9007
ORF1b,995,K,1,1,1
ORF1b,996,S,8999,0.999334,9005
ORF1b,996,A,6,0.000666297,9005
ORF1b,999,P,9001,0.999667,9004
ORF1b,999,L,3,0.000333185,9004
ORF1b,1000,P,9001,0.999334,9007
ORF1b,1000,L,1,0.000111025,9007
ORF1b,1000,S,5,0.000555124,9007
ORF1b,1015,Y,9007,1,9007
ORF1b,1017,N,9007,1,9007
ORF1b,1022,S,9002,0.999445,9007
ORF1b,1022,I,4,0.000444099,9007
ORF1b,1022,G,1,0.000111025,9007
ORF1b,1028,F,9007,1,9007
ORF1b,1035,D,9007,1,9007
ORF1b,1042,Y,9007,1,9007
ORF1b,1056,A,9007,1,9007
ORF1b,1060,L,9007,1,9007
ORF1b,1067,F,9007,1,9007
ORF1b,1075,T,9006,0.999889,9007
ORF1b,1075,I,1,0.000111025,9007
ORF1b,1077,R,9006,0.999889,9007
ORF1b,1077,C,1,0.000111025,9007
ORF1b,1082,D,9007,1,9007
ORF1b,1098,L,8984,0.997557,9006
ORF1b,1098,F,22,0.00244282,9006
ORF1b,1120,Y,9007,1,9007
ORF1b,1126,D,9003,0.999556,9007
ORF1b,1126,Y,3,0.000333074,9007
ORF1b,1126,N,1,0.000111025,9007
ORF1b,1128,G,9004,0.999667,9007
ORF1b,1128,C,3,0.000333074,9007
ORF1b,1129,D,9007,1,9007
ORF1b,1130,A,9002,0.999445,9007
ORF1b,1130,S,3,0.000333074,9007
ORF1b,1130,V,2,0.00022205,9007
ORF1b,1133,Y,9007,1,9007
ORF1b,1139,Y,9007,1,9007
ORF1b,1145,D,9005,0.999778,9007
ORF1b,1145,V,2,0.00022205,9007
ORF1b,1159,A,9006,0.999889,9007
ORF1b,1159,S,1,0.000111025,9007
ORF1b,1178,L,9005,0.999778,9007
ORF1b,1178,F,2,0.00022205,9007
ORF1b,1180,I,9007,1,9007
ORF1b,1182,D,9001,0.999334,9007
ORF1b,1182,Y,6,0.000666149,9007
ORF1b,1193,K,9005,0.999889,9006
ORF1b,1193,N,1,0.000111037,9006
ORF1b,1207,G,9007,1,9007
ORF1b,1209,G,9003,0.999889,9004
ORF1b,1209,V,1,0.000111062,9004
ORF1b,1212,H,8998,0.999001,9007
ORF1b,1212,Y,9,0.000999223,9007
ORF1b,1216,G,9007,1,9007
ORF1b,1218,A,9004,0.999667,9007
ORF1b,1218,T,2,0.00022205,9007
ORF1b,1218,S,1,0.000111025,9007
ORF1b,1219,L,8994,0.998557,9007
ORF1b,1219,I,1,0.000111025,9007
ORF1b,1219,F,2,0.00022205,9007
ORF1b,1219,P,10,0.00111025,9007
ORF1b,1234,A,9006,1,9006
ORF1b,1240,C,9007,1,9007
ORF1b,1241,E,9001,0.999334,9007
ORF1b,1241,D,6,0.000666149,9007
ORF1b,1243,A,9007,1,9007
ORF1b,1259,R,9007,1,9007
ORF1b,1263,E,9005,0.999889,9006
ORF1b,1263,D,1,0.000111037,9006
ORF1b,1268,F,9007,1,9007
ORF1b,1270,V,9002,0.999445,9007
ORF1b,1270,L,5,0.000555124,9007
ORF1b,1278,V,9006,0.999889,9007
ORF1b,1278,F,1,0.000111025,9007
ORF1b,1286,P,9000,0.999223,9007
ORF1b,1286,S,7,0.000777173,9007
ORF1b,1288,T,9007,1,9007
ORF1b,1299,S,9007,1,9007
ORF1b,1301,A,9004,0.999667,9007
ORF1b,1301,V,3,0.000333074,9007
ORF1b,1302,T,9005,0.999778,9007
ORF1b,1302,I,2,0.00022205,9007
ORF1b,1309,V,9007,1,9007
ORF1b,1311,A,9007,1,9007
ORF1b,1314,R,8950,0.993672,9007
ORF1b,1314,C,57,0.00632841,9007
ORF1b,1319,V,9007,1,9007
ORF1b,1320,Y,9007,1,9007
ORF1b,1329,A,9007,1,9007
ORF1b,1334,L,8989,1,8989
ORF1b,1335,T,9003,0.999556,9007
ORF1b,1335,I,4,0.000444099,9007
ORF1b,1344,F,9007,1,9007
ORF1b,1350,L,9005,0.999778,9007
ORF1b,1350,F,2,0.00022205,9007
ORF1b,1354,I,8997,0.99889,9007
ORF1b,1354,T,10,0.00111025,9007
ORF1b,1360,L,9007,1,9007
ORF1b,1364,R,9007,1,9007
ORF1b,1365,R,9007,1,9007
ORF1b,1384,K,1,1,1
ORF1b,1390,S,8996,1,8996
ORF1b,1397,F,9005,0.999778,9007
ORF1b,1397,V,2,0.00022205,9007
ORF1b,1398,Y,9007,1,9007
ORF1b,1401,V,9006,1,9006
ORF1b,1402,I,9006,0.999889,9007
ORF1b,1402,V,1,0.000111025,9007
ORF1b,1403,T,9007,1,9007
ORF1b,1406,V,9007,1,9007
ORF1b,1407,S,8976,1,8976
ORF1b,1417,V,9007,1,9007
ORF1b,1421,F,9007,1,9007
ORF1b,1426,P,8139,0.903932,9004
ORF1b,1426,L,863,0.0958463,9004
ORF1b,1426,S,2,0.000222124,9004
ORF1b,1432,V,9007,1,9007
ORF1b,1443,V,9007,1,9007
ORF1b,1445,S,9007,1,9007
ORF1b,1452,T,9004,0.999667,9007
ORF1b,1452,I,3,0.000333074,9007
ORF1b,1455,V,9007,1,9007
ORF1b,1463,Y,8126,0.902187,9007
ORF1b,1463,C,881,0.0978128,9007
ORF1b,1469,T,9007,1,9007
ORF1b,1472,T,9000,0.999223,9007
ORF1b,1472,A,7,0.000777173,9007
ORF1b,1476,H,9007,1,9007
ORF1b,1490,A,8999,0.999112,9007
ORF1b,1490,V,8,0.000888198,9007
ORF1b,1492,V,8994,1,8994
ORF1b,1498,M,9000,0.999223,9007
ORF1b,1498,I,7,0.000777173,9007
ORF1b,1505,D,9007,1,9007
ORF1b,1515,P,9007,1,9007
ORF1b,1530,L,9007,1,9007
ORF1b,1536,K,9006,1,9006
ORF1b,1540,G,9006,1,9006
ORF1b,1541,L,1,1,1
ORF1b,1543,P,9007,1,9007
ORF1b,1552,V,9007,1,9007
ORF1b,1561,L,2,1,2
ORF1b,1564,D,9007,1,9007
ORF1b,1567,G,9004,1,9004
ORF1b,1570,K,9005,0.999889,9006
ORF1b,1570,E,1,0.000111037,9006
ORF1b,1573,T,9007,1,9007
ORF1b,1589,V,9007,1,9007
ORF1b,1594,N,9007,1,9007
ORF1b,1595,M,9004,0.999667,9007
ORF1b,1595,I,3,0.000333074,9007
ORF1b,1597,I,9007,1,9007
ORF1b,1598,T,9007,1,9007
ORF1b,1610,I,9007,1,9007
ORF1b,1614,V,9003,0.999889,9004
ORF1b,1614,I,1,0.000111062,9004
ORF1b,1616,G,9006,1,9006
ORF1b,1626,T,9007,1,9007
ORF1b,1632,L,9006,1,9006
ORF1b,1637,G,9007,1,9007
ORF1b,1647,Y,9006,0.999889,9007
ORF1b,1647,C,1,0.000111025,9007
ORF1b,1667,D,9007,1,9007
ORF1b,1669,F,9007,1,9007
ORF1b,1672,L,9007,1,9007
ORF1b,1673,I,9001,0.999334,9007
ORF1b,1673,T,6,0.000666149,9007
ORF1b,1675,L,9007,1,9007
ORF1b,1677,Y,9007,1,9007
ORF1b,1683,N,9007,1,9007
ORF1b,1695,D,9007,1,9007
ORF1b,1700,L,8998,0.999001,9007
ORF1b,1700,F,9,0.000999223,9007
ORF1b,1702,D,9007,1,9007
ORF1b,1704,V,9007,1,9007
ORF1b,1705,V,9003,1,9003
ORF1b,1711,H,9006,0.999889,9007
ORF1b,1711,Q,1,0.000111025,9007
ORF1b,1715,L,9006,1,9006
ORF1b,1720,Y,9007,1,9007
ORF1b,1722,V,9007,1,9007
ORF1b,1723,K,1,1,1
ORF1b,1727,E,9003,0.999667,9006
ORF1b,1727,D,3,0.000333111,9006
ORF1b,1728,R,9000,0.999223,9007
ORF1b,1728,C,6,0.000666149,9007
ORF1b,1728,L,1,0.000111025,9007
ORF1b,1729,T,8996,0.998779,9007
ORF1b,1729,I,11,0.00122127,9007
ORF1b,1732,L,9006,1,9006
ORF1b,1737,A,9004,0.999778,9006
ORF1b,1737,V,2,0.000222074,9006
ORF1b,1739,C,9004,0.999667,9007
ORF1b,1739,F,3,0.000333074,9007
ORF1b,1740,F,9004,0.999667,9007
ORF1b,1740,Y,3,0.000333074,9007
ORF1b,1744,S,9007,1,9007
ORF1b,1745,D,9007,1,9007
ORF1b,1751,H,9007,1,9007
ORF1b,1756,F,8924,0.990785,9007
ORF1b,1756,L,83,0.00921505,9007
ORF1b,1758,Y,9007,1,9007
ORF1b,1762,P,9007,1,9007
ORF1b,1765,I,9007,1,9007
ORF1b,1766,D,9007,1,9007
ORF1b,1767,V,9007,1,9007
ORF1b,1773,T,8992,0.998335,9007
ORF1b,1773,I,15,0.00166537,9007
ORF1b,1782,L,9007,1,9007
ORF1b,1786,V,9007,1,9007
ORF1b,1788,G,9007,1,9007
ORF1b,1789,N,9007,1,9007
ORF1b,1797,A,9005,0.999778,9007
ORF1b,1797,S,2,0.00022205,9007
ORF1b,1803,L,8800,1,8800
ORF1b,1806,H,9007,1,9007
ORF1b,1808,C,9007,1,9007
ORF1b,1812,R,9003,0.999556,9007
ORF1b,1812,C,4,0.000444099,9007
ORF1b,1813,V,9004,0.999778,9006
ORF1b,1813,F,2,0.000222074,9006
ORF1b,1819,Y,9007,1,9007
ORF1b,1820,P,8994,0.998557,9007
ORF1b,1820,S,13,0.00144332,9007
ORF1b,1835,V,9005,0.999889,9006
ORF1b,1835,F,1,0.000111037,9006
ORF1b,1837,H,9005,0.999889,9006
ORF1b,1837,Y,1,0.000111037,9006
ORF1b,1838,M,9005,0.999778,9007
ORF1b,1838,I,2,0.00022205,9007
ORF1b,1842,A,9007,1,9007
ORF1b,1843,A,8901,0.988231,9007
ORF1b,1843,V,106,0.0117686,9007
ORF1b,1847,D,9006,0.999889,9007
ORF1b,1847,Y,1,0.000111025,9007
ORF1b,1849,F,9006,0.999889,9007
ORF1b,1849,I,1,0.000111025,9007
ORF1b,1853,H,9006,0.999889,9007
ORF1b,1853,Y,1,0.000111025,9007
ORF1b,1854,D,9007,1,9007
ORF1b,1857,N,9007,1,9007
ORF1b,1858,P,9007,1,9007
ORF1b,1865,P,9007,1,9007
ORF1b,1867,A,9007,1,9007
ORF1b,1868,D,9000,0.999334,9006
ORF1b,1868,Y,4,0.000444148,9006
ORF1b,1868,G,2,0.000222074,9006
ORF1b,1890,F,9007,1,9007
ORF1b,1891,Y,9007,1,9007
ORF1b,1900,F,9006,1,9006
ORF1b,1904,V,9007,1,9007
ORF1b,1906,L,9005,1,9005
ORF1b,1911,N,9007,1,9007
ORF1b,1928,V,9007,1,9007
ORF1b,1931,N,9007,1,9007
ORF1b,1933,N,9007,1,9007
ORF1b,1952,P,9005,0.999778,9007
ORF1b,1952,L,2,0.00022205,9007
ORF1b,1972,D,9007,1,9007
ORF1b,1978,H,9004,0.999667,9007
ORF1b,1978,Y,2,0.00022205,9007
ORF1b,1978,R,1,0.000111025,9007
ORF1b,1991,L,9006,1,9006
ORF1b,2002,L,4,1,4
ORF1b,2005,A,8980,0.998888,8990
ORF1b,2005,V,10,0.00111235,8990
ORF1b,2006,V,9007,1,9007
ORF1b,2013,E,8993,1,8993
ORF1b,2014,Y,9007,1,9007
ORF1b,2017,Y,9006,0.999889,9007
ORF1b,2017,N,1,0.000111025,9007
ORF1b,2018,L,9007,1,9007
ORF1b,2019,D,9005,0.999778,9007
ORF1b,2019,N,1,0.000111025,9007
ORF1b,2019,Y,1,0.000111025,9007
ORF1b,2022,N,9006,1,9006
ORF1b,2028,G,9006,1,9006
ORF1b,2030,S,9006,0.999889,9007
ORF1b,2030,I,1,0.000111025,9007
ORF1b,2034,Y,9006,1,9006
ORF1b,2044,N,9007,1,9007
ORF1b,2059,V,8999,0.999112,9007
ORF1b,2059,A,1,0.000111025,9007
ORF1b,2059,F,7,0.000777173,9007
ORF1b,2065,F,9007,1,9007
ORF1b,2072,V,8960,1,8960
ORF1b,2081,V,9007,1,9007
ORF1b,2083,T,9000,0.999223,9007
ORF1b,2083,I,7,0.000777173,9007
ORF1b,2095,N,9007,1,9007
ORF1b,2110,K,9006,1,9006
ORF1b,2115,P,9002,0.999445,9007
ORF1b,2115,S,2,0.00022205,9007
ORF1b,2115,L,3,0.000333074,9007
ORF1b,2116,V,9007,1,9007
ORF1b,2123,N,9007,1,9007
ORF1b,2126,G,9005,0.999778,9007
ORF1b,2126,D,2,0.00022205,9007
ORF1b,2128,D,9007,1,9007
ORF1b,2134,V,9007,1,9007
ORF1b,2138,Y,9006,0.999889,9007
ORF1b,2138,C,1,0.000111025,9007
ORF1b,2142,A,9003,0.999556,9007
ORF1b,2142,V,4,0.000444099,9007
ORF1b,2144,A,9007,1,9007
ORF1b,2156,D,9007,1,9007
ORF1b,2163,D,1,0.5,2
ORF1b,2163,E,1,0.5,2
ORF1b,2164,T,8999,0.999223,9006
ORF1b,2164,M,2,0.000222074,9006
ORF1b,2164,A,2,0.000222074,9006
ORF1b,2164,K,3,0.000333111,9006
ORF1b,2168,P,9007,1,9007
ORF1b,2178,D,9003,0.999556,9007
ORF1b,2178,N,2,0.00022205,9007
ORF1b,2178,Y,2,0.00022205,9007
ORF1b,2179,G,8994,0.998557,9007
ORF1b,2179,S,11,0.00122127,9007
ORF1b,2179,V,1,0.000111025,9007
ORF1b,2179,D,1,0.000111025,9007
ORF1b,2182,D,9007,1,9007
ORF1b,2187,A,9006,1,9006
ORF1b,2192,L,9007,1,9007
ORF1b,2195,E,3,1,3
ORF1b,2198,V,9007,1,9007
ORF1b,2221,A,9003,0.999556,9007
ORF1b,2221,V,4,0.000444099,9007
ORF1b,2222,V,8994,0.999889,8995
ORF1b,2222,I,1,0.000111173,8995
ORF1b,2226,F,9007,1,9007
ORF1b,2229,Y,9007,1,9007
ORF1b,2236,V,9007,1,9007
ORF1b,2255,P,9002,0.999445,9007
ORF1b,2255,L,3,0.000333074,9007
ORF1b,2255,S,2,0.00022205,9007
ORF1b,2262,D,9006,0.999889,9007
ORF1b,2262,G,1,0.000111025,9007
ORF1b,2263,F,9007,1,9007
ORF1b,2264,L,1,1,1
ORF1b,2266,L,359,1,359
ORF1b,2267,A,8958,0.99456,9007
ORF1b,2267,V,49,0.00544021,9007
ORF1b,2269,D,8980,0.997002,9007
ORF1b,2269,G,1,0.000111025,9007
ORF1b,2269,Y,4,0.000444099,9007
ORF1b,2269,N,22,0.00244254,9007
ORF1b,2275,Y,9007,1,9007
ORF1b,2282,F,9006,0.999889,9007
ORF1b,2282,Y,1,0.000111025,9007
ORF1b,2285,I,9007,1,9007
ORF1b,2295,L,4,1,4
ORF1b,2299,H,9007,1,9007
ORF1b,2300,L,9006,1,9006
ORF1b,2303,G,1,1,1
ORF1b,2309,K,9006,1,9006
ORF1b,2329,F,9007,1,9007
ORF1b,2334,Q,9006,1,9006
ORF1b,2337,S,9006,1,9006
ORF1b,2361,L,6,1,6
ORF1b,2366,K,9005,0.999889,9006
ORF1b,2366,N,1,0.000111037,9006
ORF1b,2370,V,8965,0.995447,9006
ORF1b,2370,L,41,0.00455252,9006
ORF1b,2378,S,9007,1,9007
ORF1b,2386,G,9007,1,9007
ORF1b,2389,E,1,1,1
ORF1b,2392,Y,9005,0.999778,9007
ORF1b,2392,C,2,0.00022205,9007
ORF1b,2400,A,9007,1,9007
ORF1b,2402,Q,9006,1,9006
ORF1b,2403,P,9007,1,9007
ORF1b,2411,Y,9007,1,9007
ORF1b,2417,L,9005,1,9005
ORF1b,2422,D,9007,1,9007
ORF1b,2424,Q,8998,1,8998
ORF1b,2429,S,8968,0.995891,9005
ORF1b,2429,R,37,0.00410883,9005
ORF1b,2431,T,9002,0.999445,9007
ORF1b,2431,I,5,0.000555124,9007
ORF1b,2432,L,5,1,5
ORF1b,2439,N,9007,1,9007
ORF1b,2440,V,9007,1,9007
ORF1b,2441,A,9007,1,9007
ORF1b,2451,N,9007,1,9007
ORF1b,2455,L,1,1,1
ORF1b,2457,V,9007,1,9007
ORF1b,2458,P,9007,1,9007
ORF1b,2485,L,9007,1,9007
ORF1b,2487,T,9007,1,9007
ORF1b,2507,L,9006,1,9006
ORF1b,2509,G,9003,0.999556,9007
ORF1b,2509,C,4,0.000444099,9007
ORF1b,2518,N,9007,1,9007
ORF1b,2530,P,8999,0.999112,9007
ORF1b,2530,S,8,0.000888198,9007
ORF1b,2534,N,9007,1,9007
ORF1b,2547,T,9004,0.999667,9007
ORF1b,2547,I,3,0.000333074,9007
ORF1b,2548,Y,9007,1,9007
ORF1b,2551,G,9007,1,9007
ORF1b,2556,K,8990,0.998223,9006
ORF1b,2556,R,16,0.00177659,9006
ORF1b,2557,L,9006,1,9006
ORF1b,2559,L,8997,0.999112,9005
ORF1b,2559,H,8,0.000888395,9005
ORF1b,2561,G,9002,0.999556,9006
ORF1b,2561,C,4,0.000444148,9006
ORF1b,2563,V,9004,0.999667,9007
ORF1b,2563,A,3,0.000333074,9007
ORF1b,2564,A,9007,1,9007
ORF1b,2591,T,9001,0.999334,9007
ORF1b,2591,I,6,0.000666149,9007
ORF1b,2595,A,9007,1,9007
ORF1b,2599,E,1,1,1
ORF1b,2604,G,2,1,2
ORF1b,2608,L,9007,1,9007
ORF1b,2611,P,9003,0.999667,9006
ORF1b,2611,L,3,0.000333111,9006
ORF1b,2612,R,9002,0.999556,9006
ORF1b,2612,N,4,0.000444148,9006
ORF1b,2624,Y,9007,1,9007
ORF1b,2627,W,9006,1,9006
ORF1b,2628,R,9005,0.999778,9007
ORF1b,2628,G,2,0.00022205,9007
ORF1b,2640,L,1,1,1
ORF1b,2647,P,9006,1,9006
ORF1b,2661,G,9001,0.999334,9007
ORF1b,2661,V,6,0.000666149,9007
ORF1b,2664,N,9007,1,9007
ORF1b,2683,R,9001,0.999334,9007
ORF1b,2683,I,6,0.000666149,9007
ORF1b,2693,N,9007,1,9007
ORF3a,1,M,11725,1,11725
ORF3a,7,I,11728,1,11728
ORF3a,8,F,11724,0.999744,11727
ORF3a,8,L,3,0.00025582,11727
ORF3a,10,I,11727,1,11727
ORF3a,11,G,11725,0.999829,11727
ORF3a,11,V,2,0.000170547,11727
ORF3a,13,V,11531,0.98379,11721
ORF3a,13,L,190,0.0162102,11721
ORF3a,14,T,11691,0.997015,11726
ORF3a,14,I,35,0.00298482,11726
ORF3a,19,E,11724,1,11724
ORF3a,20,I,11727,1,11727
ORF3a,23,A,11721,0.999574,11726
ORF3a,23,V,3,0.000255842,11726
ORF3a,23,S,2,0.000170561,11726
ORF3a,24,T,11728,1,11728
ORF3a,27,D,11721,0.999574,11726
ORF3a,27,Y,4,0.000341122,11726
ORF3a,27,H,1,8.52806e-05,11726
ORF3a,28,F,11727,1,11727
ORF3a,30,R,11725,0.999744,11728
ORF3a,30,C,3,0.000255798,11728
ORF3a,31,A,11722,0.999488,11728
ORF3a,31,T,6,0.000511596,11728
ORF3a,34,T,11727,0.999915,11728
ORF3a,34,M,1,8.5266e-05,11728
ORF3a,36,P,11727,0.999915,11728
ORF3a,36,L,1,8.5266e-05,11728
ORF3a,43,F,11725,0.999829,11727
ORF3a,43,I,2,0.000170547,11727
ORF3a,49,G,11727,0.999915,11728
ORF3a,49,C,1,8.5266e-05,11728
ORF3a,52,L,11727,0.999915,11728
ORF3a,52,I,1,8.5266e-05,11728
ORF3a,54,A,11694,0.997356,11725
ORF3a,54,V,3,0.000255864,11725
ORF3a,54,S,26,0.00221748,11725
ORF3a,54,T,2,0.000170576,11725
ORF3a,56,F,11726,0.999829,11728
ORF3a,56,C,2,0.000170532,11728
ORF3a,57,Q,8951,0.763737,11720
ORF3a,57,H,2769,0.236263,11720
ORF3a,60,S,11726,0.999829,11728
ORF3a,60,F,2,0.000170532,11728
ORF3a,62,I,11727,0.999915,11728
ORF3a,62,V,1,8.5266e-05,11728
ORF3a,64,T,11728,1,11728
ORF3a,65,L,11728,1,11728
ORF3a,68,R,11727,1,11727
ORF3a,71,L,11728,1,11728
ORF3a,72,A,11716,0.999659,11720
ORF3a,72,S,3,0.000255973,11720
ORF3a,72,T,1,8.53242e-05,11720
ORF3a,73,L,11728,1,11728
ORF3a,74,S,11722,0.999574,11727
ORF3a,74,A,2,0.000170547,11727
ORF3a,74,F,2,0.000170547,11727
ORF3a,74,P,1,8.52733e-05,11727
ORF3a,76,G,11726,0.999915,11727
ORF3a,76,S,1,8.52733e-05,11727
ORF3a,78,H,11721,0.999488,11727
ORF3a,78,Y,5,0.000426367,11727
ORF3a,78,R,1,8.52733e-05,11727
ORF3a,84,L,11727,1,11727
ORF3a,85,L,11723,0.999659,11727
ORF3a,85,F,4,0.000341093,11727
ORF3a,86,L,11726,0.999915,11727
ORF3a,86,F,1,8.52733e-05,11727
ORF3a,88,V,11721,0.999403,11728
ORF3a,88,L,1,8.5266e-05,11728
ORF3a,88,A,6,0.000511596,11728
ORF3a,91,Y,11727,1,11727
ORF3a,93,H,11587,0.989496,11710
ORF3a,93,Q,1,8.53971e-05,11710
ORF3a,93,Y,122,0.0104184,11710
ORF3a,95,L,11719,0.999233,11728
ORF3a,95,S,2,0.000170532,11728
ORF3a,95,F,7,0.000596862,11728
ORF3a,96,L,11726,0.999829,11728
ORF3a,96,F,2,0.000170532,11728
ORF3a,99,A,11632,0.991899,11727
ORF3a,99,T,1,8.52733e-05,11727
ORF3a,99,D,2,0.000170547,11727
ORF3a,99,S,3,0.00025582,11727
ORF3a,99,V,88,0.00750405,11727
ORF3a,99,P,1,8.52733e-05,11727
ORF3a,100,G,11724,0.999659,11728
ORF3a,100,V,1,8.5266e-05,11728
ORF3a,100,C,3,0.000255798,11728
ORF3a,101,L,11727,0.999915,11728
ORF3a,101,F,1,8.5266e-05,11728
ORF3a,106,L,11724,0.999659,11728
ORF3a,106,F,4,0.000341064,11728
ORF3a,107,Y,11723,0.999659,11727
ORF3a,107,D,1,8.52733e-05,11727
ORF3a,107,H,3,0.00025582,11727
ORF3a,108,L,11726,0.999915,11727
ORF3a,108,F,1,8.52733e-05,11727
ORF3a,110,A,11724,0.999659,11728
ORF3a,110,P,1,8.5266e-05,11728
ORF3a,110,S,2,0.000170532,11728
ORF3a,110,V,1,8.5266e-05,11728
ORF3a,111,L,11727,0.999915,11728
ORF3a,111,S,1,8.5266e-05,11728
ORF3a,112,V,11728,1,11728
ORF3a,113,Y,11728,1,11728
ORF3a,123,I,11728,1,11728
ORF3a,124,I,11728,1,11728
ORF3a,125,M,11723,0.999659,11727
ORF3a,125,I,4,0.000341093,11727
ORF3a,126,R,11727,0.999915,11728
ORF3a,126,S,1,8.5266e-05,11728
ORF3a,129,L,11726,0.999829,11728
ORF3a,129,F,2,0.000170532,11728
ORF3a,130,C,11726,1,11726
ORF3a,131,W,11721,0.999403,11728
ORF3a,131,C,5,0.00042633,11728
ORF3a,131,L,2,0.000170532,11728
ORF3a,133,C,11728,1,11728
ORF3a,135,S,11728,1,11728
ORF3a,137,N,11728,1,11728
ORF3a,140,L,11720,0.999488,11726
ORF3a,140,F,3,0.000255842,11726
ORF3a,140,V,3,0.000255842,11726
ORF3a,141,Y,11728,1,11728
ORF3a,143,A,11727,1,11727
ORF3a,144,N,11722,0.999574,11727
ORF3a,144,D,5,0.000426367,11727
ORF3a,145,Y,11727,1,11727
ORF3a,147,L,11723,0.999659,11727
ORF3a,147,F,4,0.000341093,11727
ORF3a,148,C,11728,1,11728
ORF3a,169,I,11728,1,11728
ORF3a,171,S,11715,0.998892,11728
ORF3a,171,L,13,0.00110846,11728
ORF3a,175,T,11704,0.998379,11723
ORF3a,175,K,1,8.53024e-05,11723
ORF3a,175,I,18,0.00153544,11723
ORF3a,184,Y,11725,0.999915,11726
ORF3a,184,H,1,8.52806e-05,11726
ORF3a,185,Q,11707,0.998295,11727
ORF3a,185,H,20,0.00170547,11727
ORF3a,188,G,11728,1,11728
ORF3a,189,Y,11697,0.997357,11728
ORF3a,189,H,2,0.000170532,11728
ORF3a,189,C,29,0.00247271,11728
ORF3a,190,T,11727,1,11727
ORF3a,194,E,11728,1,11728
ORF3a,196,G,11580,0.987465,11727
ORF3a,196,V,147,0.0125352,11727
ORF3a,197,V,11726,0.999829,11728
ORF3a,197,I,2,0.000170532,11728
ORF3a,207,F,11728,1,11728
ORF3a,210,D,11728,1,11728
ORF3a,212,Y,11728,1,11728
ORF3a,215,Y,11728,1,11728
ORF3a,222,D,11727,0.999915,11728
ORF3a,222,N,1,8.5266e-05,11728
ORF3a,223,T,11726,0.999829,11728
ORF3a,223,I,2,0.000170532,11728
ORF3a,232,I,11728,1,11728
ORF3a,234,N,11728,1,11728
ORF3a,239,E,11722,0.999488,11728
ORF3a,239,V,1,8.5266e-05,11728
ORF3a,239,D,4,0.000341064,11728
ORF3a,239,G,1,8.5266e-05,11728
ORF3a,244,V,11727,1,11727
ORF3a,246,I,11727,0.999915,11728
ORF3a,246,H,1,8.5266e-05,11728
ORF3a,251,V,1386,0.118593,11687
ORF3a,251,G,10298,0.88115,11687
ORF3a,251,C,3,0.000256695,11687
ORF3a,253,S,11727,0.999915,11728
ORF3a,253,F,1,8.5266e-05,11728
ORF3a,254,G,11717,0.999062,11728
ORF3a,254,R,11,0.000937926,11728
ORF3a,258,P,11727,1,11727
ORF3a,265,D,11726,0.999829,11728
ORF3a,265,Y,2,0.000170532,11728
ORF3a,268,T,11726,0.999915,11727
ORF3a,268,M,1,8.52733e-05,11727
ORF3a,269,T,11725,0.999829,11727
ORF3a,269,M,2,0.000170547,11727
ORF3a,271,T,11725,0.999829,11727
ORF3a,271,I,2,0.000170547,11727
ORF3a,273,V,11725,0.999744,11728
ORF3a,273,L,3,0.000255798,11728
ORF6,2,F,11961,0.999916,11962
ORF6,2,L,1,8.35981e-05,11962
ORF6,4,L,11961,1,11961
ORF6,6,D,11961,0.999916,11962
ORF6,6,Y,1,8.35981e-05,11962
ORF6,7,F,11962,1,11962
ORF6,9,V,11961,0.999916,11962
ORF6,9,F,1,8.35981e-05,11962
ORF6,12,A,11959,0.999916,11960
ORF6,12,T,1,8.3612e-05,11960
ORF6,16,L,11961,1,11961
ORF6,20,R,11954,0.999415,11961
ORF6,20,S,7,0.000585235,11961
ORF6,25,S,11962,1,11962
ORF6,31,Y,11962,1,11962
ORF6,44,L,11962,1,11962
ORF6,48,K,11961,0.999916,11962
ORF6,48,I,1,8.35981e-05,11962
ORF6,49,Y,11961,0.999916,11962
ORF6,49,C,1,8.35981e-05,11962
ORF6,58,M,11960,0.999833,11962
ORF6,58,T,2,0.000167196,11962
ORF6,61,D,11955,0.999415,11962
ORF6,61,K,1,8.35981e-05,11962
ORF6,61,Y,3,0.000250794,11962
ORF6,61,L,3,0.000250794,11962
ORF7a,4,I,11275,1,11275
ORF7a,6,F,11274,1,11274
ORF7a,9,L,11272,0.999823,11274
ORF7a,9,P,2,0.000177399,11274
ORF7a,10,I,11270,0.999734,11273
ORF7a,10,V,1,8.87075e-05,11273
ORF7a,10,L,2,0.000177415,11273
ORF7a,11,T,11272,0.999823,11274
ORF7a,11,I,2,0.000177399,11274
ORF7a,18,Y,11274,1,11274
ORF7a,27,T,11274,1,11274
ORF7a,35,C,11275,1,11275
ORF7a,38,G,11269,0.999468,11275
ORF7a,38,R,1,8.86918e-05,11275
ORF7a,38,A,1,8.86918e-05,11275
ORF7a,38,V,4,0.000354767,11275
ORF7a,40,Y,11275,1,11275
ORF7a,43,N,11275,1,11275
ORF7a,44,S,11273,0.999911,11274
ORF7a,44,L,1,8.86997e-05,11274
ORF7a,47,H,11270,0.999557,11275
ORF7a,47,Y,5,0.000443459,11275
ORF7a,49,L,11275,1,11275
ORF7a,51,D,11275,1,11275
ORF7a,52,N,11275,1,11275
ORF7a,56,L,11275,1,11275
ORF7a,69,D,11275,1,11275
ORF7a,70,G,11274,0.999911,11275
ORF7a,70,C,1,8.86918e-05,11275
ORF7a,74,V,11269,0.999468,11275
ORF7a,74,F,6,0.000532151,11275
ORF7a,75,Y,11275,1,11275
ORF7a,79,A,11274,0.999911,11275
ORF7a,79,S,1,8.86918e-05,11275
ORF7a,86,L,11275,1,11275
ORF7a,87,F,11275,1,11275
ORF7a,92,E,11236,0.999911,11237
ORF7a,92,D,1,8.89917e-05,11237
ORF7a,96,L,11257,0.998404,11275
ORF7a,96,F,18,0.00159645,11275
ORF7a,97,Y,11274,0.999911,11275
ORF7a,97,H,1,8.86918e-05,11275
ORF7a,98,S,11274,0.999911,11275
ORF7a,98,F,1,8.86918e-05,11275
ORF7a,99,P,11270,0.999645,11274
ORF7a,99,S,4,0.000354799,11274
ORF7a,113,C,11274,1,11274
ORF7a,114,F,11274,1,11274
ORF7a,116,L,11273,0.999911,11274
ORF7a,116,P,1,8.86997e-05,11274
ORF8,2,K,11972,0.999916,11973
ORF8,2,D,1,8.35213e-05,11973
ORF8,5,V,11971,0.999749,11974
ORF8,5,S,1,8.35143e-05,11974
ORF8,5,F,2,0.000167029,11974
ORF8,6,F,11974,1,11974
ORF8,9,I,11969,0.999833,11971
ORF8,9,T,2,0.00016707,11971
ORF8,17,H,11972,0.999916,11973
ORF8,17,Y,1,8.35213e-05,11973
ORF8,24,S,11827,0.987806,11973
ORF8,24,L,146,0.0121941,11973
ORF8,30,P,11972,0.999916,11973
ORF8,30,S,1,8.35213e-05,11973
ORF8,31,Y,11971,0.999916,11972
ORF8,31,H,1,8.35282e-05,11972
ORF8,32,V,11971,0.999833,11973
ORF8,32,L,1,8.35213e-05,11973
ORF8,32,I,1,8.35213e-05,11973
ORF8,35,D,11972,0.999916,11973
ORF8,35,Y,1,8.35213e-05,11973
ORF8,36,P,11968,0.999582,11973
ORF8,36,S,3,0.000250564,11973
ORF8,36,L,2,0.000167043,11973
ORF8,42,Y,11973,1,11973
ORF8,44,K,11973,1,11973
ORF8,48,R,11971,0.999833,11973
ORF8,48,G,2,0.000167043,11973
ORF8,51,A,11961,0.998998,11973
ORF8,51,V,12,0.00100226,11973
ORF8,56,P,11972,0.999916,11973
ORF8,56,L,1,8.35213e-05,11973
ORF8,61,C,11973,1,11973
ORF8,62,V,11830,0.988304,11970
ORF8,62,L,138,0.0115288,11970
ORF8,62,A,2,0.000167084,11970
ORF8,65,A,11955,0.998663,11971
ORF8,65,S,9,0.000751817,11971
ORF8,65,V,5,0.000417676,11971
ORF8,65,G,2,0.00016707,11971
ORF8,67,S,11962,0.999582,11967
ORF8,67,F,5,0.000417816,11967
ORF8,72,Q,11969,0.999749,11972
ORF8,72,H,3,0.000250585,11972
ORF8,75,D,11970,0.999833,11972
ORF8,75,N,1,8.35282e-05,11972
ORF8,75,V,1,8.35282e-05,11972
ORF8,76,I,11972,0.999916,11973
ORF8,76,V,1,8.35213e-05,11973
ORF8,82,S,11973,1,11973
ORF8,84,S,1574,0.131495,11970
ORF8,84,L,10396,0.868505,11970
ORF8,85,P,11971,0.999833,11973
ORF8,85,S,2,0.000167043,11973
ORF8,86,F,11973,1,11973
ORF8,94,K,11973,1,11973
ORF8,95,L,11972,0.999916,11973
ORF8,95,F,1,8.35213e-05,11973
ORF8,102,C,11971,0.999833,11973
ORF8,102,F,2,0.000167043,11973
ORF8,103,S,11973,1,11973
ORF8,105,Y,11972,0.999916,11973
ORF8,105,N,1,8.35213e-05,11973
ORF8,120,F,11965,0.999332,11973
ORF8,120,L,6,0.000501128,11973
ORF8,120,V,2,0.000167043,11973
ORF8,121,I,11964,0.999499,11970
ORF8,121,S,3,0.000250627,11970
ORF8,121,L,3,0.000250627,11970
