coordinate,date,p
leader 87,2020-03-31,0.000946244
nsp2 212,2020-03-31,0.0465741
nsp3 153,2020-03-31,0.0410934
nsp3 1417,2020-03-31,0.0467731
nsp7 10,2020-03-31,0.0155491
nsp7 49,2020-03-31,0.00101038
helicase 204,2020-03-31,0.0291287
endornase 114,2020-03-31,0.000813084
endornase 217,2020-03-31,0.00182921
S 614,2020-03-31,0.0407039
M 209,2020-03-31,0.0415146
ORF3a 14,2020-03-31,0.0280135
ORF3a 76,2020-03-31,0.0368028
ORF3a 93,2020-03-31,0.0295497
ORF3a 184,2020-03-31,0.0256363
ORF3a 251,2020-03-31,0.0364976
ORF8 62,2020-03-31,0.00481084
ORF8 65,2020-03-31,0.00975301
ORF8 68,2020-03-31,0.0165395
ORF8 84,2020-03-31,0.0108135
ORF8 119,2020-03-31,0.013226
RdRp 323,2020-03-31,0.0170342
nsp2 212,2020-04-07,0.0474643
3C 90,2020-04-07,0.042066
3C 220,2020-04-07,0.0202523
nsp7 6,2020-04-07,0.00362777
nsp7 25,2020-04-07,0.00991654
S 614,2020-04-07,0.00174702
S 936,2020-04-07,0.0251014
S 939,2020-04-07,0.0489058
M 175,2020-04-07,0.048294
M 209,2020-04-07,0.00470978
N 13,2020-04-07,0.00579499
N 24,2020-04-07,0.0376119
N 208,2020-04-07,0.0291542
ORF3a 144,2020-04-07,0.0401066
ORF8 65,2020-04-07,0.0112399
RdRp 323,2020-04-07,0.039085
nsp2 85,2020-04-15,0.0131596
nsp3 58,2020-04-15,0.0348912
nsp4 112,2020-04-15,0.0285736
nsp4 397,2020-04-15,0.0304867
nsp4 492,2020-04-15,0.0391674
3C 157,2020-04-15,0.0265089
nsp6 37,2020-04-15,0.0360958
nsp7 6,2020-04-15,0.0469052
endornase 19,2020-04-15,0.0302076
endornase 122,2020-04-15,0.0388231
S 614,2020-04-15,2.07203e-05
M 209,2020-04-15,0.036
N 34,2020-04-15,0.0136305
ORF3a 99,2020-04-15,0.00913372
ORF8 65,2020-04-15,0.0486291
ORF8 84,2020-04-15,0.0326635
ORF8 121,2020-04-15,0.000221343
RdRp 323,2020-04-15,0.0211222
leader 86,2020-04-22,0.00111906
nsp2 85,2020-04-22,0.0128916
nsp3 58,2020-04-22,0.0459926
nsp3 282,2020-04-22,0.000674416
nsp4 112,2020-04-22,0.0324865
nsp4 397,2020-04-22,0.0381556
nsp4 492,2020-04-22,0.0484425
3C 157,2020-04-22,0.0241411
nsp6 37,2020-04-22,0.0335068
nsp7 6,2020-04-22,0.0378034
helicase 78,2020-04-22,0.0435881
S 614,2020-04-22,8.84166e-05
E 22,2020-04-22,0.00947212
E 68,2020-04-22,0.016694
N 13,2020-04-22,0.0253808
N 34,2020-04-22,0.0322254
ORF3a 99,2020-04-22,0.0114885
ORF8 121,2020-04-22,0.000169549
RdRp 323,2020-04-22,0.00103002
methyltransferase 216,2020-04-22,0.00394291
leader 86,2020-04-29,0.00281451
leader 83,2020-04-29,0.0497843
nsp2 85,2020-04-29,0.000217709
nsp3 58,2020-04-29,0.0435532
nsp3 282,2020-04-29,0.000583163
nsp3 1198,2020-04-29,0.0356696
nsp4 111,2020-04-29,0.00040436
nsp4 397,2020-04-29,0.0437896
3C 157,2020-04-29,0.0236912
nsp6 37,2020-04-29,0.0301527
nsp6 188,2020-04-29,0.0445126
nsp7 6,2020-04-29,0.0165225
helicase 78,2020-04-29,0.0437362
S 614,2020-04-29,0.000211244
N 13,2020-04-29,0.0274885
N 34,2020-04-29,0.0346864
ORF8 121,2020-04-29,0.000158792
RdRp 323,2020-04-29,0.000201592
methyltransferase 216,2020-04-29,0.00341395
methyltransferase 298,2020-04-29,0.00746428
leader 86,2020-05-06,0.00102826
leader 83,2020-05-06,0.0475117
nsp2 85,2020-05-06,0.000152338
nsp2 212,2020-05-06,0.0375229
nsp3 58,2020-05-06,0.049332
nsp3 282,2020-05-06,0.00101364
nsp3 1198,2020-05-06,0.0217856
nsp3 1216,2020-05-06,0.0497088
nsp3 1768,2020-05-06,0.0268027
nsp4 111,2020-05-06,0.000300415
nsp4 309,2020-05-06,0.0267009
nsp4 397,2020-05-06,0.0469965
nsp6 37,2020-05-06,0.0139904
helicase 78,2020-05-06,0.0418026
helicase 206,2020-05-06,0.0193881
helicase 504,2020-05-06,0.0485455
exonuclease 119,2020-05-06,0.0411497
S 614,2020-05-06,2.26136e-05
N 13,2020-05-06,0.002105
N 34,2020-05-06,0.0399787
N 208,2020-05-06,0.0112301
RdRp 323,2020-05-06,5.67996e-07
methyltransferase 216,2020-05-06,0.0384409
leader 86,2020-05-13,0.00181215
nsp2 19,2020-05-13,0.0431191
nsp2 85,2020-05-13,0.00485279
nsp2 339,2020-05-13,0.0311218
nsp2 360,2020-05-13,0.0441394
nsp2 361,2020-05-13,0.0442685
nsp3 58,2020-05-13,0.0442078
nsp3 218,2020-05-13,0.0226252
nsp3 282,2020-05-13,0.0360146
nsp3 1198,2020-05-13,0.0359577
nsp4 111,2020-05-13,0.000141254
nsp4 397,2020-05-13,0.00609686
nsp4 492,2020-05-13,0.0101954
nsp4 112,2020-05-13,0.0225936
3C 220,2020-05-13,0.0479907
helicase 206,2020-05-13,0.0342924
helicase 338,2020-05-13,0.035963
helicase 504,2020-05-13,0.0315511
exonuclease 119,2020-05-13,0.0495696
S 614,2020-05-13,3.04995e-10
S 144,2020-05-13,0.0158664
N 3,2020-05-13,1.00491e-06
N 13,2020-05-13,0.00207851
N 20,2020-05-13,0.0314529
N 144,2020-05-13,0.0248576
N 202,2020-05-13,0.000211868
N 203,2020-05-13,0.000404879
N 208,2020-05-13,0.0288583
ORF3a 99,2020-05-13,0.036316
ORF3a 240,2020-05-13,0.0276045
RdRp 323,2020-05-13,8.99022e-08
RdRp 449,2020-05-13,0.0249316
methyltransferase 216,2020-05-13,0.0357425
leader 83,2020-05-20,0.0446657
leader 86,2020-05-20,0.000776618
nsp2 19,2020-05-20,0.0481309
nsp2 85,2020-05-20,1.38356e-05
nsp2 262,2020-05-20,0.0350726
nsp2 339,2020-05-20,0.035187
nsp2 360,2020-05-20,0.0475988
nsp2 361,2020-05-20,0.0476732
nsp3 76,2020-05-20,0.0148746
nsp3 218,2020-05-20,0.015569
nsp3 282,2020-05-20,0.00146152
nsp3 340,2020-05-20,0.0497801
nsp3 1006,2020-05-20,0.0363999
nsp3 1198,2020-05-20,0.0236703
nsp3 1216,2020-05-20,0.0495701
nsp3 1326,2020-05-20,0.0497367
nsp4 111,2020-05-20,0.00032052
nsp4 327,2020-05-20,0.0403234
nsp4 397,2020-05-20,0.0064663
3C 50,2020-05-20,0.0230238
helicase 206,2020-05-20,0.035677
helicase 297,2020-05-20,0.0148647
helicase 504,2020-05-20,0.0379137
exonuclease 119,2020-05-20,0.0406813
endornase 26,2020-05-20,0.0425153
endornase 147,2020-05-20,0.0402516
endornase 261,2020-05-20,0.0340082
S 614,2020-05-20,2.57996e-10
S 144,2020-05-20,0.0222534
E 22,2020-05-20,0.0110095
E 73,2020-05-20,0.0119544
E 58,2020-05-20,0.0421084
N 3,2020-05-20,2.51835e-07
N 13,2020-05-20,0.000115616
N 20,2020-05-20,0.0168175
N 22,2020-05-20,0.0121922
N 34,2020-05-20,0.0354092
N 119,2020-05-20,0.0161635
N 144,2020-05-20,0.0122852
N 168,2020-05-20,0.0166187
N 185,2020-05-20,0.00354883
N 199,2020-05-20,0.0167653
N 202,2020-05-20,0.00122766
N 208,2020-05-20,0.0158534
N 209,2020-05-20,0.0345139
N 300,2020-05-20,0.0404866
N 377,2020-05-20,0.0419234
N 397,2020-05-20,0.0161671
ORF3a 57,2020-05-20,0.0172307
ORF3a 240,2020-05-20,0.0248687
ORF3a 251,2020-05-20,0.0409965
ORF3a 15,2020-05-20,0.000407556
ORF3a 16,2020-05-20,0.00124873
ORF7a 58,2020-05-20,0.0420999
ORF8 121,2020-05-20,0.0027302
RdRp 323,2020-05-20,5.9547e-08
RdRp 449,2020-05-20,0.0126298
methyltransferase 216,2020-05-20,0.0392764
leader 83,2020-05-27,0.00686015
leader 86,2020-05-27,0.00172662
nsp2 19,2020-05-27,0.0483905
nsp2 27,2020-05-27,0.0491546
nsp2 85,2020-05-27,2.97585e-06
nsp2 262,2020-05-27,0.0352326
nsp2 339,2020-05-27,0.0353647
nsp2 360,2020-05-27,0.0482447
nsp2 361,2020-05-27,0.0483015
nsp3 30,2020-05-27,0.04232
nsp3 76,2020-05-27,0.0157094
nsp3 218,2020-05-27,0.0167594
nsp3 282,2020-05-27,0.00165101
nsp3 1006,2020-05-27,0.0389234
nsp3 1198,2020-05-27,0.0262388
nsp4 111,2020-05-27,0.000347989
nsp4 327,2020-05-27,0.0449041
nsp4 397,2020-05-27,0.00717683
3C 50,2020-05-27,0.0305704
helicase 140,2020-05-27,0.0427413
helicase 206,2020-05-27,0.0400318
helicase 297,2020-05-27,0.0164199
helicase 364,2020-05-27,0.0487132
helicase 504,2020-05-27,0.0431259
exonuclease 43,2020-05-27,0.0428519
exonuclease 119,2020-05-27,0.0371347
endornase 26,2020-05-27,0.0387771
endornase 147,2020-05-27,0.0342039
endornase 261,2020-05-27,0.0287844
S 614,2020-05-27,1.02281e-10
S 144,2020-05-27,0.0189551
N 3,2020-05-27,1.73571e-07
N 13,2020-05-27,0.000129231
N 20,2020-05-27,0.0176632
N 22,2020-05-27,0.012991
N 119,2020-05-27,0.0171486
N 144,2020-05-27,0.0130867
N 168,2020-05-27,0.0175885
N 180,2020-05-27,0.0466604
N 185,2020-05-27,0.00387167
N 199,2020-05-27,0.0177503
N 202,2020-05-27,0.00440187
N 203,2020-05-27,0.0225001
N 204,2020-05-27,0.0365463
N 208,2020-05-27,0.0167263
N 232,2020-05-27,0.000197304
N 238,2020-05-27,0.021844
N 300,2020-05-27,0.0420636
N 377,2020-05-27,0.013043
ORF3a 57,2020-05-27,0.0113809
ORF3a 240,2020-05-27,0.0277534
ORF3a 251,2020-05-27,0.0459121
ORF3a 15,2020-05-27,0.000416449
ORF3a 16,2020-05-27,0.00111618
ORF7a 60,2020-05-27,0.00208487
ORF8 8,2020-05-27,0.000682207
ORF8 84,2020-05-27,0.0405725
ORF8 121,2020-05-27,0.0299337
ORF8 65,2020-05-27,0.0316893
RdRp 323,2020-05-27,2.00565e-06
RdRp 449,2020-05-27,0.0117103
leader 86,2020-06-04,0.00615997
nsp2 27,2020-06-04,0.0170919
nsp2 85,2020-06-04,6.87293e-06
nsp2 212,2020-06-04,0.00376852
nsp2 262,2020-06-04,0.0370266
nsp3 76,2020-06-04,0.0218213
nsp3 218,2020-06-04,0.0265512
nsp3 1198,2020-06-04,0.0237481
nsp4 111,2020-06-04,0.000453509
nsp4 327,2020-06-04,0.0465437
nsp4 397,2020-06-04,0.00806469
3C 50,2020-06-04,0.0291686
nsp10 12,2020-06-04,0.0499213
helicase 91,2020-06-04,0.045733
helicase 140,2020-06-04,0.0493729
helicase 206,2020-06-04,0.0457694
helicase 208,2020-06-04,0.049375
helicase 241,2020-06-04,0.0260987
helicase 297,2020-06-04,0.0195226
helicase 392,2020-06-04,0.01729
exonuclease 119,2020-06-04,0.040854
exonuclease 220,2020-06-04,0.0164069
exonuclease 222,2020-06-04,0.0100106
endornase 26,2020-06-04,0.0486854
endornase 261,2020-06-04,0.038169
S 5,2020-06-04,0.0301018
S 614,2020-06-04,1.74256e-09
S 144,2020-06-04,0.015736
S 943,2020-06-04,0.000101563
E 5,2020-06-04,0.0482196
E 17,2020-06-04,0.0425801
E 22,2020-06-04,0.00853937
E 24,2020-06-04,0.0146076
E 30,2020-06-04,0.00671007
E 37,2020-06-04,0.0057132
E 62,2020-06-04,0.0481728
E 68,2020-06-04,0.0122595
E 72,2020-06-04,0.0275377
E 73,2020-06-04,0.00859796
N 13,2020-06-04,0.0106503
N 20,2020-06-04,0.0399965
N 185,2020-06-04,0.0421032
N 202,2020-06-04,0.0160538
N 208,2020-06-04,0.0370325
N 326,2020-06-04,0.0374187
N 377,2020-06-04,0.0354676
N 3,2020-06-04,3.9003e-07
ORF3a 240,2020-06-04,0.0364727
ORF3a 16,2020-06-04,0.000978392
ORF7a 58,2020-06-04,0.0485105
ORF8 8,2020-06-04,0.000478883
ORF8 52,2020-06-04,0.0205796
ORF8 62,2020-06-04,0.00346648
ORF8 65,2020-06-04,0.0165472
ORF8 69,2020-06-04,0.0174923
ORF8 73,2020-06-04,0.0450571
ORF8 84,2020-06-04,0.0119145
ORF8 101,2020-06-04,0.0315298
ORF8 106,2020-06-04,0.0278044
ORF8 121,2020-06-04,0.00955308
ORF8 10,2020-06-04,0.00566969
RdRp 323,2020-06-04,7.61198e-11
RdRp 449,2020-06-04,0.0109689
methyltransferase 216,2020-06-04,0.0461405
leader 86,2020-06-25,0.019524
nsp2 2,2020-06-25,0.0309387
nsp2 27,2020-06-25,0.0301873
nsp2 85,2020-06-25,0.00184628
nsp2 212,2020-06-25,0.00834618
nsp3 76,2020-06-25,0.0261633
nsp3 218,2020-06-25,0.000165218
nsp3 428,2020-06-25,0.0251601
nsp3 1103,2020-06-25,0.0322609
nsp3 1198,2020-06-25,0.0438019
nsp3 1693,2020-06-25,0.0484806
nsp3 1,2020-06-25,0.0114361
nsp3 5,2020-06-25,6.5121e-05
nsp3 7,2020-06-25,0.00326275
nsp3 14,2020-06-25,0.000511707
nsp3 205,2020-06-25,9.45918e-05
nsp3 276,2020-06-25,0.000243799
nsp4 111,2020-06-25,0.000224332
nsp4 397,2020-06-25,0.0118901
nsp4 37,2020-06-25,0.0109225
3C 50,2020-06-25,0.0459077
3C 90,2020-06-25,0.0399209
helicase 74,2020-06-25,0.0331367
helicase 241,2020-06-25,0.0270973
helicase 250,2020-06-25,0.0470741
helicase 297,2020-06-25,0.0208468
helicase 504,2020-06-25,0.032584
helicase 7,2020-06-25,0.000244926
exonuclease 481,2020-06-25,4.77967e-05
exonuclease 420,2020-06-25,0.0191675
exonuclease 433,2020-06-25,0.0412421
exonuclease 503,2020-06-25,0.00303823
endornase 261,2020-06-25,0.0225743
S 614,2020-06-25,1.59126e-05
S 675,2020-06-25,0.0249459
S 845,2020-06-25,0.0398235
S 936,2020-06-25,0.0428255
S 141,2020-06-25,9.00694e-06
S 943,2020-06-25,6.3944e-05
M 204,2020-06-25,0.0014984
M 205,2020-06-25,0.0100889
N 151,2020-06-25,0.0463786
N 185,2020-06-25,0.0171983
N 202,2020-06-25,0.0118635
N 247,2020-06-25,0.0321698
N 326,2020-06-25,0.0142331
N 377,2020-06-25,0.0229407
N 3,2020-06-25,3.89576e-07
N 208,2020-06-25,7.15345e-05
ORF3a 97,2020-06-25,0.0140627
ORF3a 110,2020-06-25,0.0329729
ORF3a 223,2020-06-25,0.0482634
ORF6 23,2020-06-25,0.0430823
ORF6 48,2020-06-25,0.0190765
ORF7a 47,2020-06-25,0.037708
ORF7a 48,2020-06-25,0.0280634
ORF7a 55,2020-06-25,0.0269642
ORF7a 58,2020-06-25,0.0291786
ORF7a 62,2020-06-25,0.0088913
ORF7a 76,2020-06-25,0.0272955
ORF8 69,2020-06-25,0.0368425
ORF8 84,2020-06-25,0.0287256
ORF8 8,2020-06-25,0.0203385
ORF8 10,2020-06-25,0.0120738
RdRp 97,2020-06-25,0.0346339
RdRp 323,2020-06-25,0.000218942
RdRp 449,2020-06-25,0.0142868
RdRp 367,2020-06-25,0.000407422
methyltransferase 216,2020-06-25,0.0179548
leader 82,2020-06-30,0.0158605
nsp2 2,2020-06-30,0.0352641
nsp2 85,2020-06-30,0.000123067
nsp2 212,2020-06-30,0.00967842
nsp3 76,2020-06-30,0.0214412
nsp3 218,2020-06-30,8.84699e-05
nsp3 340,2020-06-30,0.0397119
nsp3 428,2020-06-30,0.0220655
nsp3 1198,2020-06-30,0.0250253
nsp3 1,2020-06-30,0.0112746
nsp3 5,2020-06-30,4.71684e-05
nsp3 7,2020-06-30,0.00305705
nsp3 14,2020-06-30,0.000463966
nsp3 205,2020-06-30,0.000148546
nsp3 276,2020-06-30,0.000707362
nsp4 111,2020-06-30,0.000200838
nsp4 37,2020-06-30,0.0125064
3C 50,2020-06-30,0.0459045
3C 90,2020-06-30,0.0392517
helicase 74,2020-06-30,0.0301466
helicase 241,2020-06-30,0.0259918
helicase 250,2020-06-30,0.0453644
helicase 297,2020-06-30,0.00405048
helicase 504,2020-06-30,0.0303106
helicase 599,2020-06-30,0.0137709
helicase 7,2020-06-30,0.000222779
exonuclease 481,2020-06-30,5.24317e-05
exonuclease 419,2020-06-30,0.0132456
exonuclease 420,2020-06-30,0.0167719
exonuclease 433,2020-06-30,0.0165782
exonuclease 503,2020-06-30,0.00317289
endornase 261,2020-06-30,0.0227497
S 614,2020-06-30,1.15695e-05
S 675,2020-06-30,0.0259408
S 845,2020-06-30,0.0379093
S 936,2020-06-30,0.0379915
S 1027,2020-06-30,0.0481817
S 943,2020-06-30,5.06857e-05
M 204,2020-06-30,0.00107663
M 205,2020-06-30,0.0105248
N 13,2020-06-30,0.0185795
N 18,2020-06-30,0.0156335
N 20,2020-06-30,0.0456853
N 151,2020-06-30,0.0409649
N 185,2020-06-30,0.0147249
N 202,2020-06-30,0.0102963
N 247,2020-06-30,0.0285616
N 326,2020-06-30,0.0118423
N 377,2020-06-30,0.0204489
N 3,2020-06-30,3.08014e-07
N 211,2020-06-30,0.00446521
N 418,2020-06-30,0.014184
ORF3a 57,2020-06-30,0.00736826
ORF3a 97,2020-06-30,0.0209964
ORF3a 104,2020-06-30,0.0388469
ORF3a 110,2020-06-30,0.0461601
ORF3a 134,2020-06-30,0.049021
ORF3a 155,2020-06-30,0.0301945
ORF3a 240,2020-06-30,0.0388465
ORF6 48,2020-06-30,0.0202018
ORF7a 47,2020-06-30,0.040932
ORF7a 48,2020-06-30,0.026989
ORF7a 61,2020-06-30,0.000148307
ORF8 66,2020-06-30,0.0355006
ORF8 69,2020-06-30,0.0346335
ORF8 70,2020-06-30,0.0246307
ORF8 84,2020-06-30,0.00778794
ORF8 7,2020-06-30,3.41203e-06
ORF8 8,2020-06-30,0.0186608
ORF8 10,2020-06-30,0.0148305
ORF8 65,2020-06-30,0.0210464
RdRp 97,2020-06-30,0.0369372
RdRp 323,2020-06-30,0.000286557
RdRp 449,2020-06-30,0.0155617
RdRp 367,2020-06-30,0.000450091
methyltransferase 216,2020-06-30,0.0202417
leader 86,2020-07-09,1.27618e-08
leader 122,2020-07-09,0.0247422
nsp2 2,2020-07-09,0.0114487
nsp2 85,2020-07-09,0.000499174
nsp2 212,2020-07-09,0.0129367
nsp2 548,2020-07-09,0.0437966
nsp3 218,2020-07-09,0.000155324
nsp3 282,2020-07-09,0.0470095
nsp3 340,2020-07-09,0.0426113
nsp3 428,2020-07-09,0.00553672
nsp3 1077,2020-07-09,0.0483446
nsp3 1103,2020-07-09,0.0320894
nsp3 1,2020-07-09,0.00486546
nsp3 5,2020-07-09,7.55013e-06
nsp3 7,2020-07-09,0.00380048
nsp3 16,2020-07-09,0.0184867
nsp3 205,2020-07-09,8.55319e-05
nsp3 276,2020-07-09,0.000404105
nsp3 277,2020-07-09,3.08923e-05
nsp4 111,2020-07-09,0.000183165
nsp4 77,2020-07-09,0.000789921
nsp4 79,2020-07-09,0.000451636
nsp8 188,2020-07-09,0.00483871
nsp8 190,2020-07-09,0.000200735
helicase 74,2020-07-09,0.0345851
helicase 241,2020-07-09,0.0280006
helicase 250,2020-07-09,0.0476922
helicase 392,2020-07-09,0.0229029
helicase 504,2020-07-09,0.0152486
helicase 599,2020-07-09,0.047747
exonuclease 419,2020-07-09,0.00211527
exonuclease 481,2020-07-09,0.0014046
exonuclease 433,2020-07-09,0.0394674
exonuclease 482,2020-07-09,0.00142038
exonuclease 503,2020-07-09,0.00379733
endornase 261,2020-07-09,0.0493084
S 5,2020-07-09,0.00588701
S 29,2020-07-09,0.0469213
S 98,2020-07-09,0.0336921
S 141,2020-07-09,0.000900309
S 614,2020-07-09,6.09296e-07
S 675,2020-07-09,0.0251064
S 845,2020-07-09,0.0365372
S 936,2020-07-09,0.0375359
S 1027,2020-07-09,0.0468982
S 943,2020-07-09,0.000517475
M 205,2020-07-09,0.00766772
N 13,2020-07-09,0.0437345
N 18,2020-07-09,0.0155059
N 20,2020-07-09,0.0452811
N 76,2020-07-09,0.0316282
N 151,2020-07-09,0.0405457
N 185,2020-07-09,0.0046045
N 202,2020-07-09,0.00469086
N 207,2020-07-09,0.00394329
N 208,2020-07-09,0.000169023
N 238,2020-07-09,0.0181207
N 247,2020-07-09,0.0281244
N 326,2020-07-09,0.0116685
N 377,2020-07-09,0.0452259
N 399,2020-07-09,0.0453361
N 3,2020-07-09,2.4831e-07
N 211,2020-07-09,0.00178885
N 316,2020-07-09,0.027346
N 403,2020-07-09,0.00931788
N 418,2020-07-09,0.0146219
ORF3a 57,2020-07-09,0.0471602
ORF3a 97,2020-07-09,0.0235458
ORF3a 104,2020-07-09,0.0413341
ORF3a 155,2020-07-09,0.0357747
ORF3a 240,2020-07-09,0.0413162
ORF6 22,2020-07-09,0.0292001
ORF6 48,2020-07-09,0.0197725
ORF7a 48,2020-07-09,0.0266444
ORF7a 58,2020-07-09,0.0137979
ORF7a 77,2020-07-09,0.0316991
ORF8 65,2020-07-09,0.00954454
ORF8 66,2020-07-09,0.0322811
ORF8 69,2020-07-09,0.031928
ORF8 70,2020-07-09,0.022686
ORF8 84,2020-07-09,0.00658255
ORF8 91,2020-07-09,0.0485551
ORF8 7,2020-07-09,2.42866e-06
ORF8 8,2020-07-09,0.0184043
ORF8 10,2020-07-09,0.0135524
RdRp 97,2020-07-09,0.036223
RdRp 323,2020-07-09,0.000578431
RdRp 449,2020-07-09,0.0151674
RdRp 367,2020-07-09,0.000407341
methyltransferase 213,2020-07-09,0.0157432
leader 86,2020-07-27,0.000126382
leader 143,2020-07-27,0.00786333
nsp2 2,2020-07-27,0.012874
nsp2 85,2020-07-27,9.0912e-05
nsp2 548,2020-07-27,0.0440731
nsp3 95,2020-07-27,0.0459142
nsp3 218,2020-07-27,0.000166048
nsp3 282,2020-07-27,0.0476174
nsp3 340,2020-07-27,0.0443178
nsp3 428,2020-07-27,0.00138197
nsp3 1693,2020-07-27,0.0488074
nsp3 1,2020-07-27,0.00474894
nsp3 5,2020-07-27,5.24698e-06
nsp3 7,2020-07-27,0.00920204
nsp3 16,2020-07-27,0.0169992
nsp3 276,2020-07-27,0.00215662
nsp4 111,2020-07-27,0.000322973
nsp4 77,2020-07-27,0.00326186
nsp4 79,2020-07-27,0.000512088
nsp6 37,2020-07-27,0.0323664
nsp7 25,2020-07-27,0.049883
nsp8 188,2020-07-27,0.00951411
nsp8 190,2020-07-27,0.000370101
helicase 74,2020-07-27,0.044248
helicase 241,2020-07-27,0.0326918
helicase 297,2020-07-27,0.0454621
helicase 504,2020-07-27,0.0206932
exonuclease 419,2020-07-27,0.00268681
exonuclease 433,2020-07-27,0.0496489
exonuclease 481,2020-07-27,0.00204715
exonuclease 482,2020-07-27,0.00179502
exonuclease 503,2020-07-27,0.00365555
S 5,2020-07-27,0.00305712
S 141,2020-07-27,1.52975e-05
S 614,2020-07-27,5.32688e-08
S 769,2020-07-27,0.0284422
S 846,2020-07-27,0.0355794
S 936,2020-07-27,0.00144976
S 143,2020-07-27,0.00401328
S 943,2020-07-27,0.000254707
E 55,2020-07-27,0.0422457
M 205,2020-07-27,0.00567667
N 13,2020-07-27,0.0444799
N 18,2020-07-27,0.0157924
N 76,2020-07-27,0.0313675
N 151,2020-07-27,0.0406908
N 152,2020-07-27,0.0429696
N 185,2020-07-27,0.040659
N 202,2020-07-27,0.00463491
N 207,2020-07-27,0.00347273
N 208,2020-07-27,0.0121888
N 215,2020-07-27,0.0497024
N 238,2020-07-27,0.0184996
N 247,2020-07-27,0.0278905
N 326,2020-07-27,0.0406956
N 377,2020-07-27,0.0449242
N 399,2020-07-27,0.045066
N 3,2020-07-27,1.95821e-07
N 211,2020-07-27,7.99826e-05
N 316,2020-07-27,0.0253449
N 403,2020-07-27,0.00766064
N 418,2020-07-27,0.00984529
ORF3a 12,2020-07-27,2.59127e-05
ORF3a 57,2020-07-27,0.0327066
ORF3a 97,2020-07-27,0.0221326
ORF3a 99,2020-07-27,0.0475234
ORF3a 104,2020-07-27,0.040932
ORF3a 110,2020-07-27,0.0485021
ORF3a 155,2020-07-27,0.0349918
ORF3a 224,2020-07-27,0.0292955
ORF3a 240,2020-07-27,0.0409251
ORF3a 11,2020-07-27,0.0108056
ORF6 48,2020-07-27,0.01367
ORF7a 78,2020-07-27,0.0291439
ORF7a 100,2020-07-27,0.0262175
ORF7a 104,2020-07-27,0.017432
ORF7a 48,2020-07-27,0.00509629
ORF7a 55,2020-07-27,0.00784993
ORF7a 57,2020-07-27,0.0495785
ORF7a 76,2020-07-27,0.0367043
ORF7a 77,2020-07-27,0.0165076
ORF7a 99,2020-07-27,0.0222832
ORF7a 120,2020-07-27,0.0108934
ORF8 4,2020-07-27,0.0475622
ORF8 62,2020-07-27,0.00868611
ORF8 63,2020-07-27,0.0425324
ORF8 65,2020-07-27,0.00725373
ORF8 66,2020-07-27,0.0390239
ORF8 70,2020-07-27,0.029606
ORF8 77,2020-07-27,0.0379583
ORF8 84,2020-07-27,0.0104738
ORF8 8,2020-07-27,0.0219731
ORF8 10,2020-07-27,0.0209882
ORF8 118,2020-07-27,0.000186889
RdRp 97,2020-07-27,0.0342013
RdRp 323,2020-07-27,0.00025195
RdRp 449,2020-07-27,0.0140742
RdRp 922,2020-07-27,0.0473065
RdRp 367,2020-07-27,0.000333116
methyltransferase 1,2020-07-27,2.85773e-05
leader 117,2020-08-03,0.0435875
leader 21,2020-08-03,0.00594453
leader 86,2020-08-03,0.0122474
leader 143,2020-08-03,0.00258102
nsp2 2,2020-08-03,0.0111951
nsp2 19,2020-08-03,0.0381849
nsp2 85,2020-08-03,6.64056e-06
nsp2 548,2020-08-03,0.0396125
nsp3 74,2020-08-03,0.0325228
nsp3 76,2020-08-03,0.024652
nsp3 95,2020-08-03,0.0459196
nsp3 171,2020-08-03,0.0472437
nsp3 218,2020-08-03,0.000165779
nsp3 282,2020-08-03,0.0472164
nsp3 340,2020-08-03,0.044624
nsp3 428,2020-08-03,0.00140294
nsp3 1077,2020-08-03,0.0487843
nsp3 1693,2020-08-03,0.0487969
nsp3 1,2020-08-03,0.00503255
nsp3 5,2020-08-03,5.61608e-06
nsp3 7,2020-08-03,0.00858197
nsp3 16,2020-08-03,0.0211181
nsp3 276,2020-08-03,0.00201823
nsp4 77,2020-08-03,0.000865613
nsp4 79,2020-08-03,0.000440147
nsp4 111,2020-08-03,0.00143256
nsp6 37,2020-08-03,0.0352875
nsp8 188,2020-08-03,0.00748535
nsp8 190,2020-08-03,0.000283731
helicase 74,2020-08-03,0.0395997
helicase 241,2020-08-03,0.0306395
helicase 297,2020-08-03,0.0425503
helicase 504,2020-08-03,0.0179988
helicase 505,2020-08-03,0.0238032
exonuclease 481,2020-08-03,3.08743e-05
exonuclease 420,2020-08-03,0.00981409
exonuclease 433,2020-08-03,0.0387576
exonuclease 503,2020-08-03,0.00163514
endornase 19,2020-08-03,0.0377564
endornase 346,2020-08-03,0.00458625
S 5,2020-08-03,0.00913181
S 141,2020-08-03,4.82428e-06
S 614,2020-08-03,7.93953e-08
S 622,2020-08-03,0.0337173
S 769,2020-08-03,0.0272835
S 846,2020-08-03,0.0348302
S 936,2020-08-03,0.00135026
S 943,2020-08-03,0.000256084
S 1068,2020-08-03,0.000212463
E 24,2020-08-03,0.0019851
E 39,2020-08-03,0.00841669
E 41,2020-08-03,0.000693347
E 51,2020-08-03,0.0480264
E 54,2020-08-03,0.0346031
E 68,2020-08-03,0.0251117
E 73,2020-08-03,0.0269969
E 5,2020-08-03,0.0196544
E 55,2020-08-03,0.0152217
M 173,2020-08-03,0.000530363
M 205,2020-08-03,0.0071676
N 18,2020-08-03,0.00636372
N 76,2020-08-03,0.03766
N 151,2020-08-03,0.0480133
N 152,2020-08-03,0.0496318
N 202,2020-08-03,0.00644147
N 208,2020-08-03,0.0168168
N 238,2020-08-03,0.02177
N 247,2020-08-03,0.0337218
N 265,2020-08-03,0.0338202
N 326,2020-08-03,0.0480518
N 377,2020-08-03,0.0255056
N 399,2020-08-03,0.0255861
N 3,2020-08-03,2.03173e-07
N 207,2020-08-03,0.00473026
N 316,2020-08-03,0.0259688
N 403,2020-08-03,0.00899447
N 418,2020-08-03,0.0197225
ORF3a 12,2020-08-03,2.61128e-05
ORF3a 57,2020-08-03,0.0155937
ORF3a 97,2020-08-03,0.0220513
ORF3a 104,2020-08-03,0.0407884
ORF3a 110,2020-08-03,0.0484184
ORF3a 144,2020-08-03,0.0407663
ORF3a 224,2020-08-03,0.0293013
ORF3a 11,2020-08-03,0.0166544
ORF6 48,2020-08-03,0.0161912
ORF6 60,2020-08-03,0.0066262
ORF7a 12,2020-08-03,0.034165
ORF7a 48,2020-08-03,0.021744
ORF8 4,2020-08-03,0.0474345
ORF8 62,2020-08-03,0.00259053
ORF8 84,2020-08-03,0.00952522
ORF8 121,2020-08-03,0.0437235
ORF8 8,2020-08-03,0.0234842
ORF8 10,2020-08-03,0.0165569
ORF8 118,2020-08-03,0.000253584
RdRp 109,2020-08-03,0.0226082
RdRp 261,2020-08-03,2.57928e-06
RdRp 323,2020-08-03,2.62403e-05
RdRp 449,2020-08-03,0.0140851
RdRp 922,2020-08-03,0.0479037
RdRp 367,2020-08-03,0.000336664
methyltransferase 1,2020-08-03,4.3677e-05
leader 7,2020-08-10,0.0424999
leader 21,2020-08-10,0.00113606
leader 117,2020-08-10,0.0316542
leader 143,2020-08-10,0.000780111
leader 86,2020-08-10,0.011586
nsp2 2,2020-08-10,0.00829007
nsp2 19,2020-08-10,0.0328064
nsp2 85,2020-08-10,7.00647e-06
nsp2 548,2020-08-10,0.0306758
nsp3 30,2020-08-10,0.0256124
nsp3 74,2020-08-10,0.0430763
nsp3 76,2020-08-10,0.0197694
nsp3 95,2020-08-10,0.0411402
nsp3 171,2020-08-10,0.0383346
nsp3 218,2020-08-10,0.00044294
nsp3 282,2020-08-10,0.0383418
nsp3 340,2020-08-10,0.0209799
nsp3 350,2020-08-10,0.0474767
nsp3 428,2020-08-10,0.0010041
nsp3 779,2020-08-10,0.0217275
nsp3 994,2020-08-10,0.0126431
nsp3 1077,2020-08-10,0.0442023
nsp3 1693,2020-08-10,0.0442215
nsp3 1,2020-08-10,0.00412885
nsp3 5,2020-08-10,3.27252e-06
nsp3 7,2020-08-10,0.00510161
nsp3 13,2020-08-10,0.0463454
nsp3 16,2020-08-10,0.00816963
nsp3 206,2020-08-10,8.14115e-05
nsp3 207,2020-08-10,0.00507023
nsp3 276,2020-08-10,0.00713176
nsp3 277,2020-08-10,2.3834e-05
nsp4 77,2020-08-10,0.000762142
nsp4 79,2020-08-10,0.00060937
nsp4 111,2020-08-10,0.00129564
nsp6 37,2020-08-10,0.0453439
nsp7 25,2020-08-10,0.0441908
nsp8 188,2020-08-10,0.00802118
nsp8 190,2020-08-10,0.000261992
helicase 74,2020-08-10,0.0413361
helicase 241,2020-08-10,0.0323501
helicase 280,2020-08-10,0.0263905
helicase 297,2020-08-10,0.0466441
helicase 504,2020-08-10,0.0214253
helicase 505,2020-08-10,0.0266841
exonuclease 481,2020-08-10,1.67355e-05
exonuclease 80,2020-08-10,0.0211642
exonuclease 83,2020-08-10,0.0397
exonuclease 420,2020-08-10,0.00832892
exonuclease 433,2020-08-10,0.0347846
exonuclease 503,2020-08-10,0.00133705
endornase 261,2020-08-10,0.0135212
endornase 124,2020-08-10,0.00423256
S 5,2020-08-10,0.00460048
S 614,2020-08-10,1.63553e-08
S 622,2020-08-10,0.0305416
S 769,2020-08-10,0.0423099
S 812,2020-08-10,0.0366214
S 846,2020-08-10,0.0330027
S 936,2020-08-10,0.00163308
S 673,2020-08-10,0.00382795
S 943,2020-08-10,0.000241274
S 1068,2020-08-10,0.000217984
M 99,2020-08-10,0.0177902
M 173,2020-08-10,0.000455275
M 205,2020-08-10,0.0093864
N 9,2020-08-10,0.0478873
N 13,2020-08-10,0.0203937
N 18,2020-08-10,0.00539343
N 76,2020-08-10,0.0329547
N 151,2020-08-10,0.0424873
N 185,2020-08-10,0.0431582
N 202,2020-08-10,0.00515981
N 207,2020-08-10,0.00324622
N 208,2020-08-10,0.0133041
N 211,2020-08-10,0.000244955
N 215,2020-08-10,0.0165468
N 220,2020-08-10,0.0446834
N 238,2020-08-10,0.0192045
N 247,2020-08-10,0.0072123
N 265,2020-08-10,0.0296173
N 326,2020-08-10,0.0125087
N 377,2020-08-10,0.00999599
N 399,2020-08-10,0.0218065
N 3,2020-08-10,1.77027e-06
N 403,2020-08-10,0.00573529
N 418,2020-08-10,0.0168586
ORF3a 97,2020-08-10,0.0312962
ORF3a 110,2020-08-10,0.0316936
ORF3a 155,2020-08-10,0.0471535
ORF6 23,2020-08-10,0.00938645
ORF6 60,2020-08-10,0.0102847
ORF7a 12,2020-08-10,0.0421146
ORF7a 48,2020-08-10,0.020986
ORF7a 62,2020-08-10,0.0114492
ORF7a 78,2020-08-10,0.0355835
ORF7a 79,2020-08-10,0.0178454
ORF7a 99,2020-08-10,0.0339493
ORF8 7,2020-08-10,0.000907342
ORF8 10,2020-08-10,0.041654
ORF8 118,2020-08-10,0.00191776
RdRp 109,2020-08-10,0.0242602
RdRp 261,2020-08-10,2.29455e-06
RdRp 323,2020-08-10,8.40981e-06
RdRp 449,2020-08-10,0.01569
RdRp 522,2020-08-10,0.0498269
RdRp 922,2020-08-10,0.0498813
RdRp 18,2020-08-10,8.66279e-08
RdRp 367,2020-08-10,0.000322737
methyltransferase 1,2020-08-10,4.90602e-05
leader 7,2020-09-01,0.0250347
leader 21,2020-09-01,0.00087897
leader 86,2020-09-01,0.044453
leader 117,2020-09-01,0.0263779
leader 83,2020-09-01,0.00724727
leader 143,2020-09-01,0.000796693
nsp2 2,2020-09-01,0.0385382
nsp2 52,2020-09-01,0.0330707
nsp2 85,2020-09-01,3.32474e-06
nsp2 218,2020-09-01,0.0134883
nsp2 438,2020-09-01,0.0238525
nsp2 548,2020-09-01,0.0116286
nsp3 30,2020-09-01,0.0283709
nsp3 74,2020-09-01,0.0205024
nsp3 76,2020-09-01,0.0216571
nsp3 95,2020-09-01,0.0440114
nsp3 171,2020-09-01,0.0413011
nsp3 218,2020-09-01,0.00201768
nsp3 340,2020-09-01,0.0214566
nsp3 350,2020-09-01,0.0222942
nsp3 428,2020-09-01,0.0018419
nsp3 477,2020-09-01,0.047542
nsp3 994,2020-09-01,0.0134046
nsp3 1022,2020-09-01,0.0483759
nsp3 1077,2020-09-01,0.0471041
nsp3 1216,2020-09-01,0.0305106
nsp3 1348,2020-09-01,0.022268
nsp3 1456,2020-09-01,0.0483813
nsp3 1539,2020-09-01,0.0468796
nsp3 1,2020-09-01,0.010268
nsp3 5,2020-09-01,2.91793e-06
nsp3 7,2020-09-01,0.00229374
nsp3 13,2020-09-01,0.0434055
nsp3 16,2020-09-01,0.005416
nsp3 206,2020-09-01,8.6105e-05
nsp3 276,2020-09-01,0.00472489
nsp3 1519,2020-09-01,0.000318976
nsp4 79,2020-09-01,0.00048766
nsp4 111,2020-09-01,0.00133085
nsp6 37,2020-09-01,0.026797
nsp6 105,2020-09-01,0.00828773
nsp8 188,2020-09-01,0.00923559
nsp8 190,2020-09-01,0.000347836
nsp10 134,2020-09-01,0.0493686
helicase 74,2020-09-01,0.0436029
helicase 78,2020-09-01,0.0401191
helicase 241,2020-09-01,0.0301503
helicase 280,2020-09-01,0.0265177
helicase 297,2020-09-01,0.0470724
helicase 504,2020-09-01,0.0182576
exonuclease 481,2020-09-01,1.85207e-05
exonuclease 80,2020-09-01,0.0174364
exonuclease 83,2020-09-01,0.0350164
exonuclease 419,2020-09-01,0.0136933
exonuclease 420,2020-09-01,5.63593e-05
exonuclease 433,2020-09-01,0.0251058
exonuclease 503,2020-09-01,0.000568048
endornase 19,2020-09-01,0.0174264
endornase 39,2020-09-01,0.0456529
endornase 206,2020-09-01,0.020766
S 5,2020-09-01,5.61694e-05
S 29,2020-09-01,0.0348842
S 222,2020-09-01,0.03107
S 572,2020-09-01,0.0404781
S 614,2020-09-01,1.54429e-08
S 622,2020-09-01,0.0144356
S 688,2020-09-01,0.0155845
S 706,2020-09-01,0.031051
S 769,2020-09-01,0.0416052
S 791,2020-09-01,0.0443782
S 812,2020-09-01,0.0373018
S 846,2020-09-01,0.0310406
S 936,2020-09-01,0.00164167
S 673,2020-09-01,0.00157987
S 943,2020-09-01,0.000195512
S 1068,2020-09-01,0.00012452
E 39,2020-09-01,0.0302969
E 43,2020-09-01,0.0130108
E 75,2020-09-01,0.0153295
E 40,2020-09-01,0.0061697
E 42,2020-09-01,0.0303573
E 44,2020-09-01,0.0298951
E 45,2020-09-01,0.0171458
M 99,2020-09-01,0.0381956
M 173,2020-09-01,0.000894756
M 205,2020-09-01,0.00587682
N 9,2020-09-01,0.0447925
N 11,2020-09-01,0.0289368
N 13,2020-09-01,0.00626314
N 18,2020-09-01,0.00133666
N 24,2020-09-01,0.0460326
N 25,2020-09-01,0.00168612
N 55,2020-09-01,0.0403309
N 67,2020-09-01,0.0388697
N 76,2020-09-01,0.029043
N 151,2020-09-01,0.0109431
N 185,2020-09-01,0.0132471
N 202,2020-09-01,0.00378873
N 205,2020-09-01,0.0322392
N 207,2020-09-01,1.88533e-05
N 208,2020-09-01,0.00348009
N 265,2020-09-01,0.0262394
N 326,2020-09-01,0.00311524
N 377,2020-09-01,0.0034207
N 391,2020-09-01,0.0264178
N 399,2020-09-01,0.00779796
N 414,2020-09-01,0.0415738
N 3,2020-09-01,9.7773e-07
N 206,2020-09-01,3.49656e-05
N 403,2020-09-01,0.00453708
N 418,2020-09-01,0.0187059
ORF3a 57,2020-09-01,0.0451318
ORF3a 97,2020-09-01,0.0207865
ORF3a 104,2020-09-01,0.0170003
ORF3a 155,2020-09-01,0.035039
ORF3a 224,2020-09-01,0.0136624
ORF6 60,2020-09-01,0.00992247
ORF7a 78,2020-09-01,0.0152972
ORF7a 12,2020-09-01,0.0331274
ORF7a 61,2020-09-01,0.0126527
ORF7a 97,2020-09-01,0.0142915
ORF8 10,2020-09-01,0.0356787
ORF8 118,2020-09-01,0.00187489
RdRp 109,2020-09-01,0.0252463
RdRp 261,2020-09-01,2.03956e-06
RdRp 323,2020-09-01,3.35845e-06
RdRp 449,2020-09-01,0.0157004
RdRp 806,2020-09-01,0.0291979
RdRp 367,2020-09-01,0.000305673
RdRp 378,2020-09-01,0.0123873
methyltransferase 1,2020-09-01,0.000352161
leader 7,2020-09-08,0.0247528
leader 21,2020-09-08,0.000837059
leader 86,2020-09-08,0.0438486
leader 117,2020-09-08,0.0260464
leader 143,2020-09-08,0.000461853
leader 83,2020-09-08,0.00656873
nsp2 2,2020-09-08,0.0379339
nsp2 52,2020-09-08,0.0329406
nsp2 85,2020-09-08,0.000143032
nsp2 218,2020-09-08,0.0134136
nsp2 265,2020-09-08,0.0227557
nsp2 438,2020-09-08,0.0232614
nsp2 548,2020-09-08,0.0110902
nsp3 30,2020-09-08,0.0226408
nsp3 74,2020-09-08,0.0149166
nsp3 76,2020-09-08,0.0183139
nsp3 95,2020-09-08,0.0365141
nsp3 171,2020-09-08,0.0341636
nsp3 218,2020-09-08,0.0012568
nsp3 282,2020-09-08,0.00583786
nsp3 295,2020-09-08,0.0376224
nsp3 340,2020-09-08,0.00418664
nsp3 350,2020-09-08,0.00750506
nsp3 428,2020-09-08,0.000970317
nsp3 480,2020-09-08,0.0471861
nsp3 779,2020-09-08,0.0398363
nsp3 822,2020-09-08,0.0437123
nsp3 994,2020-09-08,0.004587
nsp3 1022,2020-09-08,0.0172407
nsp3 1077,2020-09-08,0.0391742
nsp3 1216,2020-09-08,0.024871
nsp3 1301,2020-09-08,0.0169388
nsp3 1341,2020-09-08,0.0129585
nsp3 1348,2020-09-08,0.0172376
nsp3 1539,2020-09-08,0.0382021
nsp3 1775,2020-09-08,0.0471702
nsp3 1,2020-09-08,0.0126041
nsp3 5,2020-09-08,5.04699e-06
nsp3 7,2020-09-08,0.00257649
nsp3 13,2020-09-08,0.0468001
nsp3 16,2020-09-08,0.00666004
nsp3 206,2020-09-08,5.95112e-05
nsp3 276,2020-09-08,0.00407944
nsp3 1519,2020-09-08,0.000278902
nsp4 79,2020-09-08,0.000330088
nsp4 111,2020-09-08,0.00113537
nsp6 37,2020-09-08,0.0261784
nsp8 27,2020-09-08,0.046498
nsp8 188,2020-09-08,0.00683697
nsp8 190,2020-09-08,0.000213728
helicase 74,2020-09-08,0.0414603
helicase 78,2020-09-08,0.0379725
helicase 241,2020-09-08,0.0291414
helicase 280,2020-09-08,0.0253772
helicase 297,2020-09-08,0.0443477
helicase 466,2020-09-08,0.0310765
helicase 504,2020-09-08,0.0170905
exonuclease 481,2020-09-08,1.62697e-05
exonuclease 80,2020-09-08,0.0167043
exonuclease 83,2020-09-08,0.0352048
exonuclease 420,2020-09-08,0.0061461
exonuclease 433,2020-09-08,0.0277935
exonuclease 503,2020-09-08,0.000407875
endornase 19,2020-09-08,0.0190204
endornase 39,2020-09-08,0.0488678
endornase 206,2020-09-08,0.0218577
S 5,2020-09-08,1.50457e-05
S 141,2020-09-08,0.000329982
S 222,2020-09-08,0.0154123
S 253,2020-09-08,0.0377529
S 614,2020-09-08,8.48251e-09
S 622,2020-09-08,0.00777246
S 688,2020-09-08,0.0154031
S 706,2020-09-08,0.0307541
S 769,2020-09-08,0.0409976
S 791,2020-09-08,0.0452952
S 846,2020-09-08,0.0307405
S 936,2020-09-08,0.00171743
S 943,2020-09-08,0.00017259
S 1068,2020-09-08,0.00013357
E 5,2020-09-08,0.00726387
E 24,2020-09-08,0.011706
E 39,2020-09-08,0.0194644
E 40,2020-09-08,0.00482034
E 41,2020-09-08,0.0176547
E 43,2020-09-08,0.00963744
E 44,2020-09-08,0.0220424
E 61,2020-09-08,0.0307778
E 75,2020-09-08,0.0122991
E 30,2020-09-08,0.037848
E 42,2020-09-08,0.0179076
E 45,2020-09-08,0.0115928
M 99,2020-09-08,0.0195983
M 173,2020-09-08,0.000496577
M 205,2020-09-08,0.00710817
N 9,2020-09-08,0.0472699
N 11,2020-09-08,0.0364058
N 13,2020-09-08,0.00728407
N 18,2020-09-08,0.00151088
N 25,2020-09-08,0.019365
N 55,2020-09-08,0.0425306
N 67,2020-09-08,0.0410592
N 76,2020-09-08,0.0307693
N 151,2020-09-08,0.0118817
N 185,2020-09-08,0.014886
N 202,2020-09-08,0.00430306
N 205,2020-09-08,0.013537
N 206,2020-09-08,2.20435e-05
N 207,2020-09-08,4.81598e-05
N 208,2020-09-08,0.00136144
N 215,2020-09-08,0.0412153
N 265,2020-09-08,0.0279708
N 326,2020-09-08,0.00347378
N 377,2020-09-08,0.00174257
N 399,2020-09-08,0.00866328
N 3,2020-09-08,8.08758e-07
N 403,2020-09-08,0.00401526
N 418,2020-09-08,0.0159138
ORF3a 97,2020-09-08,0.0326013
ORF3a 155,2020-09-08,0.0499309
ORF6 22,2020-09-08,0.0188679
ORF7a 12,2020-09-08,0.0427424
ORF7a 48,2020-09-08,0.0136231
ORF7a 55,2020-09-08,0.039252
ORF7a 97,2020-09-08,0.0304231
ORF7a 100,2020-09-08,0.0347987
ORF8 84,2020-09-08,0.0468217
ORF8 8,2020-09-08,0.0429397
ORF8 10,2020-09-08,0.0261665
ORF8 118,2020-09-08,0.0013774
RdRp 109,2020-09-08,0.0253196
RdRp 261,2020-09-08,3.85347e-06
RdRp 323,2020-09-08,7.30626e-07
RdRp 449,2020-09-08,0.015661
RdRp 671,2020-09-08,0.0323219
RdRp 367,2020-09-08,0.000291776
RdRp 378,2020-09-08,0.0122159
methyltransferase 1,2020-09-08,0.000405554
leader 7,2020-10-12,0.0300524
leader 17,2020-10-12,0.040173
leader 21,2020-10-12,0.00554119
leader 62,2020-10-12,0.0293457
leader 86,2020-10-12,0.00469269
leader 117,2020-10-12,0.0341519
leader 153,2020-10-12,0.0294479
leader 83,2020-10-12,0.000856017
leader 84,2020-10-12,0.000183606
leader 142,2020-10-12,0.000895626
nsp2 2,2020-10-12,0.0489857
nsp2 4,2020-10-12,0.042502
nsp2 19,2020-10-12,0.0268036
nsp2 24,2020-10-12,0.0316315
nsp2 27,2020-10-12,0.032157
nsp2 52,2020-10-12,0.00928023
nsp2 85,2020-10-12,4.19522e-08
nsp2 120,2020-10-12,0.0434889
nsp2 129,2020-10-12,0.00748988
nsp2 147,2020-10-12,0.0380602
nsp2 199,2020-10-12,0.0388313
nsp2 208,2020-10-12,0.0379418
nsp2 212,2020-10-12,0.00636882
nsp2 218,2020-10-12,0.0013028
nsp2 265,2020-10-12,0.0159924
nsp2 285,2020-10-12,0.0140393
nsp2 327,2020-10-12,0.0459353
nsp2 339,2020-10-12,0.00528115
nsp2 359,2020-10-12,0.0348584
nsp2 360,2020-10-12,0.0333105
nsp2 370,2020-10-12,0.0476623
nsp2 381,2020-10-12,0.00235937
nsp2 411,2020-10-12,0.0333481
nsp2 423,2020-10-12,0.0459502
nsp2 434,2020-10-12,0.00891537
nsp2 438,2020-10-12,0.0254948
nsp2 462,2020-10-12,0.0315742
nsp2 481,2020-10-12,0.0140551
nsp2 548,2020-10-12,0.00144611
nsp2 618,2020-10-12,0.0406984
nsp2 624,2020-10-12,0.0370927
nsp3 51,2020-10-12,0.0414611
nsp3 350,2020-10-12,0.0205836
nsp3 352,2020-10-12,0.0267304
nsp3 428,2020-10-12,0.000906356
nsp3 749,2020-10-12,0.0457174
nsp3 1022,2020-10-12,0.0455864
nsp3 1197,2020-10-12,0.0117147
nsp3 1440,2020-10-12,0.0102979
nsp3 1785,2020-10-12,0.0436364
nsp3 50,2020-10-12,0.00613802
nsp4 79,2020-10-12,0.000439458
3C 144,2020-10-12,0.00891912
3C 145,2020-10-12,0.00285877
nsp6 37,2020-10-12,0.028381
nsp6 1,2020-10-12,0.000666431
nsp8 188,2020-10-12,0.00689728
nsp8 190,2020-10-12,0.000193607
nsp10 27,2020-10-12,0.0294037
helicase 18,2020-10-12,0.024886
helicase 57,2020-10-12,0.0301313
helicase 280,2020-10-12,0.0319339
helicase 365,2020-10-12,0.0405592
helicase 392,2020-10-12,0.0282099
helicase 466,2020-10-12,0.0401496
helicase 481,2020-10-12,0.0467111
helicase 504,2020-10-12,0.0129705
exonuclease 74,2020-10-12,0.00539533
exonuclease 137,2020-10-12,0.043889
exonuclease 248,2020-10-12,0.0227366
exonuclease 419,2020-10-12,1.13196e-06
exonuclease 420,2020-10-12,0.000704495
exonuclease 481,2020-10-12,4.57914e-06
exonuclease 1,2020-10-12,3.04824e-06
exonuclease 80,2020-10-12,0.0104206
exonuclease 83,2020-10-12,0.0235218
exonuclease 362,2020-10-12,0.000364306
exonuclease 435,2020-10-12,6.64284e-05
exonuclease 503,2020-10-12,9.19533e-05
exonuclease 504,2020-10-12,0.0201052
endornase 19,2020-10-12,0.0263326
endornase 129,2020-10-12,0.0348247
endornase 171,2020-10-12,0.0186817
endornase 206,2020-10-12,0.0108572
endornase 261,2020-10-12,0.034525
endornase 314,2020-10-12,0.0400374
S 5,2020-10-12,3.77619e-06
S 18,2020-10-12,0.0465163
S 98,2020-10-12,0.0156434
S 142,2020-10-12,0.0169568
S 222,2020-10-12,0.00121858
S 261,2020-10-12,0.0458548
S 477,2020-10-12,0.0172348
S 614,2020-10-12,3.22014e-10
S 622,2020-10-12,0.00378711
S 688,2020-10-12,0.0234318
S 706,2020-10-12,0.03084
S 769,2020-10-12,0.0460928
S 846,2020-10-12,0.0154514
S 936,2020-10-12,0.0269976
S 939,2020-10-12,0.0310839
S 1068,2020-10-12,9.91002e-05
S 325,2020-10-12,1.65989e-06
S 505,2020-10-12,0.00233193
S 943,2020-10-12,4.08131e-05
M 6,2020-10-12,0.0490398
M 8,2020-10-12,0.00782448
M 64,2020-10-12,0.0450903
M 175,2020-10-12,0.0110457
M 173,2020-10-12,0.000113836
M 205,2020-10-12,7.52214e-05
N 13,2020-10-12,0.00108609
N 18,2020-10-12,0.00087174
N 25,2020-10-12,0.0147588
N 67,2020-10-12,0.00486428
N 76,2020-10-12,0.0386849
N 80,2020-10-12,0.0409829
N 151,2020-10-12,0.00155428
N 185,2020-10-12,0.0222524
N 193,2020-10-12,0.0230539
N 202,2020-10-12,0.0019428
N 205,2020-10-12,0.00297669
N 206,2020-10-12,7.54061e-06
N 207,2020-10-12,1.55627e-06
N 208,2020-10-12,0.0440127
N 211,2020-10-12,0.000150849
N 212,2020-10-12,0.0110535
N 215,2020-10-12,0.024929
N 220,2020-10-12,0.000639268
N 265,2020-10-12,0.0330594
N 325,2020-10-12,0.0274541
N 326,2020-10-12,0.00484251
N 377,2020-10-12,0.000439698
N 391,2020-10-12,0.0212812
N 3,2020-10-12,1.57513e-06
N 398,2020-10-12,0.0101356
N 403,2020-10-12,0.00612766
N 414,2020-10-12,0.000272498
N 418,2020-10-12,0.0103233
ORF3a 12,2020-10-12,8.26005e-06
ORF3a 90,2020-10-12,0.0320144
ORF3a 155,2020-10-12,0.0464123
ORF3a 223,2020-10-12,0.0151827
ORF3a 11,2020-10-12,0.00793303
ORF7a 48,2020-10-12,0.0228523
ORF7a 63,2020-10-12,0.00282972
ORF7a 100,2020-10-12,0.00119574
ORF8 118,2020-10-12,0.000807833
RdRp 25,2020-10-12,0.00030338
RdRp 109,2020-10-12,0.0289553
RdRp 261,2020-10-12,0.000249946
RdRp 299,2020-10-12,0.0365635
RdRp 323,2020-10-12,2.02148e-06
RdRp 449,2020-10-12,0.0195261
RdRp 451,2020-10-12,0.029258
RdRp 671,2020-10-12,0.0381016
RdRp 7,2020-10-12,0.0351047
RdRp 10,2020-10-12,0.000625735
RdRp 14,2020-10-12,0.00203914
RdRp 15,2020-10-12,0.00987816
RdRp 19,2020-10-12,0.000959975
RdRp 351,2020-10-12,0.0133778
RdRp 378,2020-10-12,0.0201566
methyltransferase 183,2020-10-12,0.00293536
methyltransferase 216,2020-10-12,0.0160405
RdRp 25,2020-11-18,0.00208637
RdRp 185,2020-11-18,0.0380478
RdRp 246,2020-11-18,0.0298181
RdRp 323,2020-11-18,0.0380371
RdRp 379,2020-11-18,0.016789
RdRp 720,2020-11-18,0.031795
RdRp 803,2020-11-18,0.0282543
RdRp 823,2020-11-18,0.03033
RdRp 15,2020-11-18,0.0114394
RdRp 18,2020-11-18,0.00237446
RdRp 261,2020-11-18,0.00105684
RdRp 378,2020-11-18,0.00998263
leader 24,2020-12-11,0.0148333
leader 147,2020-12-11,0.0341093
nsp2 2,2020-12-11,0.0176621
nsp2 23,2020-12-11,0.0333182
nsp2 27,2020-12-11,0.0190559
nsp2 85,2020-12-11,0
nsp2 87,2020-12-11,0.0249528
nsp2 112,2020-12-11,0.0479961
nsp2 120,2020-12-11,0.0027316
nsp2 133,2020-12-11,0.0466246
nsp2 144,2020-12-11,0.028202
nsp2 165,2020-12-11,0.00807559
nsp2 181,2020-12-11,0.0297317
nsp2 200,2020-12-11,0.0390329
nsp2 212,2020-12-11,0.000246869
nsp2 218,2020-12-11,0.00648569
nsp2 220,2020-12-11,0.023329
nsp2 237,2020-12-11,0.00975151
nsp2 248,2020-12-11,0.00874364
nsp2 262,2020-12-11,0.00513137
nsp2 263,2020-12-11,0.0342456
nsp2 265,2020-12-11,0.00516662
nsp2 269,2020-12-11,0.0466698
nsp2 306,2020-12-11,0.0197545
nsp2 339,2020-12-11,1.32134e-05
nsp2 361,2020-12-11,0.0197825
nsp2 381,2020-12-11,0.000140091
nsp2 410,2020-12-11,0.00207627
nsp2 411,2020-12-11,0.023214
nsp2 434,2020-12-11,0.0183218
nsp2 501,2020-12-11,0.0352243
nsp2 548,2020-12-11,0.00810421
nsp2 591,2020-12-11,0.0376122
nsp4 204,2020-12-11,0.0282677
nsp4 111,2020-12-11,0.00492203
nsp4 112,2020-12-11,0.0499116
nsp4 426,2020-12-11,0.0426447
3C 132,2020-12-11,0.0162944
3C 90,2020-12-11,0.0423729
3C 144,2020-12-11,0.00228351
3C 145,2020-12-11,0.00081023
3C 157,2020-12-11,0.0260632
nsp6 11,2020-12-11,0.0260637
nsp6 37,2020-12-11,0.0174381
nsp6 230,2020-12-11,0.0082331
nsp7 33,2020-12-11,0.00437778
nsp8 180,2020-12-11,0.0180727
nsp10 27,2020-12-11,0.0372414
helicase 78,2020-12-11,0.0152004
helicase 80,2020-12-11,0.0441689
helicase 124,2020-12-11,0.0483563
helicase 204,2020-12-11,0.0132621
helicase 253,2020-12-11,0.00406469
helicase 290,2020-12-11,0.0338333
helicase 297,2020-12-11,0.0179634
helicase 415,2020-12-11,0.0244353
helicase 503,2020-12-11,0.0483967
helicase 504,2020-12-11,0.0199751
helicase 505,2020-12-11,0.0109284
helicase 51,2020-12-11,0.0206441
exonuclease 24,2020-12-11,0.0398912
exonuclease 44,2020-12-11,0.0149253
exonuclease 74,2020-12-11,0.0377396
exonuclease 375,2020-12-11,0.00731967
exonuclease 496,2020-12-11,0.0319501
endornase 114,2020-12-11,0.00129856
endornase 171,2020-12-11,0.024446
endornase 205,2020-12-11,8.80494e-05
endornase 235,2020-12-11,0.0130621
endornase 270,2020-12-11,0.0186946
S 5,2020-12-11,1.24178e-08
S 12,2020-12-11,0.0067772
S 18,2020-12-11,0.00014679
S 20,2020-12-11,0.0241625
S 22,2020-12-11,0.00127995
S 26,2020-12-11,0.0063569
S 28,2020-12-11,0.0269861
S 73,2020-12-11,0.0241288
S 75,2020-12-11,0.0192629
S 76,2020-12-11,0.0246034
S 80,2020-12-11,0.00272296
S 95,2020-12-11,0.000510895
S 98,2020-12-11,0.000404483
S 142,2020-12-11,0.0433737
S 145,2020-12-11,0.0269755
S 146,2020-12-11,0.000456925
S 176,2020-12-11,0.0147099
S 215,2020-12-11,0.00135736
S 222,2020-12-11,3.24706e-06
S 240,2020-12-11,0.00914244
S 244,2020-12-11,0.0440791
S 245,2020-12-11,0.0346812
S 255,2020-12-11,0.0279768
S 261,2020-12-11,0.00386027
S 262,2020-12-11,0.0219776
S 367,2020-12-11,0.0136455
S 439,2020-12-11,2.31008e-06
S 477,2020-12-11,0.000107758
S 484,2020-12-11,0.00376231
S 501,2020-12-11,0.000579024
S 572,2020-12-11,0.000482311
S 573,2020-12-11,0.0246753
S 614,2020-12-11,5.19601e-08
S 640,2020-12-11,0.0279576
S 655,2020-12-11,0.00249076
S 681,2020-12-11,0.000364396
S 688,2020-12-11,0.00466428
S 732,2020-12-11,0.0408421
S 785,2020-12-11,0.0449992
S 822,2020-12-11,0.0294957
S 834,2020-12-11,0.00712043
S 845,2020-12-11,0.00466117
S 846,2020-12-11,0.00215775
S 859,2020-12-11,0.00914685
S 879,2020-12-11,0.0246836
S 892,2020-12-11,0.0218381
S 936,2020-12-11,1.71113e-07
S 939,2020-12-11,0.000198218
S 1020,2020-12-11,0.0021615
S 1068,2020-12-11,1.65336e-06
S 1073,2020-12-11,0.04326
S 1078,2020-12-11,0.0244585
S 1118,2020-12-11,0.0222511
S 1124,2020-12-11,0.00861601
S 1167,2020-12-11,0.0433679
S 1176,2020-12-11,0.00545587
S 1219,2020-12-11,0.00176026
S 1252,2020-12-11,0.00644338
S 1260,2020-12-11,0.0230725
S 324,2020-12-11,0.0028801
S 325,2020-12-11,7.5823e-08
S 1264,2020-12-11,0.0145262
ORF8 84,2020-12-11,0.0396825
RdRp 25,2020-12-11,0.00274727
RdRp 95,2020-12-11,0.0485287
RdRp 97,2020-12-11,0.0485154
RdRp 185,2020-12-11,0.0484742
RdRp 246,2020-12-11,0.033055
RdRp 248,2020-12-11,0.0330433
RdRp 323,2020-12-11,0.00427366
RdRp 379,2020-12-11,0.00451596
RdRp 382,2020-12-11,0.0484249
RdRp 423,2020-12-11,0.0484988
RdRp 647,2020-12-11,0.0256391
RdRp 667,2020-12-11,0.0437917
RdRp 720,2020-12-11,0.0364029
RdRp 801,2020-12-11,0.0315259
RdRp 803,2020-12-11,0.0127958
RdRp 823,2020-12-11,0.0148746
RdRp 15,2020-12-11,0.00701476
RdRp 18,2020-12-11,0.000195403
RdRp 261,2020-12-11,0.000916828
methyltransferase 183,2020-12-11,0.0239057
methyltransferase 213,2020-12-11,0.00255577
methyltransferase 216,2020-12-11,0.00039798
methyltransferase 298,2020-12-11,0.0343021
